"vehicle_id","year","make","model","description","body_style","drivetrain","mileage.value","mileage.unit","URL","title","price","state_of_vehicle","exterior_color","address.addr1","address.city","address.region","address.country","latitude","longitude","sale_price","image[0].url","fuel_type","transmission","custom_label_0"
"29856","2019","Dodge","Challenger","2019 Dodge Challenger HELLCAT WIDEBODY AUTO 6.2L V8 (717hp) SUPERCHARGED COUPE","Coupe","","34900","KM","https://www.4guys.co.nz/vehicle-details?id=2517017","2019 Dodge Challenger HELLCAT WIDEBODY AUTO 6.2L V8 (717hp) SUPERCHARGED COUPE","164800 NZD","USED","Pitch Black","20 Arthur Porter Drive<br/>","Hamilton","Waikato","New Zealand","-37.753925","175.229511","","https://data.autoplay.co.nz/image.ashx?id=66667469&w=500&h=375&l=true","Petrol","Automatic","$80k+"
"30040","2019","Holden","Colorado","2019 Holden Colorado LTZ 4WD D/CAB (NZ NEW) AUTO 2.8L TURBO DIESEL","Other","4WD","60201","KM","https://www.4guys.co.nz/vehicle-details?id=2575786","2019 Holden Colorado LTZ 4WD D/CAB (NZ NEW) AUTO 2.8L TURBO DIESEL","39800 NZD","USED","Grey","20 Arthur Porter Drive<br/>","Hamilton","Waikato","New Zealand","-37.753925","175.229511","","https://data.autoplay.co.nz/image.ashx?id=91325230&w=500&h=375&l=true","Diesel","Automatic","$20k-$40k"
"30264","2020","Chevrolet","Silverado","2020 Chevrolet Silverado 2500HD LTZ 4WD Z71 AUTO 6.6L TURBO DIESEL CREWCAB","Other","4WD","52437","KM","https://www.4guys.co.nz/vehicle-details?id=2675889","2020 Chevrolet Silverado 2500HD LTZ 4WD Z71 AUTO 6.6L TURBO DIESEL CREWCAB","124800 NZD","USED","White","20 Arthur Porter Drive<br/>","Hamilton","Waikato","New Zealand","-37.753925","175.229511","","https://data.autoplay.co.nz/image.ashx?id=96957478&w=500&h=375&l=true","Diesel","Automatic","$80k+"
"31133","2016","Chevrolet","Camaro","2016 Chevrolet Camaro 2SS (2016 FACELIFT) 6SPD MANUAL 6.2L V8 (455hp) RS COUPE","Coupe","","46540","KM","https://www.4guys.co.nz/vehicle-details?id=2963073","2016 Chevrolet Camaro 2SS (2016 FACELIFT) 6SPD MANUAL 6.2L V8 (455hp) RS COUPE","79800 NZD","USED","Black","20 Arthur Porter Drive<br/>","Hamilton","Waikato","New Zealand","-37.753925","175.229511","74800 NZD","https://data.autoplay.co.nz/image.ashx?id=72563921&w=500&h=375&l=true","Petrol","Manual","$40k-$80k"
"31362","2020","Mazda","CX-5","2020 Mazda CX-5 25T L PACKAGE 4WD AUTO 2.5L TURBO 5 DOOR","SUV","4WD","37550","KM","https://www.4guys.co.nz/vehicle-details?id=3046456","2020 Mazda CX-5 25T L PACKAGE 4WD AUTO 2.5L TURBO 5 DOOR","34800 NZD","USED","White","20 Arthur Porter Drive<br/>","Hamilton","Waikato","New Zealand","-37.753925","175.229511","","https://data.autoplay.co.nz/image.ashx?id=75314276&w=500&h=375&l=true","Petrol","Automatic","$20k-$40k"
"31487","2022","Mazda","CX-5","2022 Mazda CX-5 25S EXCLUSIVE MODE AUTO 2.5L 5 DOOR","SUV","","19250","KM","https://www.4guys.co.nz/vehicle-details?id=3093484","2022 Mazda CX-5 25S EXCLUSIVE MODE AUTO 2.5L 5 DOOR","39800 NZD","USED","White","20 Arthur Porter Drive<br/>","Hamilton","Waikato","New Zealand","-37.753925","175.229511","","https://data.autoplay.co.nz/image.ashx?id=75665531&w=500&h=375&l=true","Petrol","Automatic","$20k-$40k"
"31654","2019","Chevrolet","Corvette","2019 Chevrolet Corvette C7 Z51 3LT GRAND SPORT AUTO 6.2L V8 (460hp) COUPE","Coupe","","29162","KM","https://www.4guys.co.nz/vehicle-details?id=3142234","2019 Chevrolet Corvette C7 Z51 3LT GRAND SPORT AUTO 6.2L V8 (460hp) COUPE","139800 NZD","USED","Elkhart Lake Blue Metallic","20 Arthur Porter Drive<br/>","Hamilton","Waikato","New Zealand","-37.753925","175.229511","","https://data.autoplay.co.nz/image.ashx?id=76110641&w=500&h=375&l=true","Petrol","Automatic","$80k+"
"31907","2014","Holden","Barina","2014 Holden Barina RS HATCHBACK (NZ NEW) AUTO 1.4L TURBO 5 DOOR","Hatchback","","71420","KM","https://www.4guys.co.nz/vehicle-details?id=3244432","2014 Holden Barina RS HATCHBACK (NZ NEW) AUTO 1.4L TURBO 5 DOOR","12800 NZD","USED","Tigre Orange","20 Arthur Porter Drive<br/>","Hamilton","Waikato","New Zealand","-37.753925","175.229511","","https://data.autoplay.co.nz/image.ashx?id=78467307&w=500&h=375&l=true","Petrol","Automatic","Under $20k"
"32021","2019","MINI","Cooper","2019 MINI Cooper CROSSOVER 4WD HYBRID AUTO 1.5L TURBO 5 DOOR","Hatchback","4WD","26691","KM","https://www.4guys.co.nz/vehicle-details?id=3292461","2019 MINI Cooper CROSSOVER 4WD HYBRID AUTO 1.5L TURBO 5 DOOR","36800 NZD","USED","Grey","20 Arthur Porter Drive<br/>","Hamilton","Waikato","New Zealand","-37.753925","175.229511","","https://data.autoplay.co.nz/image.ashx?id=80365780&w=500&h=375&l=true","Hybrid","Automatic","$20k-$40k"
"32024","2022","Dodge","Challenger","2022 Dodge Challenger SCAT PACK WIDEBODY AUTO 6.4L V8 (485hp) SHAKER COUPE","Coupe","","788","KM","https://www.4guys.co.nz/vehicle-details?id=3295401","2022 Dodge Challenger SCAT PACK WIDEBODY AUTO 6.4L V8 (485hp) SHAKER COUPE","139800 NZD","USED","TorRed","20 Arthur Porter Drive<br/>","Hamilton","Waikato","New Zealand","-37.753925","175.229511","","https://data.autoplay.co.nz/image.ashx?id=81244702&w=500&h=375&l=true","Petrol","Automatic","$80k+"
"32036","2023","Dodge","Challenger","2023 Dodge Challenger SCAT PACK WIDEBODY AUTO 6.4L V8 (485hp) COUPE","Coupe","","2356","KM","https://www.4guys.co.nz/vehicle-details?id=3302827","2023 Dodge Challenger SCAT PACK WIDEBODY AUTO 6.4L V8 (485hp) COUPE","139800 NZD","USED","Sublime Green","20 Arthur Porter Drive<br/>","Hamilton","Waikato","New Zealand","-37.753925","175.229511","","https://data.autoplay.co.nz/image.ashx?id=82048076&w=500&h=375&l=true","Petrol","Automatic","$80k+"
"32062","2018","Kia","Sorento","2018 Kia Sorento LTD 4WD 7 SEATER AUTO 2.2L TURBO DIESEL 5 DOOR","SUV","4WD","45976","KM","https://www.4guys.co.nz/vehicle-details?id=3316878","2018 Kia Sorento LTD 4WD 7 SEATER AUTO 2.2L TURBO DIESEL 5 DOOR","39950 NZD","USED","White","20 Arthur Porter Drive<br/>","Hamilton","Waikato","New Zealand","-37.753925","175.229511","","https://data.autoplay.co.nz/image.ashx?id=79893857&w=500&h=375&l=true","Diesel","Automatic","$20k-$40k"
"32075","2023","BMW","X3","2023 BMW X3 XDRIVE 20D M SPORT AUTO 2.0L TURBO DIESEL 4WD","SUV","4WD","27860","KM","https://www.4guys.co.nz/vehicle-details?id=3325319","2023 BMW X3 XDRIVE 20D M SPORT AUTO 2.0L TURBO DIESEL 4WD","67800 NZD","USED","White","20 Arthur Porter Drive<br/>","Hamilton","Waikato","New Zealand","-37.753925","175.229511","","https://data.autoplay.co.nz/image.ashx?id=81585585&w=500&h=375&l=true","Diesel","Automatic","$40k-$80k"
"32105","2015","Holden","Cruze","2015 Holden Cruze EQUIPE (FACELIFT) SEDAN AUTO 1.8L (NZ NEW)","Sedan","","77440","KM","https://www.4guys.co.nz/vehicle-details?id=3344288","2015 Holden Cruze EQUIPE (FACELIFT) SEDAN AUTO 1.8L (NZ NEW)","13800 NZD","USED","Silver","20 Arthur Porter Drive<br/>","Hamilton","Waikato","New Zealand","-37.753925","175.229511","","https://data.autoplay.co.nz/image.ashx?id=83391562&w=500&h=375&l=true","Petrol","Automatic","Under $20k"
"32128","2014","BMW","523i","2014 BMW 523i TOURING S/W M SPORT AUTO 2.0L TURBO","Other","","52780","KM","https://www.4guys.co.nz/vehicle-details?id=3356050","2014 BMW 523i TOURING S/W M SPORT AUTO 2.0L TURBO","24800 NZD","USED","Black","20 Arthur Porter Drive<br/>","Hamilton","Waikato","New Zealand","-37.753925","175.229511","","https://data.autoplay.co.nz/image.ashx?id=97113669&w=500&h=375&l=true","Petrol","Automatic","$20k-$40k"
"32210","2015","BMW","320i","2015 BMW 320i M SPORT TOURING AUTO 2.0L TURBO S/W","Other","","33960","KM","https://www.4guys.co.nz/vehicle-details?id=3388841","2015 BMW 320i M SPORT TOURING AUTO 2.0L TURBO S/W","25800 NZD","USED","Black","20 Arthur Porter Drive<br/>","Hamilton","Waikato","New Zealand","-37.753925","175.229511","","https://data.autoplay.co.nz/image.ashx?id=82515040&w=500&h=375&l=true","Petrol","Automatic","$20k-$40k"
"32265","2018","Volkswagen","Tiguan Allspace","2018 Volkswagen Tiguan Allspace 2.0L 4WD 7 SEATER AUTO 5 DOOR (NZ NEW)","SUV","4WD","71140","KM","https://www.4guys.co.nz/vehicle-details?id=3399063","2018 Volkswagen Tiguan Allspace 2.0L 4WD 7 SEATER AUTO 5 DOOR (NZ NEW)","35800 NZD","USED","Black","20 Arthur Porter Drive<br/>","Hamilton","Waikato","New Zealand","-37.753925","175.229511","","https://data.autoplay.co.nz/image.ashx?id=91507080&w=500&h=375&l=true","Petrol","Automatic","$20k-$40k"
"32270","2020","Volkswagen","Tiguan","2020 Volkswagen Tiguan AUTO ALLSPACE 2.0L TURBO 7STS 4WD","SUV","4WD","56450","KM","https://www.4guys.co.nz/vehicle-details?id=3399064","2020 Volkswagen Tiguan AUTO ALLSPACE 2.0L TURBO 7STS 4WD","39800 NZD","USED","Blue","20 Arthur Porter Drive<br/>","Hamilton","Waikato","New Zealand","-37.753925","175.229511","","https://data.autoplay.co.nz/image.ashx?id=82151306&w=500&h=375&l=true","Petrol","Automatic","$20k-$40k"
"32274","2016","Holden","Cruze","2016 Holden Cruze EQUIPE SEDAN (FACELIFT) AUTO 1.8L (NZ NEW)","Sedan","","64852","KM","https://www.4guys.co.nz/vehicle-details?id=3402764","2016 Holden Cruze EQUIPE SEDAN (FACELIFT) AUTO 1.8L (NZ NEW)","13800 NZD","USED","Black","20 Arthur Porter Drive<br/>","Hamilton","Waikato","New Zealand","-37.753925","175.229511","","https://data.autoplay.co.nz/image.ashx?id=82309911&w=500&h=375&l=true","Petrol","Automatic","Under $20k"
"32287","2015","BMW","320i","2015 BMW 320i M SPORT TOURING AUTO 2.0L TURBO 5 DOOR 2WD","Other","","34100","KM","https://www.4guys.co.nz/vehicle-details?id=3408713","2015 BMW 320i M SPORT TOURING AUTO 2.0L TURBO 5 DOOR 2WD","25800 NZD","USED","White","20 Arthur Porter Drive<br/>","Hamilton","Waikato","New Zealand","-37.753925","175.229511","","https://data.autoplay.co.nz/image.ashx?id=82851631&w=500&h=375&l=true","Petrol","Automatic","$20k-$40k"
"32293","2021","Mazda","CX-5","2021 Mazda CX-5 25S L PACKAGE AUTO 2.5L 5 DOOR","SUV","","28640","KM","https://www.4guys.co.nz/vehicle-details?id=3410139","2021 Mazda CX-5 25S L PACKAGE AUTO 2.5L 5 DOOR","34800 NZD","USED","Grey","20 Arthur Porter Drive<br/>","Hamilton","Waikato","New Zealand","-37.753925","175.229511","","https://data.autoplay.co.nz/image.ashx?id=82851466&w=500&h=375&l=true","Petrol","Automatic","$20k-$40k"
"32298","2015","Holden","Captiva","2015 Holden Captiva LTZ 2.2D AWD 7 Seater AUTO 2.2L TURBO DIESEL 5 DOOR","SUV","4WD","79223","KM","https://www.4guys.co.nz/vehicle-details?id=3410142","2015 Holden Captiva LTZ 2.2D AWD 7 Seater AUTO 2.2L TURBO DIESEL 5 DOOR","18950 NZD","USED","Black","20 Arthur Porter Drive<br/>","Hamilton","Waikato","New Zealand","-37.753925","175.229511","","https://data.autoplay.co.nz/image.ashx?id=82514805&w=500&h=375&l=true","Diesel","Automatic","Under $20k"
"32310","2018","Holden","Barina","2018 Holden Barina LS 1.6L HATCH BACK AUTO 5 DOOR (NZ NEW)","Hatchback","","63290","KM","https://www.4guys.co.nz/vehicle-details?id=3413040","2018 Holden Barina LS 1.6L HATCH BACK AUTO 5 DOOR (NZ NEW)","13800 NZD","USED","Black","20 Arthur Porter Drive<br/>","Hamilton","Waikato","New Zealand","-37.753925","175.229511","","https://data.autoplay.co.nz/image.ashx?id=82674297&w=500&h=375&l=true","Petrol","Automatic","Under $20k"
"32322","2014","Mercedes-Benz","A 180","2014 Mercedes-Benz A 180 SPORT HATCH BACK AUTO 1.6L TURBO 5 DOOR","Hatchback","","74060","KM","https://www.4guys.co.nz/vehicle-details?id=3418960","2014 Mercedes-Benz A 180 SPORT HATCH BACK AUTO 1.6L TURBO 5 DOOR","17800 NZD","USED","White","20 Arthur Porter Drive<br/>","Hamilton","Waikato","New Zealand","-37.753925","175.229511","","https://data.autoplay.co.nz/image.ashx?id=83725282&w=500&h=375&l=true","Petrol","Automatic","Under $20k"
"32323","2014","Mercedes-Benz","A 180","2014 Mercedes-Benz A 180 SPORT HATCH BACK AUTO 1.6L TURBO 5 DOOR","Hatchback","","64045","KM","https://www.4guys.co.nz/vehicle-details?id=3418961","2014 Mercedes-Benz A 180 SPORT HATCH BACK AUTO 1.6L TURBO 5 DOOR","19800 NZD","USED","Black","20 Arthur Porter Drive<br/>","Hamilton","Waikato","New Zealand","-37.753925","175.229511","","https://data.autoplay.co.nz/image.ashx?id=83889771&w=500&h=375&l=true","Petrol","Automatic","Under $20k"
"32337","2016","Mercedes-Benz","A 180","2016 Mercedes-Benz A 180 AMG SPORT AUTO 1.6L TURBO 5 DOOR HATCH BACK","Hatchback","","48510","KM","https://www.4guys.co.nz/vehicle-details?id=3421583","2016 Mercedes-Benz A 180 AMG SPORT AUTO 1.6L TURBO 5 DOOR HATCH BACK","21800 NZD","USED","White","20 Arthur Porter Drive<br/>","Hamilton","Waikato","New Zealand","-37.753925","175.229511","","https://data.autoplay.co.nz/image.ashx?id=83725501&w=500&h=375&l=true","Petrol","Automatic","$20k-$40k"
"32339","2023","Mazda","CX-60","2023 Mazda CX-60 XD HYBRID EXCLUSIVE 4WD AUTO 3.3L TURBO DIESEL 5 DOOR","SUV","4WD","20156","KM","https://www.4guys.co.nz/vehicle-details?id=3421585","2023 Mazda CX-60 XD HYBRID EXCLUSIVE 4WD AUTO 3.3L TURBO DIESEL 5 DOOR","52800 NZD","USED","White","20 Arthur Porter Drive<br/>","Hamilton","Waikato","New Zealand","-37.753925","175.229511","","https://data.autoplay.co.nz/image.ashx?id=83723361&w=500&h=375&l=true","Hybrid","Automatic","$40k-$80k"
"32361","2015","BMW","320i","2015 BMW 320i SEDAN M SPORT AUTO 2.0L TURBO","Sedan","","47200","KM","https://www.4guys.co.nz/vehicle-details?id=3429281","2015 BMW 320i SEDAN M SPORT AUTO 2.0L TURBO","26800 NZD","USED","White","20 Arthur Porter Drive<br/>","Hamilton","Waikato","New Zealand","-37.753925","175.229511","","https://data.autoplay.co.nz/image.ashx?id=97112675&w=500&h=375&l=true","Petrol","Automatic","$20k-$40k"
"32369","2015","Mercedes-Benz","A 180","2015 Mercedes-Benz A 180 SPORT HATCH BACK AUTO 1.6L TURBO 5 DOOR","Hatchback","","46930","KM","https://www.4guys.co.nz/vehicle-details?id=3429607","2015 Mercedes-Benz A 180 SPORT HATCH BACK AUTO 1.6L TURBO 5 DOOR","19800 NZD","USED","Black","20 Arthur Porter Drive<br/>","Hamilton","Waikato","New Zealand","-37.753925","175.229511","","https://data.autoplay.co.nz/image.ashx?id=83724940&w=500&h=375&l=true","Petrol","Automatic","Under $20k"
"32414","2021","Renault","Koleos","2021 Renault Koleos ZEN SPORT 2.5L AUTO 2.5L 5 DOOR (NZ NEW)","SUV","","52652","KM","https://www.4guys.co.nz/vehicle-details?id=3439506","2021 Renault Koleos ZEN SPORT 2.5L AUTO 2.5L 5 DOOR (NZ NEW)","32800 NZD","USED","Grey","20 Arthur Porter Drive<br/>","Hamilton","Waikato","New Zealand","-37.753925","175.229511","","https://data.autoplay.co.nz/image.ashx?id=97981686&w=500&h=375&l=true","Petrol","Automatic","$20k-$40k"
"32436","2020","Mazda","CX-5","2020 Mazda CX-5 25S L PACKAGE 2WD AUTO 2.5L 5 DOOR","SUV","","27845","KM","https://www.4guys.co.nz/vehicle-details?id=3445087","2020 Mazda CX-5 25S L PACKAGE 2WD AUTO 2.5L 5 DOOR","35800 NZD","USED","Grey","20 Arthur Porter Drive<br/>","Hamilton","Waikato","New Zealand","-37.753925","175.229511","","https://data.autoplay.co.nz/image.ashx?id=97114155&w=500&h=375&l=true","Petrol","Automatic","$20k-$40k"
"32457","2017","Holden","Captiva","2017 Holden Captiva LTZ 7 SEATER DIESEL AUTO 2.2L TURBO 5 DOOR 4WD","SUV","4WD","117540","KM","https://www.4guys.co.nz/vehicle-details?id=3450875","2017 Holden Captiva LTZ 7 SEATER DIESEL AUTO 2.2L TURBO 5 DOOR 4WD","18950 NZD","USED","Silver","20 Arthur Porter Drive<br/>","Hamilton","Waikato","New Zealand","-37.753925","175.229511","","https://data.autoplay.co.nz/image.ashx?id=83391668&w=500&h=375&l=true","Diesel","Automatic","Under $20k"
"32470","2018","Holden","Trax","2018 Holden Trax LT (NZ NEW) FACELIFT AUTO 1.4L TURBO 5 DOOR","SUV","","90320","KM","https://www.4guys.co.nz/vehicle-details?id=3454478","2018 Holden Trax LT (NZ NEW) FACELIFT AUTO 1.4L TURBO 5 DOOR","16800 NZD","USED","Black","20 Arthur Porter Drive<br/>","Hamilton","Waikato","New Zealand","-37.753925","175.229511","","https://data.autoplay.co.nz/image.ashx?id=92420080&w=500&h=375&l=true","Petrol","Automatic","Under $20k"
"32472","2020","Volkswagen","Tiguan","2020 Volkswagen Tiguan AUTO ALLSPACE TSI 2.0L TURBO 7STS 4WD","SUV","4WD","56780","KM","https://www.4guys.co.nz/vehicle-details?id=3454960","2020 Volkswagen Tiguan AUTO ALLSPACE TSI 2.0L TURBO 7STS 4WD","39800 NZD","USED","Black","20 Arthur Porter Drive<br/>","Hamilton","Waikato","New Zealand","-37.753925","175.229511","","https://data.autoplay.co.nz/image.ashx?id=83576240&w=500&h=375&l=true","Petrol","Automatic","$20k-$40k"
"32474","2015","Audi","A4","2015 Audi A4 AVANT 2.0L TFSI S-LINE AUTO 5 DOOR 2WD","Other","","57628","KM","https://www.4guys.co.nz/vehicle-details?id=3456823","2015 Audi A4 AVANT 2.0L TFSI S-LINE AUTO 5 DOOR 2WD","24800 NZD","USED","Black","20 Arthur Porter Drive<br/>","Hamilton","Waikato","New Zealand","-37.753925","175.229511","","https://data.autoplay.co.nz/image.ashx?id=89311323&w=500&h=375&l=true","Petrol","Automatic","$20k-$40k"
"32434","2021","Subaru","XV","2021 Subaru XV 2.0E-L EYESIGHT (HYBRID) AUTO 2.0L 5 DOOR 4WD","Other","4WD","47910","KM","https://www.4guys.co.nz/vehicle-details?id=3460153","2021 Subaru XV 2.0E-L EYESIGHT (HYBRID) AUTO 2.0L 5 DOOR 4WD","29950 NZD","USED","White","20 Arthur Porter Drive<br/>","Hamilton","Waikato","New Zealand","-37.753925","175.229511","","https://data.autoplay.co.nz/image.ashx?id=83383982&w=500&h=375&l=true","Hybrid","Automatic","$20k-$40k"
"32496","2020","Mazda","CX-3","2020 Mazda CX-3 LOWER KIT 2WD AUTO 2.0L 5 DOOR","SUV","","27670","KM","https://www.4guys.co.nz/vehicle-details?id=3464251","2020 Mazda CX-3 LOWER KIT 2WD AUTO 2.0L 5 DOOR","29800 NZD","USED","Red","20 Arthur Porter Drive<br/>","Hamilton","Waikato","New Zealand","-37.753925","175.229511","27800 NZD","https://data.autoplay.co.nz/image.ashx?id=92420280&w=500&h=375&l=true","Petrol","Automatic","$20k-$40k"
"32503","2022","Mazda","CX-60","2022 Mazda CX-60 XD HYBRID EXCLUSIVE 4WD AUTO 3.3L DIESEL HYBRID 5 DOOR","SUV","4WD","24639","KM","https://www.4guys.co.nz/vehicle-details?id=3464592","2022 Mazda CX-60 XD HYBRID EXCLUSIVE 4WD AUTO 3.3L DIESEL HYBRID 5 DOOR","52800 NZD","USED","Red","20 Arthur Porter Drive<br/>","Hamilton","Waikato","New Zealand","-37.753925","175.229511","","https://data.autoplay.co.nz/image.ashx?id=92420152&w=500&h=375&l=true","Hybrid","Automatic","$40k-$80k"
"32508","2018","Chevrolet","Camaro","2018 Chevrolet Camaro 2SS (2018) AUTO 6.2L V8 (470hp) COUPE","Coupe","","26517","KM","https://www.4guys.co.nz/vehicle-details?id=3467264","2018 Chevrolet Camaro 2SS (2018) AUTO 6.2L V8 (470hp) COUPE","89800 NZD","USED","Hyper Blue Metallic","20 Arthur Porter Drive<br/>","Hamilton","Waikato","New Zealand","-37.753925","175.229511","","https://data.autoplay.co.nz/image.ashx?id=83575600&w=500&h=375&l=true","Petrol","Automatic","$80k+"
"32515","2023","Lexus","IS 500","2023 Lexus IS 500 F SPORT PERFORMANCE AUTO 5.0L V8 SEDAN","Sedan","","734","KM","https://www.4guys.co.nz/vehicle-details?id=3471729","2023 Lexus IS 500 F SPORT PERFORMANCE AUTO 5.0L V8 SEDAN","104800 NZD","USED","White","20 Arthur Porter Drive<br/>","Hamilton","Waikato","New Zealand","-37.753925","175.229511","99800 NZD","https://data.autoplay.co.nz/image.ashx?id=92928749&w=500&h=375&l=true","Petrol","Automatic","$80k+"
"32345","2021","Ford","F250","2021 Ford F250 PLATINUM SD 4WD CREWCAB AUTO 6.7L TURBO DIESEL UTILITY","Other","4WD","23755","KM","https://www.4guys.co.nz/vehicle-details?id=3477528","2021 Ford F250 PLATINUM SD 4WD CREWCAB AUTO 6.7L TURBO DIESEL UTILITY","179800 NZD","USED","Blue","20 Arthur Porter Drive<br/>","Hamilton","Waikato","New Zealand","-37.753925","175.229511","","https://data.autoplay.co.nz/image.ashx?id=83580403&w=500&h=375&l=true","Diesel","Automatic","$80k+"
"32526","2017","Nissan","Qashqai","2017 Nissan Qashqai ST-L (NZ NEW) AUTO 2.0L 5 DOOR 2WD","SUV","","124452","KM","https://www.4guys.co.nz/vehicle-details?id=3486622","2017 Nissan Qashqai ST-L (NZ NEW) AUTO 2.0L 5 DOOR 2WD","18950 NZD","USED","Black","20 Arthur Porter Drive<br/>","Hamilton","Waikato","New Zealand","-37.753925","175.229511","","https://data.autoplay.co.nz/image.ashx?id=84316280&w=500&h=375&l=true","Petrol","Automatic","Under $20k"
"32588","2015","Audi","A4","2015 Audi A4 TFSI SEDAN S LINE AUTO 2.0L TURBO 2WD","Sedan","","18260","KM","https://www.4guys.co.nz/vehicle-details?id=3498518","2015 Audi A4 TFSI SEDAN S LINE AUTO 2.0L TURBO 2WD","24800 NZD","USED","Black","20 Arthur Porter Drive<br/>","Hamilton","Waikato","New Zealand","-37.753925","175.229511","","https://data.autoplay.co.nz/image.ashx?id=94131651&w=500&h=375&l=true","Petrol","Automatic","$20k-$40k"
"32637","2011","Audi","A4","2011 Audi A4 AVANT 1.8L TFSI AUTO 1.8L TURBO S/W","Other","","103460","KM","https://www.4guys.co.nz/vehicle-details?id=3524688","2011 Audi A4 AVANT 1.8L TFSI AUTO 1.8L TURBO S/W","12800 NZD","USED","White","20 Arthur Porter Drive<br/>","Hamilton","Waikato","New Zealand","-37.753925","175.229511","","https://data.autoplay.co.nz/image.ashx?id=97573899&w=500&h=375&l=true","Petrol","Automatic","Under $20k"
"32647","2019","Holden","Astra","2019 Holden Astra RS-V 1.6L 5 DOOR AUTO TURBO HATCH BACK","Hatchback","","48850","KM","https://www.4guys.co.nz/vehicle-details?id=3527237","2019 Holden Astra RS-V 1.6L 5 DOOR AUTO TURBO HATCH BACK","21800 NZD","USED","Black","20 Arthur Porter Drive<br/>","Hamilton","Waikato","New Zealand","-37.753925","175.229511","","https://data.autoplay.co.nz/image.ashx?id=90802728&w=500&h=375&l=true","Petrol","Automatic","$20k-$40k"
"32684","2009","Volkswagen","Beetle","2009 Volkswagen Beetle 2.0L HATCH BACK AUTO 3 DOOR","Hatchback","","78445","KM","https://www.4guys.co.nz/vehicle-details?id=3545304","2009 Volkswagen Beetle 2.0L HATCH BACK AUTO 3 DOOR","11800 NZD","USED","Silver","20 Arthur Porter Drive<br/>","Hamilton","Waikato","New Zealand","-37.753925","175.229511","","https://data.autoplay.co.nz/image.ashx?id=97573001&w=500&h=375&l=true","Petrol","Automatic","Under $20k"
"32746","2019","Holden","Astra","2019 Holden Astra RS-V (NZ NEW) AUTO 1.6L TURBO 5 DOOR","Hatchback","","48685","KM","https://www.4guys.co.nz/vehicle-details?id=3565186","2019 Holden Astra RS-V (NZ NEW) AUTO 1.6L TURBO 5 DOOR","20800 NZD","USED","Black","20 Arthur Porter Drive<br/>","Hamilton","Waikato","New Zealand","-37.753925","175.229511","","https://data.autoplay.co.nz/image.ashx?id=86288613&w=500&h=375&l=true","Petrol","Automatic","$20k-$40k"
"32751","2019","Audi","Q5","2019 Audi Q5 40TDI QUATTRO S-LINE AUTO 2.0L TURBO DIESEL 5 DOOR 4WD","SUV","4WD","27566","KM","https://www.4guys.co.nz/vehicle-details?id=3565778","2019 Audi Q5 40TDI QUATTRO S-LINE AUTO 2.0L TURBO DIESEL 5 DOOR 4WD","44800 NZD","USED","Grey","20 Arthur Porter Drive<br/>","Hamilton","Waikato","New Zealand","-37.753925","175.229511","","https://data.autoplay.co.nz/image.ashx?id=88885039&w=500&h=375&l=true","Diesel","Automatic","$40k-$80k"
"32789","2017","Holden","Barina","2017 Holden Barina LT 1.6L HATCH BACK AUTO 5 DOOR (NZ NEW)","Hatchback","","66985","KM","https://www.4guys.co.nz/vehicle-details?id=3582038","2017 Holden Barina LT 1.6L HATCH BACK AUTO 5 DOOR (NZ NEW)","14800 NZD","USED","White","20 Arthur Porter Drive<br/>","Hamilton","Waikato","New Zealand","-37.753925","175.229511","","https://data.autoplay.co.nz/image.ashx?id=87421666&w=500&h=375&l=true","Petrol","Automatic","Under $20k"
"32805","2022","Suzuki","Swift","2022 Suzuki Swift 1.3L HATCH BACK 5 SPEED MANUAL (NZ NEW)","Hatchback","","37656","KM","https://www.4guys.co.nz/vehicle-details?id=3586747","2022 Suzuki Swift 1.3L HATCH BACK 5 SPEED MANUAL (NZ NEW)","18950 NZD","USED","White","20 Arthur Porter Drive<br/>","Hamilton","Waikato","New Zealand","-37.753925","175.229511","","https://data.autoplay.co.nz/image.ashx?id=86776292&w=500&h=375&l=true","Petrol","Manual","Under $20k"
"32820","2018","Nissan","X-Trail","2018 Nissan X-Trail ST-L 7 SEATER 2.5L AUTO 5 DOOR 2WD (NZ NEW)","SUV","","23940","KM","https://www.4guys.co.nz/vehicle-details?id=3590410","2018 Nissan X-Trail ST-L 7 SEATER 2.5L AUTO 5 DOOR 2WD (NZ NEW)","28800 NZD","USED","White","20 Arthur Porter Drive<br/>","Hamilton","Waikato","New Zealand","-37.753925","175.229511","","https://data.autoplay.co.nz/image.ashx?id=87421812&w=500&h=375&l=true","Petrol","Automatic","$20k-$40k"
"32842","2019","Audi","Q5","2019 Audi Q5 40TDI QUATTRO S-LINE AUTO 2.0L TURBO DIESEL 5 DOOR 4WD","SUV","4WD","48735","KM","https://www.4guys.co.nz/vehicle-details?id=3602460","2019 Audi Q5 40TDI QUATTRO S-LINE AUTO 2.0L TURBO DIESEL 5 DOOR 4WD","42800 NZD","USED","Black","20 Arthur Porter Drive<br/>","Hamilton","Waikato","New Zealand","-37.753925","175.229511","","https://data.autoplay.co.nz/image.ashx?id=90976357&w=500&h=375&l=true","Diesel","Automatic","$40k-$80k"
"32912","2019","Nissan","Infiniti","2019 Nissan Infiniti QX30 2.0L T 4WD (NZ NEW) AUTO 2.0L TURBO 5 DOOR","SUV","4WD","107615","KM","https://www.4guys.co.nz/vehicle-details?id=3622059","2019 Nissan Infiniti QX30 2.0L T 4WD (NZ NEW) AUTO 2.0L TURBO 5 DOOR","17800 NZD","USED","Silver","20 Arthur Porter Drive<br/>","Hamilton","Waikato","New Zealand","-37.753925","175.229511","","https://data.autoplay.co.nz/image.ashx?id=97770387&w=500&h=375&l=true","Petrol","Automatic","Under $20k"
"32934","2017","Audi","Q2","2017 Audi Q2 S-LINE 1ST EDITION AUTO 1.4L TURBO 5 DOOR 2WD","SUV","","30645","KM","https://www.4guys.co.nz/vehicle-details?id=3634025","2017 Audi Q2 S-LINE 1ST EDITION AUTO 1.4L TURBO 5 DOOR 2WD","25800 NZD","USED","Red","20 Arthur Porter Drive<br/>","Hamilton","Waikato","New Zealand","-37.753925","175.229511","","https://data.autoplay.co.nz/image.ashx?id=89310259&w=500&h=375&l=true","Petrol","Automatic","$20k-$40k"
"32965","2016","Ford","Focus","2016 Ford Focus TITANIUM HATCH BACK (NZ NEW) AUTO 1.5L TURBO 5 DOOR","Hatchback","","111390","KM","https://www.4guys.co.nz/vehicle-details?id=3644350","2016 Ford Focus TITANIUM HATCH BACK (NZ NEW) AUTO 1.5L TURBO 5 DOOR","15800 NZD","USED","Red","20 Arthur Porter Drive<br/>","Hamilton","Waikato","New Zealand","-37.753925","175.229511","","https://data.autoplay.co.nz/image.ashx?id=89502834&w=500&h=375&l=true","Petrol","Automatic","Under $20k"
"32984","2018","Holden","Captiva","2018 Holden Captiva LTZ 2.2D AWD 7 Seater AUTO 2.2L TURBO DIESEL (NZ NEW)","SUV","4WD","101355","KM","https://www.4guys.co.nz/vehicle-details?id=3648746","2018 Holden Captiva LTZ 2.2D AWD 7 Seater AUTO 2.2L TURBO DIESEL (NZ NEW)","19800 NZD","USED","Black","20 Arthur Porter Drive<br/>","Hamilton","Waikato","New Zealand","-37.753925","175.229511","","https://data.autoplay.co.nz/image.ashx?id=89501483&w=500&h=375&l=true","Diesel","Automatic","Under $20k"
"33025","2019","Ford","Mustang","2019 Ford Mustang SHELBY GT350R (2019) 6SPD (TREMEC) 5.2L V8 (526HP) COUPE","Coupe","","3321","KM","https://www.4guys.co.nz/vehicle-details?id=3667220","2019 Ford Mustang SHELBY GT350R (2019) 6SPD (TREMEC) 5.2L V8 (526HP) COUPE","189800 NZD","USED","Oxford White","20 Arthur Porter Drive<br/>","Hamilton","Waikato","New Zealand","-37.753925","175.229511","179800 NZD","https://data.autoplay.co.nz/image.ashx?id=89310606&w=500&h=375&l=true","Petrol","Manual","$80k+"
"33067","2018","Chevrolet","Camaro","2018 Chevrolet Camaro ZL1 (650hp) COUPE AUTO(10spd) 6.2L V8 SUPERCHARGED","Coupe","","37251","KM","https://www.4guys.co.nz/vehicle-details?id=3684594","2018 Chevrolet Camaro ZL1 (650hp) COUPE AUTO(10spd) 6.2L V8 SUPERCHARGED","129800 NZD","USED","Black","20 Arthur Porter Drive<br/>","Hamilton","Waikato","New Zealand","-37.753925","175.229511","","https://data.autoplay.co.nz/image.ashx?id=89878625&w=500&h=375&l=true","Petrol","Automatic","$80k+"
"33084","2020","Audi","A1","2020 Audi A1 35TFSI Advanced AUTO 1.5L TURBO 5 DOOR","Hatchback","","18127","KM","https://www.4guys.co.nz/vehicle-details?id=3689188","2020 Audi A1 35TFSI Advanced AUTO 1.5L TURBO 5 DOOR","28800 NZD","USED","Yellow","20 Arthur Porter Drive<br/>","Hamilton","Waikato","New Zealand","-37.753925","175.229511","","https://data.autoplay.co.nz/image.ashx?id=91506921&w=500&h=375&l=true","Petrol","Automatic","$20k-$40k"
"33085","2019","Kia","Carnival","2019 Kia Carnival EX 2.2L 8 SEATER COACH AUTO 2.2L TURBO DIESEL 5 DOOR","Van","","89499","KM","https://www.4guys.co.nz/vehicle-details?id=3692555","2019 Kia Carnival EX 2.2L 8 SEATER COACH AUTO 2.2L TURBO DIESEL 5 DOOR","37800 NZD","USED","White","20 Arthur Porter Drive<br/>","Hamilton","Waikato","New Zealand","-37.753925","175.229511","","https://data.autoplay.co.nz/image.ashx?id=90439882&w=500&h=375&l=true","Diesel","Automatic","$20k-$40k"
"33090","2014","Toyota","86","2014 Toyota 86 GT COUPE AUTO 2.0L","Coupe","","30830","KM","https://www.4guys.co.nz/vehicle-details?id=3694550","2014 Toyota 86 GT COUPE AUTO 2.0L","25800 NZD","USED","Silver","20 Arthur Porter Drive<br/>","Hamilton","Waikato","New Zealand","-37.753925","175.229511","","https://data.autoplay.co.nz/image.ashx?id=90438903&w=500&h=375&l=true","Petrol","Automatic","$20k-$40k"
"33100","2015","BMW","320i","2015 BMW 320i M SPORT S/W AUTO 2.0L TURBO 5 DOOR","Other","","58652","KM","https://www.4guys.co.nz/vehicle-details?id=3697150","2015 BMW 320i M SPORT S/W AUTO 2.0L TURBO 5 DOOR","23800 NZD","USED","White","20 Arthur Porter Drive<br/>","Hamilton","Waikato","New Zealand","-37.753925","175.229511","","https://data.autoplay.co.nz/image.ashx?id=91506312&w=500&h=375&l=true","Petrol","Automatic","$20k-$40k"
"33119","2024","BMW","X7","2024 BMW X7 XDRIVE 40D M SPORT 4WD AUTO (8SPD) 3.0L TWIN TURBO DIESEL MILD HYBRID","SUV","4WD","18896","KM","https://www.4guys.co.nz/vehicle-details?id=3706926","2024 BMW X7 XDRIVE 40D M SPORT 4WD AUTO (8SPD) 3.0L TWIN TURBO DIESEL MILD HYBRID","144800 NZD","USED","Grey","20 Arthur Porter Drive<br/>","Hamilton","Waikato","New Zealand","-37.753925","175.229511","","https://data.autoplay.co.nz/image.ashx?id=90440109&w=500&h=375&l=true","Hybrid","Automatic","$80k+"
"33137","2012","Chevrolet","Camaro","2012 Chevrolet Camaro 2SS/RS (426hp) COUPE AUTO 6.2L V8 (FACELIFT)","Coupe","","66120","KM","https://www.4guys.co.nz/vehicle-details?id=3715035","2012 Chevrolet Camaro 2SS/RS (426hp) COUPE AUTO 6.2L V8 (FACELIFT)","59800 NZD","USED","White","20 Arthur Porter Drive<br/>","Hamilton","Waikato","New Zealand","-37.753925","175.229511","","https://data.autoplay.co.nz/image.ashx?id=90802430&w=500&h=375&l=true","Petrol","Automatic","$40k-$80k"
"33142","2012","Mercedes-Benz","A 180","2012 Mercedes-Benz A 180 SPORT HATCH BACK AUTO 1.6L 5 DOOR 2WD","Hatchback","","39785","KM","https://www.4guys.co.nz/vehicle-details?id=3719156","2012 Mercedes-Benz A 180 SPORT HATCH BACK AUTO 1.6L 5 DOOR 2WD","15800 NZD","USED","Red","20 Arthur Porter Drive<br/>","Hamilton","Waikato","New Zealand","-37.753925","175.229511","","https://data.autoplay.co.nz/image.ashx?id=90802564&w=500&h=375&l=true","Petrol","Automatic","Under $20k"
"33147","2018","Ford","Mustang","2018 Ford Mustang SHELBY GT350 (2018) 6SPD MANUAL 5.2L V8 (520hp) COUPE","Coupe","","19022","KM","https://www.4guys.co.nz/vehicle-details?id=3720295","2018 Ford Mustang SHELBY GT350 (2018) 6SPD MANUAL 5.2L V8 (520hp) COUPE","129800 NZD","USED","Lead Foot Gray","20 Arthur Porter Drive<br/>","Hamilton","Waikato","New Zealand","-37.753925","175.229511","126800 NZD","https://data.autoplay.co.nz/image.ashx?id=90976210&w=500&h=375&l=true","Petrol","Manual","$80k+"
"33145","2024","BMW","118i","2024 BMW 118i M SPORT HATCH BACK (NZ NEW) AUTO 1.5L TURBO 5 DOOR","Hatchback","","7545","KM","https://www.4guys.co.nz/vehicle-details?id=3728268","2024 BMW 118i M SPORT HATCH BACK (NZ NEW) AUTO 1.5L TURBO 5 DOOR","44800 NZD","USED","Red","20 Arthur Porter Drive<br/>","Hamilton","Waikato","New Zealand","-37.753925","175.229511","","https://data.autoplay.co.nz/image.ashx?id=91147021&w=500&h=375&l=true","Petrol","Automatic","$40k-$80k"
"33152","2018","Holden","Trax","2018 Holden Trax LTZ 1.4L (NZ NEW) AUTO SUV","SUV","","65553","KM","https://www.4guys.co.nz/vehicle-details?id=3732372","2018 Holden Trax LTZ 1.4L (NZ NEW) AUTO SUV","17800 NZD","USED","Black","20 Arthur Porter Drive<br/>","Hamilton","Waikato","New Zealand","-37.753925","175.229511","","https://data.autoplay.co.nz/image.ashx?id=93264601&w=500&h=375&l=true","Petrol","Automatic","Under $20k"
"33171","2019","Holden","Trailblazer","2019 Holden Trailblazer LTZ AUTO 2.8L TURBO DIESEL 7 SEATER SUV","SUV","4WD","66868","KM","https://www.4guys.co.nz/vehicle-details?id=3733734","2019 Holden Trailblazer LTZ AUTO 2.8L TURBO DIESEL 7 SEATER SUV","40800 NZD","USED","Red","20 Arthur Porter Drive<br/>","Hamilton","Waikato","New Zealand","-37.753925","175.229511","","https://data.autoplay.co.nz/image.ashx?id=91506267&w=500&h=375&l=true","Diesel","Automatic","$40k-$80k"
"33181","2020","Hyundai","iMax","2020 Hyundai iMax 2.5L CRDI 8 SEATER COACH AUTO 5 DOOR","Van","","62200","KM","https://www.4guys.co.nz/vehicle-details?id=3735992","2020 Hyundai iMax 2.5L CRDI 8 SEATER COACH AUTO 5 DOOR","44800 NZD","USED","White","20 Arthur Porter Drive<br/>","Hamilton","Waikato","New Zealand","-37.753925","175.229511","","https://data.autoplay.co.nz/image.ashx?id=91147970&w=500&h=375&l=true","Petrol","Automatic","$40k-$80k"
"33182","2016","SsangYong","Actyon Sports","2016 SsangYong Actyon Sports D/CAB 4WD AUTO 2.0L TURBO DIESEL (NZ NEW)","Other","4WD","113380","KM","https://www.4guys.co.nz/vehicle-details?id=3735993","2016 SsangYong Actyon Sports D/CAB 4WD AUTO 2.0L TURBO DIESEL (NZ NEW)","23800 NZD","USED","Grey","20 Arthur Porter Drive<br/>","Hamilton","Waikato","New Zealand","-37.753925","175.229511","","https://data.autoplay.co.nz/image.ashx?id=91507399&w=500&h=375&l=true","Diesel","Automatic","$20k-$40k"
"33186","2021","RAM","1500","2021 RAM 1500 TRX CREWCAB WD (702hp) AUTO 6.2L V8 SUPER CHARGED","Other","","12600","KM","https://www.4guys.co.nz/vehicle-details?id=3737641","2021 RAM 1500 TRX CREWCAB WD (702hp) AUTO 6.2L V8 SUPER CHARGED","189800 NZD","USED","Black","20 Arthur Porter Drive<br/>","Hamilton","Waikato","New Zealand","-37.753925","175.229511","","https://data.autoplay.co.nz/image.ashx?id=91147941&w=500&h=375&l=true","Petrol","Automatic","$80k+"
"33198","2019","Holden","Trailblazer","2019 Holden Trailblazer LTZ 7 SEATER (NZ NEW) AUTO 2.8L TURBO DIESEL 5 DOOR 4WD","SUV","4WD","69150","KM","https://www.4guys.co.nz/vehicle-details?id=3741926","2019 Holden Trailblazer LTZ 7 SEATER (NZ NEW) AUTO 2.8L TURBO DIESEL 5 DOOR 4WD","39800 NZD","USED","White","20 Arthur Porter Drive<br/>","Hamilton","Waikato","New Zealand","-37.753925","175.229511","","https://data.autoplay.co.nz/image.ashx?id=91506948&w=500&h=375&l=true","Diesel","Automatic","$20k-$40k"
"32619","2016","Ford","Focus","2016 Ford Focus SPORT H/BACK (NZ NEW) AUTO 1.5L TURBO 5 DOOR","Hatchback","","52859","KM","https://www.4guys.co.nz/vehicle-details?id=3746928","2016 Ford Focus SPORT H/BACK (NZ NEW) AUTO 1.5L TURBO 5 DOOR","18950 NZD","USED","Silver","20 Arthur Porter Drive<br/>","Hamilton","Waikato","New Zealand","-37.753925","175.229511","","https://data.autoplay.co.nz/image.ashx?id=91506415&w=500&h=375&l=true","Petrol","Automatic","Under $20k"
"33214","2017","Mitsubishi","ASX","2017 Mitsubishi ASX XLS 2.0L (NZ NEW) AUTO 5 DOOR 2WD","SUV","","65780","KM","https://www.4guys.co.nz/vehicle-details?id=3747084","2017 Mitsubishi ASX XLS 2.0L (NZ NEW) AUTO 5 DOOR 2WD","20800 NZD","USED","Red","20 Arthur Porter Drive<br/>","Hamilton","Waikato","New Zealand","-37.753925","175.229511","","https://data.autoplay.co.nz/image.ashx?id=91506358&w=500&h=375&l=true","Petrol","Automatic","$20k-$40k"
"33222","2019","Holden","Equinox","2019 Holden Equinox LTZ 2.0L 4WD AUTO 5 DOOR (NZ NEW)","SUV","4WD","60895","KM","https://www.4guys.co.nz/vehicle-details?id=3750639","2019 Holden Equinox LTZ 2.0L 4WD AUTO 5 DOOR (NZ NEW)","27800 NZD","USED","Blue","20 Arthur Porter Drive<br/>","Hamilton","Waikato","New Zealand","-37.753925","175.229511","","https://data.autoplay.co.nz/image.ashx?id=91980668&w=500&h=375&l=true","Petrol","Automatic","$20k-$40k"
"33223","2022","Kia","Sportage","2022 Kia Sportage URBAN LX+ (NZ NEW) AUTO 2.0L 5 DOOR 2WD","SUV","","41108","KM","https://www.4guys.co.nz/vehicle-details?id=3750640","2022 Kia Sportage URBAN LX+ (NZ NEW) AUTO 2.0L 5 DOOR 2WD","37800 NZD","USED","White","20 Arthur Porter Drive<br/>","Hamilton","Waikato","New Zealand","-37.753925","175.229511","","https://data.autoplay.co.nz/image.ashx?id=91932744&w=500&h=375&l=true","Petrol","Automatic","$20k-$40k"
"33224","2022","Kia","Sportage","2022 Kia Sportage URBAN LX+ (NZ NEW) AUTO 2.0L 5 DOOR 2WD","SUV","","54860","KM","https://www.4guys.co.nz/vehicle-details?id=3750641","2022 Kia Sportage URBAN LX+ (NZ NEW) AUTO 2.0L 5 DOOR 2WD","36800 NZD","USED","White","20 Arthur Porter Drive<br/>","Hamilton","Waikato","New Zealand","-37.753925","175.229511","","https://data.autoplay.co.nz/image.ashx?id=91931421&w=500&h=375&l=true","Petrol","Automatic","$20k-$40k"
"33238","2008","Mitsubishi","Lancer","2008 Mitsubishi Lancer EVO X AUTO 2.0L MIVEC TURBO SEDAN","Sedan","4WD","117395","KM","https://www.4guys.co.nz/vehicle-details?id=3757263","2008 Mitsubishi Lancer EVO X AUTO 2.0L MIVEC TURBO SEDAN","36800 NZD","USED","Red","20 Arthur Porter Drive<br/>","Hamilton","Waikato","New Zealand","-37.753925","175.229511","","https://data.autoplay.co.nz/image.ashx?id=91933217&w=500&h=375&l=true","Petrol","Automatic","$20k-$40k"
"33245","2021","Toyota","Highlander","2021 Toyota Highlander LIMITED ZR 4WD AUTO 2.L HYBRID 5 DOOR (NZ NEW)","SUV","4WD","65495","KM","https://www.4guys.co.nz/vehicle-details?id=3758615","2021 Toyota Highlander LIMITED ZR 4WD AUTO 2.L HYBRID 5 DOOR (NZ NEW)","59800 NZD","USED","Grey","20 Arthur Porter Drive<br/>","Hamilton","Waikato","New Zealand","-37.753925","175.229511","","https://data.autoplay.co.nz/image.ashx?id=92098392&w=500&h=375&l=true","Hybrid","Automatic","$40k-$80k"
"33256","2020","Holden","Equinox","2020 Holden Equinox LTZ 2.0L 4WD AUTO 5 DOOR (NZ NEW)","SUV","4WD","62040","KM","https://www.4guys.co.nz/vehicle-details?id=3762071","2020 Holden Equinox LTZ 2.0L 4WD AUTO 5 DOOR (NZ NEW)","28600 NZD","USED","Black","20 Arthur Porter Drive<br/>","Hamilton","Waikato","New Zealand","-37.753925","175.229511","","https://data.autoplay.co.nz/image.ashx?id=91931852&w=500&h=375&l=true","Petrol","Automatic","$20k-$40k"
"33259","2021","Nissan","X-Trail","2021 Nissan X-Trail 20XI HYBRID 4WD AUTO 2.0L 5 DOOR","SUV","4WD","31240","KM","https://www.4guys.co.nz/vehicle-details?id=3763390","2021 Nissan X-Trail 20XI HYBRID 4WD AUTO 2.0L 5 DOOR","33600 NZD","USED","Tigre Orange","20 Arthur Porter Drive<br/>","Hamilton","Waikato","New Zealand","-37.753925","175.229511","","https://data.autoplay.co.nz/image.ashx?id=93097556&w=500&h=375&l=true","Hybrid","Automatic","$20k-$40k"
"33273","2018","LDV","T60","2018 LDV T60 LUXURY 4WD D/CAB AUTO 2.8L TURBO DIESEL","Other","4WD","134410","KM","https://www.4guys.co.nz/vehicle-details?id=3768984","2018 LDV T60 LUXURY 4WD D/CAB AUTO 2.8L TURBO DIESEL","26800 NZD","USED","Blue","20 Arthur Porter Drive<br/>","Hamilton","Waikato","New Zealand","-37.753925","175.229511","","https://data.autoplay.co.nz/image.ashx?id=96540856&w=500&h=375&l=true","Diesel","Automatic","$20k-$40k"
"33285","2020","Honda","HR-V","2020 Honda HR-V Active AUTO 1.8L 5 DOOR","SUV","","68238","KM","https://www.4guys.co.nz/vehicle-details?id=3776648","2020 Honda HR-V Active AUTO 1.8L 5 DOOR","23800 NZD","USED","Silver","20 Arthur Porter Drive<br/>","Hamilton","Waikato","New Zealand","-37.753925","175.229511","","https://data.autoplay.co.nz/image.ashx?id=92610900&w=500&h=375&l=true","Petrol","Automatic","$20k-$40k"
"33298","2022","Haval","Jolion","2022 Haval Jolion ULTRA (NZ NEW) AUTO 1.5L TURBO 5 DOOR 2WD","SUV","","33574","KM","https://www.4guys.co.nz/vehicle-details?id=3777492","2022 Haval Jolion ULTRA (NZ NEW) AUTO 1.5L TURBO 5 DOOR 2WD","28800 NZD","USED","Blue","20 Arthur Porter Drive<br/>","Hamilton","Waikato","New Zealand","-37.753925","175.229511","","https://data.autoplay.co.nz/image.ashx?id=92264207&w=500&h=375&l=true","Petrol","Automatic","$20k-$40k"
"33301","2016","Holden","Captiva","2016 Holden Captiva LTZ 7 SEATER DIESEL AUTO 2.2L TURBO DIESEL 4WD 5 DOOR","SUV","4WD","86635","KM","https://www.4guys.co.nz/vehicle-details?id=3780735","2016 Holden Captiva LTZ 7 SEATER DIESEL AUTO 2.2L TURBO DIESEL 4WD 5 DOOR","19800 NZD","USED","Silver","20 Arthur Porter Drive<br/>","Hamilton","Waikato","New Zealand","-37.753925","175.229511","","https://data.autoplay.co.nz/image.ashx?id=92610921&w=500&h=375&l=true","Diesel","Automatic","Under $20k"
"33311","2018","Nissan","Navara","2018 Nissan Navara RX 2WD DOUBLE CAB AUTO 2.3L TURBO DIESEL (NZ NEW)","Other","","90885","KM","https://www.4guys.co.nz/vehicle-details?id=3784198","2018 Nissan Navara RX 2WD DOUBLE CAB AUTO 2.3L TURBO DIESEL (NZ NEW)","29800 NZD","USED","Grey","20 Arthur Porter Drive<br/>","Hamilton","Waikato","New Zealand","-37.753925","175.229511","","https://data.autoplay.co.nz/image.ashx?id=92789050&w=500&h=375&l=true","Diesel","Automatic","$20k-$40k"
"33308","2021","Kia","Seltos","2021 Kia Seltos LX+ AUTO 2.0L 5 DOOR (NZ NEW)","SUV","","38643","KM","https://www.4guys.co.nz/vehicle-details?id=3784452","2021 Kia Seltos LX+ AUTO 2.0L 5 DOOR (NZ NEW)","26960 NZD","USED","Orange","20 Arthur Porter Drive<br/>","Hamilton","Waikato","New Zealand","-37.753925","175.229511","","https://data.autoplay.co.nz/image.ashx?id=92788887&w=500&h=375&l=true","Petrol","Automatic","$20k-$40k"
"33313","2022","Mazda","CX-5","2022 Mazda CX-5 GSX 2.5L 4WD (NZ NEW) AUTO 5 DOOR","SUV","4WD","58630","KM","https://www.4guys.co.nz/vehicle-details?id=3787440","2022 Mazda CX-5 GSX 2.5L 4WD (NZ NEW) AUTO 5 DOOR","36800 NZD","USED","Silver","20 Arthur Porter Drive<br/>","Hamilton","Waikato","New Zealand","-37.753925","175.229511","","https://data.autoplay.co.nz/image.ashx?id=92611569&w=500&h=375&l=true","Petrol","Automatic","$20k-$40k"
"33316","2024","Mitsubishi","Eclipse Cross","2024 Mitsubishi Eclipse Cross VRX (NZ NEW) AUTO 1.5L TURBO 2WD","SUV","","49640","KM","https://www.4guys.co.nz/vehicle-details?id=3788459","2024 Mitsubishi Eclipse Cross VRX (NZ NEW) AUTO 1.5L TURBO 2WD","35800 NZD","USED","Blue","20 Arthur Porter Drive<br/>","Hamilton","Waikato","New Zealand","-37.753925","175.229511","","https://data.autoplay.co.nz/image.ashx?id=92610860&w=500&h=375&l=true","Petrol","Automatic","$20k-$40k"
"33319","2021","Toyota","Corolla","2021 Toyota Corolla SPORTS GZ HYBRID AUTO 1.8L 5 DOOR","Hatchback","","42641","KM","https://www.4guys.co.nz/vehicle-details?id=3789266","2021 Toyota Corolla SPORTS GZ HYBRID AUTO 1.8L 5 DOOR","31800 NZD","USED","Black","20 Arthur Porter Drive<br/>","Hamilton","Waikato","New Zealand","-37.753925","175.229511","","https://data.autoplay.co.nz/image.ashx?id=93836928&w=500&h=375&l=true","Hybrid","Automatic","$20k-$40k"
"33323","2022","Skoda","Kodiaq","2022 Skoda Kodiaq STYLE TSI (132kw) 4WD AUTO 2.0L TURBO 7 SEATER","SUV","4WD","62365","KM","https://www.4guys.co.nz/vehicle-details?id=3790912","2022 Skoda Kodiaq STYLE TSI (132kw) 4WD AUTO 2.0L TURBO 7 SEATER","42800 NZD","USED","Grey","20 Arthur Porter Drive<br/>","Hamilton","Waikato","New Zealand","-37.753925","175.229511","","https://data.autoplay.co.nz/image.ashx?id=92927968&w=500&h=375&l=true","Petrol","Automatic","$40k-$80k"
"33327","2023","Toyota","Land Cruiser Prado","2023 Toyota Land Cruiser Prado TX L PKG 7STS AUTO 2.8L TURBO DIESEL 4WD 5 DOOR","SUV","4WD","25035","KM","https://www.4guys.co.nz/vehicle-details?id=3790913","2023 Toyota Land Cruiser Prado TX L PKG 7STS AUTO 2.8L TURBO DIESEL 4WD 5 DOOR","74800 NZD","USED","Matt Black","20 Arthur Porter Drive<br/>","Hamilton","Waikato","New Zealand","-37.753925","175.229511","","https://data.autoplay.co.nz/image.ashx?id=95279149&w=500&h=375&l=true","Diesel","Automatic","$40k-$80k"
"33333","2023","Toyota","Land Cruiser Prado","2023 Toyota Land Cruiser Prado TX L PKG 7STS AUTO 2.8L TURBO DIESEL 5 DOOR 4WD","SUV","4WD","31221","KM","https://www.4guys.co.nz/vehicle-details?id=3792614","2023 Toyota Land Cruiser Prado TX L PKG 7STS AUTO 2.8L TURBO DIESEL 5 DOOR 4WD","75800 NZD","USED","Matt Black","20 Arthur Porter Drive<br/>","Hamilton","Waikato","New Zealand","-37.753925","175.229511","","https://data.autoplay.co.nz/image.ashx?id=94131939&w=500&h=375&l=true","Diesel","Automatic","$40k-$80k"
"33343","2023","Toyota","Land Cruiser Prado","2023 Toyota Land Cruiser Prado TX L PKG 7STS AUTO 2.8L TURBO DIESEL 4WD 5 DOOR","SUV","4WD","34410","KM","https://www.4guys.co.nz/vehicle-details?id=3796301","2023 Toyota Land Cruiser Prado TX L PKG 7STS AUTO 2.8L TURBO DIESEL 4WD 5 DOOR","75800 NZD","USED","Pearl White","20 Arthur Porter Drive<br/>","Hamilton","Waikato","New Zealand","-37.753925","175.229511","","https://data.autoplay.co.nz/image.ashx?id=94335526&w=500&h=375&l=true","Diesel","Automatic","$40k-$80k"
"33349","2020","Kia","Carnival","2020 Kia Carnival PREMIUM (8 SEATER) NZ NEW AUTO 2.2L TURBO DIESEL 5 DOOR","Van","","62195","KM","https://www.4guys.co.nz/vehicle-details?id=3798524","2020 Kia Carnival PREMIUM (8 SEATER) NZ NEW AUTO 2.2L TURBO DIESEL 5 DOOR","46800 NZD","USED","White","20 Arthur Porter Drive<br/>","Hamilton","Waikato","New Zealand","-37.753925","175.229511","","https://data.autoplay.co.nz/image.ashx?id=93263132&w=500&h=375&l=true","Diesel","Automatic","$40k-$80k"
"33353","2018","Ford","Ranger","2018 Ford Ranger XLT D/CAB 2WD (NZ NEW) AUTO 3.2L TURBO DIESEL","Other","","86325","KM","https://www.4guys.co.nz/vehicle-details?id=3800117","2018 Ford Ranger XLT D/CAB 2WD (NZ NEW) AUTO 3.2L TURBO DIESEL","32800 NZD","USED","Silver","20 Arthur Porter Drive<br/>","Hamilton","Waikato","New Zealand","-37.753925","175.229511","","https://data.autoplay.co.nz/image.ashx?id=96324192&w=500&h=375&l=true","Diesel","Automatic","$20k-$40k"
"33354","2022","Haval","Jolion","2022 Haval Jolion ULTRA (NZ NEW) AUTO 1.5L TURBO 5 DOOR 2WD","SUV","","13922","KM","https://www.4guys.co.nz/vehicle-details?id=3802442","2022 Haval Jolion ULTRA (NZ NEW) AUTO 1.5L TURBO 5 DOOR 2WD","28800 NZD","USED","Red","20 Arthur Porter Drive<br/>","Hamilton","Waikato","New Zealand","-37.753925","175.229511","","https://data.autoplay.co.nz/image.ashx?id=93262908&w=500&h=375&l=true","Petrol","Automatic","$20k-$40k"
"33360","2023","Toyota","Land Cruiser Prado","2023 Toyota Land Cruiser Prado TX L PKG 7STS AUTO 2.8L TURBO DIESEL","SUV","4WD","24230","KM","https://www.4guys.co.nz/vehicle-details?id=3804792","2023 Toyota Land Cruiser Prado TX L PKG 7STS AUTO 2.8L TURBO DIESEL","82800 NZD","USED","Pearl White","20 Arthur Porter Drive<br/>","Hamilton","Waikato","New Zealand","-37.753925","175.229511","","https://data.autoplay.co.nz/image.ashx?id=97308234&w=500&h=375&l=true","Diesel","Automatic","$80k+"
"33367","2022","MG","5","2022 MG 5 ZS EXCITE 1.5L AUTO DOOR 2WD (NZ NEW)","SUV","","25158","KM","https://www.4guys.co.nz/vehicle-details?id=3806243","2022 MG 5 ZS EXCITE 1.5L AUTO DOOR 2WD (NZ NEW)","22800 NZD","USED","Black","20 Arthur Porter Drive<br/>","Hamilton","Waikato","New Zealand","-37.753925","175.229511","","https://data.autoplay.co.nz/image.ashx?id=93265183&w=500&h=375&l=true","Petrol","Automatic","$20k-$40k"
"33368","2019","Audi","SQ7","2019 Audi SQ7 4.0L V8 Bi TDI (320Kw) 7 SEATER AUTO TWIN TURBO V8 DIESEL 5 DOOR (NZ NEW)","SUV","4WD","76860","KM","https://www.4guys.co.nz/vehicle-details?id=3806244","2019 Audi SQ7 4.0L V8 Bi TDI (320Kw) 7 SEATER AUTO TWIN TURBO V8 DIESEL 5 DOOR (NZ NEW)","79800 NZD","USED","Grey","20 Arthur Porter Drive<br/>","Hamilton","Waikato","New Zealand","-37.753925","175.229511","","https://data.autoplay.co.nz/image.ashx?id=93264439&w=500&h=375&l=true","Diesel","Automatic","$40k-$80k"
"33377","2019","Hyundai","iMax","2019 Hyundai iMax 2.5L CRDI 8 SEATER COACH AUTO 2.5L TURBO DIESEL 5 DOOR (NZ NEW)","Van","","51825","KM","https://www.4guys.co.nz/vehicle-details?id=3808138","2019 Hyundai iMax 2.5L CRDI 8 SEATER COACH AUTO 2.5L TURBO DIESEL 5 DOOR (NZ NEW)","39800 NZD","USED","Black","20 Arthur Porter Drive<br/>","Hamilton","Waikato","New Zealand","-37.753925","175.229511","","https://data.autoplay.co.nz/image.ashx?id=93435801&w=500&h=375&l=true","Diesel","Automatic","$20k-$40k"
"33382","2021","Toyota","Corolla","2021 Toyota Corolla SPORT HYBRID G STYLE AUTO 1.8L 5 DOOR HATCH BACK","Hatchback","","31150","KM","https://www.4guys.co.nz/vehicle-details?id=3810174","2021 Toyota Corolla SPORT HYBRID G STYLE AUTO 1.8L 5 DOOR HATCH BACK","32800 NZD","USED","Black","20 Arthur Porter Drive<br/>","Hamilton","Waikato","New Zealand","-37.753925","175.229511","","https://data.autoplay.co.nz/image.ashx?id=95043787&w=500&h=375&l=true","Hybrid","Automatic","$20k-$40k"
"33383","2021","Toyota","Corolla","2021 Toyota Corolla SPORT HYBRID G STYLE AUTO 1.8L 5 DOOR HATCH BACK","Hatchback","","22610","KM","https://www.4guys.co.nz/vehicle-details?id=3811518","2021 Toyota Corolla SPORT HYBRID G STYLE AUTO 1.8L 5 DOOR HATCH BACK","33800 NZD","USED","Grey","20 Arthur Porter Drive<br/>","Hamilton","Waikato","New Zealand","-37.753925","175.229511","","https://data.autoplay.co.nz/image.ashx?id=94335900&w=500&h=375&l=true","Hybrid","Automatic","$20k-$40k"
"33386","2021","Toyota","Corolla","2021 Toyota Corolla SPORT HYBRID G STYLE AUTO 1.8L 5 DOR HATCH BACK","Hatchback","","56202","KM","https://www.4guys.co.nz/vehicle-details?id=3811775","2021 Toyota Corolla SPORT HYBRID G STYLE AUTO 1.8L 5 DOR HATCH BACK","29800 NZD","USED","White","20 Arthur Porter Drive<br/>","Hamilton","Waikato","New Zealand","-37.753925","175.229511","","https://data.autoplay.co.nz/image.ashx?id=95961305&w=500&h=375&l=true","Hybrid","Automatic","$20k-$40k"
"33374","2018","Hyundai","Tucson","2018 Hyundai Tucson CRDI 4WD AUTO 2.0L TURBO DIESEL 5 DOOR","SUV","4WD","149387","KM","https://www.4guys.co.nz/vehicle-details?id=3811968","2018 Hyundai Tucson CRDI 4WD AUTO 2.0L TURBO DIESEL 5 DOOR","18950 NZD","USED","White","20 Arthur Porter Drive<br/>","Hamilton","Waikato","New Zealand","-37.753925","175.229511","","https://data.autoplay.co.nz/image.ashx?id=93263711&w=500&h=375&l=true","Diesel","Automatic","Under $20k"
"33381","2022","Chevrolet","Corvette","2022 Chevrolet Corvette C8 3LT Z51 CONVERTIBLE AUTO 6.2L V8 (495hp) FACTORY RHD","Coupe","","19361","KM","https://www.4guys.co.nz/vehicle-details?id=3812148","2022 Chevrolet Corvette C8 3LT Z51 CONVERTIBLE AUTO 6.2L V8 (495hp) FACTORY RHD","179800 NZD","USED","Amplify Orange","20 Arthur Porter Drive<br/>","Hamilton","Waikato","New Zealand","-37.753925","175.229511","","https://data.autoplay.co.nz/image.ashx?id=93262822&w=500&h=375&l=true","Petrol","Automatic","$80k+"
"33375","2010","Bentley","Continental","2010 Bentley Continental SUPERSPORT AUTO 6.0L W12 COUPE (621hp)","Coupe","","65450","KM","https://www.4guys.co.nz/vehicle-details?id=3812157","2010 Bentley Continental SUPERSPORT AUTO 6.0L W12 COUPE (621hp)","89800 NZD","USED","WHITE","20 Arthur Porter Drive<br/>","Hamilton","Waikato","New Zealand","-37.753925","175.229511","","https://data.autoplay.co.nz/image.ashx?id=94889421&w=500&h=375&l=true","Petrol","Automatic","$80k+"
"33391","2022","Mitsubishi","Outlander","2022 Mitsubishi Outlander XLS 4WD 7 SEATER AUTO 2.5L 5 DOOR (NZ NEW)","SUV","4WD","53675","KM","https://www.4guys.co.nz/vehicle-details?id=3812355","2022 Mitsubishi Outlander XLS 4WD 7 SEATER AUTO 2.5L 5 DOOR (NZ NEW)","39800 NZD","USED","Blue","20 Arthur Porter Drive<br/>","Hamilton","Waikato","New Zealand","-37.753925","175.229511","","https://data.autoplay.co.nz/image.ashx?id=93263170&w=500&h=375&l=true","Petrol","Automatic","$20k-$40k"
"33392","2020","Land Rover","Range Rover Evoque","2020 Land Rover Range Rover Evoque R P250 AUTO 2.0L TURBO DYNAMIC SE 4WD (NZ NEW)","SUV","4WD","62730","KM","https://www.4guys.co.nz/vehicle-details?id=3821570","2020 Land Rover Range Rover Evoque R P250 AUTO 2.0L TURBO DYNAMIC SE 4WD (NZ NEW)","62800 NZD","USED","Silver","20 Arthur Porter Drive<br/>","Hamilton","Waikato","New Zealand","-37.753925","175.229511","59990 NZD","https://data.autoplay.co.nz/image.ashx?id=93436606&w=500&h=375&l=true","Petrol","Automatic","$40k-$80k"
"33379","2019","Kia","Stinger","2019 Kia Stinger GT SPORT 3.3L (NZ NEW) AUTO 3.3L TWIN TURBO LIFTBACK","Sedan","","68864","KM","https://www.4guys.co.nz/vehicle-details?id=3822922","2019 Kia Stinger GT SPORT 3.3L (NZ NEW) AUTO 3.3L TWIN TURBO LIFTBACK","44800 NZD","USED","White","20 Arthur Porter Drive<br/>","Hamilton","Waikato","New Zealand","-37.753925","175.229511","","https://data.autoplay.co.nz/image.ashx?id=93264100&w=500&h=375&l=true","Petrol","Automatic","$40k-$80k"
"33396","2014","Chevrolet","Camaro","2014 Chevrolet Camaro 2SS/RS (2014) COUPE AUTO 6.2L V8 (410hp) COUPE (FACELIFT)","Coupe","","18455","KM","https://www.4guys.co.nz/vehicle-details?id=3824674","2014 Chevrolet Camaro 2SS/RS (2014) COUPE AUTO 6.2L V8 (410hp) COUPE (FACELIFT)","64800 NZD","USED","WHITE","20 Arthur Porter Drive<br/>","Hamilton","Waikato","New Zealand","-37.753925","175.229511","","https://data.autoplay.co.nz/image.ashx?id=93435637&w=500&h=375&l=true","Petrol","Automatic","$40k-$80k"
"33395","2024","Mercedes-Benz","GLB 200","2024 Mercedes-Benz GLB 200 AMG LINE AUTO 1.3L TURBO 2WD (NZ NEW)","SUV","","30550","KM","https://www.4guys.co.nz/vehicle-details?id=3824684","2024 Mercedes-Benz GLB 200 AMG LINE AUTO 1.3L TURBO 2WD (NZ NEW)","62800 NZD","USED","Grey","20 Arthur Porter Drive<br/>","Hamilton","Waikato","New Zealand","-37.753925","175.229511","","https://data.autoplay.co.nz/image.ashx?id=93436820&w=500&h=375&l=true","Petrol","Automatic","$40k-$80k"
"33400","2018","Kia","Carnival","2018 Kia Carnival PREMIUM (8 SEATER) NZ NEW AUTO 2.2L TURBO DIESEL","Van","","69795","KM","https://www.4guys.co.nz/vehicle-details?id=3824686","2018 Kia Carnival PREMIUM (8 SEATER) NZ NEW AUTO 2.2L TURBO DIESEL","41800 NZD","USED","Grey","20 Arthur Porter Drive<br/>","Hamilton","Waikato","New Zealand","-37.753925","175.229511","","https://data.autoplay.co.nz/image.ashx?id=93436218&w=500&h=375&l=true","Diesel","Automatic","$40k-$80k"
"33401","2019","Nissan","Serena","2019 Nissan Serena HIGHWAY STAR 8 STR COACH AUTO 2.0L HYBRID 5 DOOR 2WD","Van","","51550","KM","https://www.4guys.co.nz/vehicle-details?id=3824687","2019 Nissan Serena HIGHWAY STAR 8 STR COACH AUTO 2.0L HYBRID 5 DOOR 2WD","29800 NZD","USED","Pearl White","20 Arthur Porter Drive<br/>","Hamilton","Waikato","New Zealand","-37.753925","175.229511","","https://data.autoplay.co.nz/image.ashx?id=94890000&w=500&h=375&l=true","Hybrid","Automatic","$20k-$40k"
"33411","2023","Mazda","CX-60","2023 Mazda CX-60 XD EXCLUSIVE MODE AUTO 3.3L TURBO DIESEL HYBRID 5 DOOR 2WD","SUV","","9595","KM","https://www.4guys.co.nz/vehicle-details?id=3829272","2023 Mazda CX-60 XD EXCLUSIVE MODE AUTO 3.3L TURBO DIESEL HYBRID 5 DOOR 2WD","52800 NZD","USED","Black","20 Arthur Porter Drive<br/>","Hamilton","Waikato","New Zealand","-37.753925","175.229511","","https://data.autoplay.co.nz/image.ashx?id=95408118&w=500&h=375&l=true","Hybrid","Automatic","$40k-$80k"
"33412","2022","Mazda","CX-60","2022 Mazda CX-60 XD HYBRID EXCLUSIVE 4WD AUTO 3.3L TURBO DIESEL HYBRID","SUV","4WD","12265","KM","https://www.4guys.co.nz/vehicle-details?id=3831386","2022 Mazda CX-60 XD HYBRID EXCLUSIVE 4WD AUTO 3.3L TURBO DIESEL HYBRID","52800 NZD","USED","Grey","20 Arthur Porter Drive<br/>","Hamilton","Waikato","New Zealand","-37.753925","175.229511","","https://data.autoplay.co.nz/image.ashx?id=95406678&w=500&h=375&l=true","Hybrid","Automatic","$40k-$80k"
"33413","2023","Toyota","Land Cruiser Prado","2023 Toyota Land Cruiser Prado TX L PKG 7STS AUTO 2.8L TURBO DIESEL 4WD 5 DOOR","SUV","4WD","29295","KM","https://www.4guys.co.nz/vehicle-details?id=3831387","2023 Toyota Land Cruiser Prado TX L PKG 7STS AUTO 2.8L TURBO DIESEL 4WD 5 DOOR","82800 NZD","USED","Pearl White","20 Arthur Porter Drive<br/>","Hamilton","Waikato","New Zealand","-37.753925","175.229511","","https://data.autoplay.co.nz/image.ashx?id=94890051&w=500&h=375&l=true","Diesel","Automatic","$80k+"
"33417","2016","Audi","A4","2016 Audi A4 AVANT 2.0L TFSI S-LINE AUTO 5 DOOR 2WD","Other","","47860","KM","https://www.4guys.co.nz/vehicle-details?id=3832155","2016 Audi A4 AVANT 2.0L TFSI S-LINE AUTO 5 DOOR 2WD","22800 NZD","USED","Black","20 Arthur Porter Drive<br/>","Hamilton","Waikato","New Zealand","-37.753925","175.229511","","https://data.autoplay.co.nz/image.ashx?id=94890117&w=500&h=375&l=true","Petrol","Automatic","$20k-$40k"
"33419","2013","Chrysler","300C","2013 Chrysler 300C 3.6L LUXURY AUTO SEDAN","Sedan","","47687","KM","https://www.4guys.co.nz/vehicle-details?id=3832157","2013 Chrysler 300C 3.6L LUXURY AUTO SEDAN","25800 NZD","USED","White","20 Arthur Porter Drive<br/>","Hamilton","Waikato","New Zealand","-37.753925","175.229511","","https://data.autoplay.co.nz/image.ashx?id=94742621&w=500&h=375&l=true","Petrol","Automatic","$20k-$40k"
"31937","2017","Holden","Trax","2017 Holden Trax LS 1.4L FACELIFT (NZ NEW) AUTO 1.4L TURBO 5 DOOR","SUV","","59515","KM","https://www.4guys.co.nz/vehicle-details?id=3835772","2017 Holden Trax LS 1.4L FACELIFT (NZ NEW) AUTO 1.4L TURBO 5 DOOR","16800 NZD","USED","Silver","20 Arthur Porter Drive<br/>","Hamilton","Waikato","New Zealand","-37.753925","175.229511","","https://data.autoplay.co.nz/image.ashx?id=93464375&w=500&h=375&l=true","Petrol","Automatic","Under $20k"
"33433","2019","Nissan","Serena","2019 Nissan Serena HIGHWAY STAR HYBRID AUTO 2.0L 8 SEATER 5 DOOR","Van","","20232","KM","https://www.4guys.co.nz/vehicle-details?id=3838193","2019 Nissan Serena HIGHWAY STAR HYBRID AUTO 2.0L 8 SEATER 5 DOOR","29800 NZD","USED","Pearl White","20 Arthur Porter Drive<br/>","Hamilton","Waikato","New Zealand","-37.753925","175.229511","","https://data.autoplay.co.nz/image.ashx?id=95044361&w=500&h=375&l=true","Hybrid","Automatic","$20k-$40k"
"33434","2015","Audi","A6","2015 Audi A6 2.8FSI QUATTRO S-LINE SEDAN AUTO 2.8L 4WD","Sedan","4WD","45210","KM","https://www.4guys.co.nz/vehicle-details?id=3838194","2015 Audi A6 2.8FSI QUATTRO S-LINE SEDAN AUTO 2.8L 4WD","24800 NZD","USED","White","20 Arthur Porter Drive<br/>","Hamilton","Waikato","New Zealand","-37.753925","175.229511","","https://data.autoplay.co.nz/image.ashx?id=95194584&w=500&h=375&l=true","Petrol","Automatic","$20k-$40k"
"33435","2018","Nissan","Serena","2018 Nissan Serena AUTECH HYBRID AUTO 2.0L 8 SEATER 5 DOOR","Van","","56590","KM","https://www.4guys.co.nz/vehicle-details?id=3838195","2018 Nissan Serena AUTECH HYBRID AUTO 2.0L 8 SEATER 5 DOOR","27800 NZD","USED","Blue","20 Arthur Porter Drive<br/>","Hamilton","Waikato","New Zealand","-37.753925","175.229511","","https://data.autoplay.co.nz/image.ashx?id=94889746&w=500&h=375&l=true","Hybrid","Automatic","$20k-$40k"
"33440","2019","Nissan","Serena","2019 Nissan Serena HIGHWAY STAR HYBRID AUTO 2.0L 5 DOOR 8 SEATER","Van","","39015","KM","https://www.4guys.co.nz/vehicle-details?id=3838488","2019 Nissan Serena HIGHWAY STAR HYBRID AUTO 2.0L 5 DOOR 8 SEATER","29800 NZD","USED","Pearl White","20 Arthur Porter Drive<br/>","Hamilton","Waikato","New Zealand","-37.753925","175.229511","","https://data.autoplay.co.nz/image.ashx?id=94889956&w=500&h=375&l=true","Hybrid","Automatic","$20k-$40k"
"33398","2021","MG","5","2021 MG 5 ZS EXCITE 1.5L AUTO DOOR 2WD (NZ NEW)","Hatchback","","16580","KM","https://www.4guys.co.nz/vehicle-details?id=3838847","2021 MG 5 ZS EXCITE 1.5L AUTO DOOR 2WD (NZ NEW)","22800 NZD","USED","White","20 Arthur Porter Drive<br/>","Hamilton","Waikato","New Zealand","-37.753925","175.229511","","https://data.autoplay.co.nz/image.ashx?id=94132001&w=500&h=375&l=true","Petrol","Automatic","$20k-$40k"
"33427","2015","BMW","116i","2015 BMW 116i HATCH BACK (FACELIFT) AUTO 1.6L TURBO 5 DOOR","Hatchback","","67715","KM","https://www.4guys.co.nz/vehicle-details?id=3840520","2015 BMW 116i HATCH BACK (FACELIFT) AUTO 1.6L TURBO 5 DOOR","15800 NZD","USED","White","20 Arthur Porter Drive<br/>","Hamilton","Waikato","New Zealand","-37.753925","175.229511","","https://data.autoplay.co.nz/image.ashx?id=93774915&w=500&h=375&l=true","Petrol","Automatic","Under $20k"
"33451","2020","Toyota","Corolla","2020 Toyota Corolla SPORT HYBRID G STYLE AUTO 1.8L 5 DOOR 2WD","Hatchback","","27040","KM","https://www.4guys.co.nz/vehicle-details?id=3842275","2020 Toyota Corolla SPORT HYBRID G STYLE AUTO 1.8L 5 DOOR 2WD","33800 NZD","USED","Red","20 Arthur Porter Drive<br/>","Hamilton","Waikato","New Zealand","-37.753925","175.229511","","https://data.autoplay.co.nz/image.ashx?id=95044882&w=500&h=375&l=true","Hybrid","Automatic","$20k-$40k"
"33454","2016","Ford","KUGA","2016 Ford KUGA TITANIUM 2.0L AWD (NZ NEW) AUTO 5 DOOR","SUV","4WD","90720","KM","https://www.4guys.co.nz/vehicle-details?id=3842881","2016 Ford KUGA TITANIUM 2.0L AWD (NZ NEW) AUTO 5 DOOR","19800 NZD","USED","Grey","20 Arthur Porter Drive<br/>","Hamilton","Waikato","New Zealand","-37.753925","175.229511","","https://data.autoplay.co.nz/image.ashx?id=94335322&w=500&h=375&l=true","Petrol","Automatic","Under $20k"
"33455","2021","Nissan","Serena","2021 Nissan Serena HIGHWAY STAR HYBRID AUTO 2.0L 5 DOOR 8 SEATER 2WD","Van","","59200","KM","https://www.4guys.co.nz/vehicle-details?id=3843150","2021 Nissan Serena HIGHWAY STAR HYBRID AUTO 2.0L 5 DOOR 8 SEATER 2WD","34800 NZD","USED","Black","20 Arthur Porter Drive<br/>","Hamilton","Waikato","New Zealand","-37.753925","175.229511","","https://data.autoplay.co.nz/image.ashx?id=95407515&w=500&h=375&l=true","Hybrid","Automatic","$20k-$40k"
"33456","2022","Nissan","Serena","2022 Nissan Serena HIGHWAY STAR HYBRID AUTO 2.0L 5 DOOR 8 SEATER 2WD","Van","","34590","KM","https://www.4guys.co.nz/vehicle-details?id=3843151","2022 Nissan Serena HIGHWAY STAR HYBRID AUTO 2.0L 5 DOOR 8 SEATER 2WD","34800 NZD","USED","Pearl White","20 Arthur Porter Drive<br/>","Hamilton","Waikato","New Zealand","-37.753925","175.229511","","https://data.autoplay.co.nz/image.ashx?id=95406729&w=500&h=375&l=true","Hybrid","Automatic","$20k-$40k"
"33457","2021","Toyota","Corolla","2021 Toyota Corolla TOURING HYBRID WXB AUTO 1.8L 5 DOOR","Hatchback","","12765","KM","https://www.4guys.co.nz/vehicle-details?id=3844673","2021 Toyota Corolla TOURING HYBRID WXB AUTO 1.8L 5 DOOR","34800 NZD","USED","Pearl White","20 Arthur Porter Drive<br/>","Hamilton","Waikato","New Zealand","-37.753925","175.229511","","https://data.autoplay.co.nz/image.ashx?id=96323242&w=500&h=375&l=true","Hybrid","Automatic","$20k-$40k"
"33458","2020","Toyota","Corolla","2020 Toyota Corolla TOURING HYBRID WXB AUTO 1.8L 5 DOOR 2WD","Hatchback","","36160","KM","https://www.4guys.co.nz/vehicle-details?id=3844674","2020 Toyota Corolla TOURING HYBRID WXB AUTO 1.8L 5 DOOR 2WD","32800 NZD","USED","Pearl White","20 Arthur Porter Drive<br/>","Hamilton","Waikato","New Zealand","-37.753925","175.229511","","https://data.autoplay.co.nz/image.ashx?id=97606927&w=500&h=375&l=true","Hybrid","Automatic","$20k-$40k"
"33461","2018","Audi","A1","2018 Audi A1 SPORTSBACK (NZ NEW-FACELIFT) AUTO 1.4L TURBO 5 DOOR 2WD","Hatchback","","44070","KM","https://www.4guys.co.nz/vehicle-details?id=3847430","2018 Audi A1 SPORTSBACK (NZ NEW-FACELIFT) AUTO 1.4L TURBO 5 DOOR 2WD","19800 NZD","USED","Silver","20 Arthur Porter Drive<br/>","Hamilton","Waikato","New Zealand","-37.753925","175.229511","","https://data.autoplay.co.nz/image.ashx?id=93956859&w=500&h=375&l=true","Petrol","Automatic","Under $20k"
"33467","2020","Toyota","C-HR","2020 Toyota C-HR LIMITED 1.2L TURBO AUTO 5 DOOR (NZ NEW)","Hatchback","","51850","KM","https://www.4guys.co.nz/vehicle-details?id=3850280","2020 Toyota C-HR LIMITED 1.2L TURBO AUTO 5 DOOR (NZ NEW)","31800 NZD","USED","White","20 Arthur Porter Drive<br/>","Hamilton","Waikato","New Zealand","-37.753925","175.229511","","https://data.autoplay.co.nz/image.ashx?id=94131539&w=500&h=375&l=true","Petrol","Automatic","$20k-$40k"
"33468","2020","Toyota","Corolla","2020 Toyota Corolla TOURING WXB AUTO 1.8L 5 DOOR 2WD","Hatchback","","6430","KM","https://www.4guys.co.nz/vehicle-details?id=3850281","2020 Toyota Corolla TOURING WXB AUTO 1.8L 5 DOOR 2WD","34800 NZD","USED","Black","20 Arthur Porter Drive<br/>","Hamilton","Waikato","New Zealand","-37.753925","175.229511","","https://data.autoplay.co.nz/image.ashx?id=96540615&w=500&h=375&l=true","Petrol","Automatic","$20k-$40k"
"33471","2024","BMW","X7","2024 BMW X7 M60i X DRIVE 4WD 6STS AUTO 4.4L V8 TWIN TURBO 5 DOOR","SUV","4WD","23900","KM","https://www.4guys.co.nz/vehicle-details?id=3851129","2024 BMW X7 M60i X DRIVE 4WD 6STS AUTO 4.4L V8 TWIN TURBO 5 DOOR","159800 NZD","USED","White","20 Arthur Porter Drive<br/>","Hamilton","Waikato","New Zealand","-37.753925","175.229511","","https://data.autoplay.co.nz/image.ashx?id=95757431&w=500&h=375&l=true","Petrol","Automatic","$80k+"
"33473","2025","Mitsubishi","Outlander","2025 Mitsubishi Outlander SPORTS 7 SEATER AUTO 5 DOOR 2WD (NZ NEW)","SUV","","13980","KM","https://www.4guys.co.nz/vehicle-details?id=3851581","2025 Mitsubishi Outlander SPORTS 7 SEATER AUTO 5 DOOR 2WD (NZ NEW)","46800 NZD","USED","Grey","20 Arthur Porter Drive<br/>","Hamilton","Waikato","New Zealand","-37.753925","175.229511","","https://data.autoplay.co.nz/image.ashx?id=94335065&w=500&h=375&l=true","Petrol","Automatic","$40k-$80k"
"33397","2013","Jeep","Grand Cherokee","2013 Jeep Grand Cherokee LAREDO AUTO 3.6L 5 DOOR 4WD","SUV","4WD","121998","KM","https://www.4guys.co.nz/vehicle-details?id=3853394","2013 Jeep Grand Cherokee LAREDO AUTO 3.6L 5 DOOR 4WD","18800 NZD","USED","White","20 Arthur Porter Drive<br/>","Hamilton","Waikato","New Zealand","-37.753925","175.229511","","https://data.autoplay.co.nz/image.ashx?id=94742405&w=500&h=375&l=true","Petrol","Automatic","Under $20k"
"33476","2022","Mitsubishi","Triton","2022 Mitsubishi Triton GLXR D/CAB 2WD AUTO 2.4L TURBO DIESEL (NZ NEW)","Other","","120360","KM","https://www.4guys.co.nz/vehicle-details?id=3853396","2022 Mitsubishi Triton GLXR D/CAB 2WD AUTO 2.4L TURBO DIESEL (NZ NEW)","31800 NZD","USED","White","20 Arthur Porter Drive<br/>","Hamilton","Waikato","New Zealand","-37.753925","175.229511","","https://data.autoplay.co.nz/image.ashx?id=94742859&w=500&h=375&l=true","Diesel","Automatic","$20k-$40k"
"33482","2024","Kia","Carnival","2024 Kia Carnival EX 2.2L 8 SEATER COACH AUTO 2.2L TURBO DIESEL (FACELIFT)","Van","","63110","KM","https://www.4guys.co.nz/vehicle-details?id=3856478","2024 Kia Carnival EX 2.2L 8 SEATER COACH AUTO 2.2L TURBO DIESEL (FACELIFT)","47800 NZD","USED","White","20 Arthur Porter Drive<br/>","Hamilton","Waikato","New Zealand","-37.753925","175.229511","","https://data.autoplay.co.nz/image.ashx?id=94527548&w=500&h=375&l=true","Diesel","Automatic","$40k-$80k"
"33483","2017","Audi","A6","2017 Audi A6 2.0TFSI QUATTRO S-LINE AUTO 2.0L TURBO SEDAN 4WD","Sedan","4WD","45779","KM","https://www.4guys.co.nz/vehicle-details?id=3856479","2017 Audi A6 2.0TFSI QUATTRO S-LINE AUTO 2.0L TURBO SEDAN 4WD","27800 NZD","USED","Silver","20 Arthur Porter Drive<br/>","Hamilton","Waikato","New Zealand","-37.753925","175.229511","","https://data.autoplay.co.nz/image.ashx?id=96323792&w=500&h=375&l=true","Petrol","Automatic","$20k-$40k"
"33489","2020","Great Wall","Cannon","2020 Great Wall Cannon LUXURY 4X4 AUTO 2.0L TURBO DIESEL D/CAB (NZ NEW)","Other","4WD","79010","KM","https://www.4guys.co.nz/vehicle-details?id=3864303","2020 Great Wall Cannon LUXURY 4X4 AUTO 2.0L TURBO DIESEL D/CAB (NZ NEW)","28600 NZD","USED","White","20 Arthur Porter Drive<br/>","Hamilton","Waikato","New Zealand","-37.753925","175.229511","","https://data.autoplay.co.nz/image.ashx?id=94742064&w=500&h=375&l=true","Diesel","Automatic","$20k-$40k"
"33494","2021","Nissan","X-Trail","2021 Nissan X-Trail 20XI HYBRID 2WD AUTO 2.0L 5 DOOR","SUV","","59708","KM","https://www.4guys.co.nz/vehicle-details?id=3864304","2021 Nissan X-Trail 20XI HYBRID 2WD AUTO 2.0L 5 DOOR","29950 NZD","USED","Blue","20 Arthur Porter Drive<br/>","Hamilton","Waikato","New Zealand","-37.753925","175.229511","","https://data.autoplay.co.nz/image.ashx?id=96135501&w=500&h=375&l=true","Hybrid","Automatic","$20k-$40k"
"33500","2016","Audi","A1","2016 Audi A1 SPORTSBACK (NZ NEW-FACELIFT) AUTO 1.4TFSI TURBO 5 DOOR","Hatchback","","77154","KM","https://www.4guys.co.nz/vehicle-details?id=3864406","2016 Audi A1 SPORTSBACK (NZ NEW-FACELIFT) AUTO 1.4TFSI TURBO 5 DOOR","16800 NZD","USED","White","20 Arthur Porter Drive<br/>","Hamilton","Waikato","New Zealand","-37.753925","175.229511","","https://data.autoplay.co.nz/image.ashx?id=94888714&w=500&h=375&l=true","Petrol","Automatic","Under $20k"
"33501","2024","Mitsubishi","Outlander","2024 Mitsubishi Outlander VRX 2.5L 7 SEATER AUTO 5 DOOR 2WD (NZ NEW)","SUV","","35105","KM","https://www.4guys.co.nz/vehicle-details?id=3865700","2024 Mitsubishi Outlander VRX 2.5L 7 SEATER AUTO 5 DOOR 2WD (NZ NEW)","48600 NZD","USED","White","20 Arthur Porter Drive<br/>","Hamilton","Waikato","New Zealand","-37.753925","175.229511","","https://data.autoplay.co.nz/image.ashx?id=94527044&w=500&h=375&l=true","Petrol","Automatic","$40k-$80k"
"33513","2024","Mitsubishi","Eclipse Cross","2024 Mitsubishi Eclipse Cross VRX (NZ NEW) AUTO (8SPD) 1.5L TURBO 5 DOOR","SUV","","34330","KM","https://www.4guys.co.nz/vehicle-details?id=3868663","2024 Mitsubishi Eclipse Cross VRX (NZ NEW) AUTO (8SPD) 1.5L TURBO 5 DOOR","32800 NZD","USED","White","20 Arthur Porter Drive<br/>","Hamilton","Waikato","New Zealand","-37.753925","175.229511","","https://data.autoplay.co.nz/image.ashx?id=94527478&w=500&h=375&l=true","Petrol","Automatic","$20k-$40k"
"33517","2024","Mitsubishi","Outlander","2024 Mitsubishi Outlander VRX 2.5L 7 SEATER AUTO 5 DOOR 4WD (NZ NEW)","SUV","4WD","54100","KM","https://www.4guys.co.nz/vehicle-details?id=3871025","2024 Mitsubishi Outlander VRX 2.5L 7 SEATER AUTO 5 DOOR 4WD (NZ NEW)","44800 NZD","USED","Grey","20 Arthur Porter Drive<br/>","Hamilton","Waikato","New Zealand","-37.753925","175.229511","","https://data.autoplay.co.nz/image.ashx?id=94742882&w=500&h=375&l=true","Petrol","Automatic","$40k-$80k"
"33512","2014","Dodge","Journey","2014 Dodge Journey R/T 3.6L 7 SEATER AUTO 5 DOOR (NZ NEW)","SUV","","142390","KM","https://www.4guys.co.nz/vehicle-details?id=3871964","2014 Dodge Journey R/T 3.6L 7 SEATER AUTO 5 DOOR (NZ NEW)","15800 NZD","USED","Black","20 Arthur Porter Drive<br/>","Hamilton","Waikato","New Zealand","-37.753925","175.229511","","https://data.autoplay.co.nz/image.ashx?id=96715206&w=500&h=375&l=true","Petrol","Automatic","Under $20k"
"33524","2024","Mitsubishi","Outlander","2024 Mitsubishi Outlander SPORT 2.5L 7STS AUTO 5 DOOR 4WD (NZ NEW)","SUV","4WD","54824","KM","https://www.4guys.co.nz/vehicle-details?id=3873249","2024 Mitsubishi Outlander SPORT 2.5L 7STS AUTO 5 DOOR 4WD (NZ NEW)","41800 NZD","USED","Red","20 Arthur Porter Drive<br/>","Hamilton","Waikato","New Zealand","-37.753925","175.229511","","https://data.autoplay.co.nz/image.ashx?id=94743156&w=500&h=375&l=true","Petrol","Automatic","$40k-$80k"
"33525","2024","Mitsubishi","Outlander","2024 Mitsubishi Outlander VRX 2.5L 7 SEATER AUTO 5 DOOR 4WD (NZ NEW)","SUV","4WD","57845","KM","https://www.4guys.co.nz/vehicle-details?id=3873885","2024 Mitsubishi Outlander VRX 2.5L 7 SEATER AUTO 5 DOOR 4WD (NZ NEW)","44800 NZD","USED","White","20 Arthur Porter Drive<br/>","Hamilton","Waikato","New Zealand","-37.753925","175.229511","","https://data.autoplay.co.nz/image.ashx?id=94889837&w=500&h=375&l=true","Petrol","Automatic","$40k-$80k"
"33536","2016","Audi","A6","2016 Audi A6 2.0TFSI QUATTRO S LINE AUTO 2.0L TURBO SEDAN 4WD","Sedan","4WD","34798","KM","https://www.4guys.co.nz/vehicle-details?id=3878062","2016 Audi A6 2.0TFSI QUATTRO S LINE AUTO 2.0L TURBO SEDAN 4WD","29800 NZD","USED","White","20 Arthur Porter Drive<br/>","Hamilton","Waikato","New Zealand","-37.753925","175.229511","","https://data.autoplay.co.nz/image.ashx?id=95960966&w=500&h=375&l=true","Petrol","Automatic","$20k-$40k"
"33537","2016","Mitsubishi","Lancer","2016 Mitsubishi Lancer GSR 2.0L (NZ NEW) AUTO SEDAN (FACELIFT)","Sedan","","96136","KM","https://www.4guys.co.nz/vehicle-details?id=3878403","2016 Mitsubishi Lancer GSR 2.0L (NZ NEW) AUTO SEDAN (FACELIFT)","17800 NZD","USED","Black","20 Arthur Porter Drive<br/>","Hamilton","Waikato","New Zealand","-37.753925","175.229511","","https://data.autoplay.co.nz/image.ashx?id=95044757&w=500&h=375&l=true","Petrol","Automatic","Under $20k"
"33558","2018","Mitsubishi","Triton","2018 Mitsubishi Triton GLX 4WD X/CAB AUTO 2.4L TURBO DIESEL (NZ NEW)","Other","4WD","103817","KM","https://www.4guys.co.nz/vehicle-details?id=3889479","2018 Mitsubishi Triton GLX 4WD X/CAB AUTO 2.4L TURBO DIESEL (NZ NEW)","29800 NZD","USED","Grey","20 Arthur Porter Drive<br/>","Hamilton","Waikato","New Zealand","-37.753925","175.229511","","https://data.autoplay.co.nz/image.ashx?id=95618858&w=500&h=375&l=true","Diesel","Automatic","$20k-$40k"
"33559","2018","Toyota","Land Cruiser","2018 Toyota Land Cruiser LX 4.5TD 4WD 5SPD MANUAL 4.5L V8 TURBO DIESEL F/DECK","Other","4WD","62000","KM","https://www.4guys.co.nz/vehicle-details?id=3889480","2018 Toyota Land Cruiser LX 4.5TD 4WD 5SPD MANUAL 4.5L V8 TURBO DIESEL F/DECK","109800 NZD","USED","White","20 Arthur Porter Drive<br/>","Hamilton","Waikato","New Zealand","-37.753925","175.229511","104800 NZD","https://data.autoplay.co.nz/image.ashx?id=95279168&w=500&h=375&l=true","Diesel","Manual","$80k+"
"33575","2017","Mitsubishi","Lancer","2017 Mitsubishi Lancer GSR 2.0L (NZ NEW) AUTO SEDAN","Sedan","","49940","KM","https://www.4guys.co.nz/vehicle-details?id=3893180","2017 Mitsubishi Lancer GSR 2.0L (NZ NEW) AUTO SEDAN","21800 NZD","USED","Red","20 Arthur Porter Drive<br/>","Hamilton","Waikato","New Zealand","-37.753925","175.229511","","https://data.autoplay.co.nz/image.ashx?id=95619111&w=500&h=375&l=true","Petrol","Automatic","$20k-$40k"
"33579","2022","Kia","Sportage","2022 Kia Sportage URBAN LX+ (NZ NEW) AUTO 2.0L 5 DOOR 2WD","SUV","","50854","KM","https://www.4guys.co.nz/vehicle-details?id=3893184","2022 Kia Sportage URBAN LX+ (NZ NEW) AUTO 2.0L 5 DOOR 2WD","36800 NZD","USED","Black","20 Arthur Porter Drive<br/>","Hamilton","Waikato","New Zealand","-37.753925","175.229511","","https://data.autoplay.co.nz/image.ashx?id=95194279&w=500&h=375&l=true","Petrol","Automatic","$20k-$40k"
"33582","2016","Porsche","Macan","2016 Porsche Macan 4WD AUTO 2.0L TURBO 5 DOOR","SUV","4WD","66140","KM","https://www.4guys.co.nz/vehicle-details?id=3893782","2016 Porsche Macan 4WD AUTO 2.0L TURBO 5 DOOR","35800 NZD","USED","Grey","20 Arthur Porter Drive<br/>","Hamilton","Waikato","New Zealand","-37.753925","175.229511","","https://data.autoplay.co.nz/image.ashx?id=96922556&w=500&h=375&l=true","Petrol","Automatic","$20k-$40k"
"33583","2014","Audi","A6","2014 Audi A6 2.8FSI QUATTRO S-LINE SEDAN AUTO 4 DOOR 4WD","Sedan","4WD","49940","KM","https://www.4guys.co.nz/vehicle-details?id=3893783","2014 Audi A6 2.8FSI QUATTRO S-LINE SEDAN AUTO 4 DOOR 4WD","23800 NZD","USED","White","20 Arthur Porter Drive<br/>","Hamilton","Waikato","New Zealand","-37.753925","175.229511","","https://data.autoplay.co.nz/image.ashx?id=97113976&w=500&h=375&l=true","Petrol","Automatic","$20k-$40k"
"33587","2024","Kia","Carnival","2024 Kia Carnival EX 2.2L 8 SEATER COACH AUTO 2.2L TURBO DIESEL (FACELIFT)","Van","","68433","KM","https://www.4guys.co.nz/vehicle-details?id=3895093","2024 Kia Carnival EX 2.2L 8 SEATER COACH AUTO 2.2L TURBO DIESEL (FACELIFT)","46800 NZD","USED","White","20 Arthur Porter Drive<br/>","Hamilton","Waikato","New Zealand","-37.753925","175.229511","","https://data.autoplay.co.nz/image.ashx?id=95406826&w=500&h=375&l=true","Diesel","Automatic","$40k-$80k"
"33599","2019","Mitsubishi","Triton","2019 Mitsubishi Triton GLXR D/CAB 2WD AUTO 2.4L TURBO DIESEL (NZ NEW)","Other","","51780","KM","https://www.4guys.co.nz/vehicle-details?id=3898683","2019 Mitsubishi Triton GLXR D/CAB 2WD AUTO 2.4L TURBO DIESEL (NZ NEW)","30950 NZD","USED","White","20 Arthur Porter Drive<br/>","Hamilton","Waikato","New Zealand","-37.753925","175.229511","","https://data.autoplay.co.nz/image.ashx?id=95960535&w=500&h=375&l=true","Diesel","Automatic","$20k-$40k"
"33596","2015","Holden","Astra","2015 Holden Astra GTC SPORT AUTO 1.6L TURBO 5 DOOR (NZ NEW)","Hatchback","","84000","KM","https://www.4guys.co.nz/vehicle-details?id=3900801","2015 Holden Astra GTC SPORT AUTO 1.6L TURBO 5 DOOR (NZ NEW)","12800 NZD","USED","Black","20 Arthur Porter Drive<br/>","Hamilton","Waikato","New Zealand","-37.753925","175.229511","","https://data.autoplay.co.nz/image.ashx?id=95618828&w=500&h=375&l=true","Petrol","Automatic","Under $20k"
"33600","2022","SsangYong","Rexton","2022 SsangYong Rexton G4 SPR 7 STS 4WD AUTO 2.2L TURBO DIESEL 5 DOOR (NZ NEW)","SUV","4WD","48765","KM","https://www.4guys.co.nz/vehicle-details?id=3900803","2022 SsangYong Rexton G4 SPR 7 STS 4WD AUTO 2.2L TURBO DIESEL 5 DOOR (NZ NEW)","34800 NZD","USED","Blue","20 Arthur Porter Drive<br/>","Hamilton","Waikato","New Zealand","-37.753925","175.229511","","https://data.autoplay.co.nz/image.ashx?id=96324039&w=500&h=375&l=true","Diesel","Automatic","$20k-$40k"
"33592","2009","Holden","Commodore","2009 Holden Commodore VE SS (NZ NEW) AUTO 6.0L V8 SEDAN","Sedan","","101050","KM","https://www.4guys.co.nz/vehicle-details?id=3903196","2009 Holden Commodore VE SS (NZ NEW) AUTO 6.0L V8 SEDAN","29950 NZD","USED","Black","20 Arthur Porter Drive<br/>","Hamilton","Waikato","New Zealand","-37.753925","175.229511","","https://data.autoplay.co.nz/image.ashx?id=95960928&w=500&h=375&l=true","Petrol","Automatic","$20k-$40k"
"33613","2020","Dodge","Challenger","2020 Dodge Challenger R/T SCATPACK WIDEBODY AUTO 6.4L V8 (485hp) SHAKER COUPE","Coupe","","16582","KM","https://www.4guys.co.nz/vehicle-details?id=3905880","2020 Dodge Challenger R/T SCATPACK WIDEBODY AUTO 6.4L V8 (485hp) SHAKER COUPE","119800 NZD","USED","Gold Rush","20 Arthur Porter Drive<br/>","Hamilton","Waikato","New Zealand","-37.753925","175.229511","","https://data.autoplay.co.nz/image.ashx?id=95618797&w=500&h=375&l=true","Petrol","Automatic","$80k+"
"33614","2020","Toyota","Corolla","2020 Toyota Corolla WXB TOURING AUTO 1.8L 5 DOOR","Hatchback","","39522","KM","https://www.4guys.co.nz/vehicle-details?id=3905886","2020 Toyota Corolla WXB TOURING AUTO 1.8L 5 DOOR","29800 NZD","USED","Black","20 Arthur Porter Drive<br/>","Hamilton","Waikato","New Zealand","-37.753925","175.229511","","https://data.autoplay.co.nz/image.ashx?id=95619460&w=500&h=375&l=true","Petrol","Automatic","$20k-$40k"
"33616","2022","Ford","Everest","2022 Ford Everest SPORT 7STS AUTO (10SPD) 2.0L TWIN TURBO DIESEL 4WD","SUV","4WD","60120","KM","https://www.4guys.co.nz/vehicle-details?id=3907144","2022 Ford Everest SPORT 7STS AUTO (10SPD) 2.0L TWIN TURBO DIESEL 4WD","49800 NZD","USED","White","20 Arthur Porter Drive<br/>","Hamilton","Waikato","New Zealand","-37.753925","175.229511","","https://data.autoplay.co.nz/image.ashx?id=95960415&w=500&h=375&l=true","Diesel","Automatic","$40k-$80k"
"33624","2020","Dodge","Charger","2020 Dodge Charger R/T SCAT PACK WIDEBODY AUTO 6.4L V8 (485hp) SEDAN","Sedan","","39701","KM","https://www.4guys.co.nz/vehicle-details?id=3912842","2020 Dodge Charger R/T SCAT PACK WIDEBODY AUTO 6.4L V8 (485hp) SEDAN","99800 NZD","USED","Hellraisin","20 Arthur Porter Drive<br/>","Hamilton","Waikato","New Zealand","-37.753925","175.229511","","https://data.autoplay.co.nz/image.ashx?id=96260899&w=500&h=375&l=true","Petrol","Automatic","$80k+"
"33627","2018","Dodge","Challenger","2018 Dodge Challenger HELLCAT WIDEBODY AUTO 6.2L V8 (707HP) COUPE","Coupe","","20485","KM","https://www.4guys.co.nz/vehicle-details?id=3912843","2018 Dodge Challenger HELLCAT WIDEBODY AUTO 6.2L V8 (707HP) COUPE","144800 NZD","USED","Destroyer Grey","20 Arthur Porter Drive<br/>","Hamilton","Waikato","New Zealand","-37.753925","175.229511","","https://data.autoplay.co.nz/image.ashx?id=95757370&w=500&h=375&l=true","Petrol","Automatic","$80k+"
"33630","2019","Ford","Ranger","2019 Ford Ranger XLT D/CAB 2WD (NZ NEW) AUTO 3.2L TURBO DIESEL","Other","","127592","KM","https://www.4guys.co.nz/vehicle-details?id=3912854","2019 Ford Ranger XLT D/CAB 2WD (NZ NEW) AUTO 3.2L TURBO DIESEL","30800 NZD","USED","Silver","20 Arthur Porter Drive<br/>","Hamilton","Waikato","New Zealand","-37.753925","175.229511","","https://data.autoplay.co.nz/image.ashx?id=96324201&w=500&h=375&l=true","Diesel","Automatic","$20k-$40k"
"33634","2020","Dodge","Challenger","2020 Dodge Challenger HELLCAT REDEYE (797HP) AUTO 6.2L V8 SUPERCHARGED COUPE","Coupe","","9619","KM","https://www.4guys.co.nz/vehicle-details?id=3912912","2020 Dodge Challenger HELLCAT REDEYE (797HP) AUTO 6.2L V8 SUPERCHARGED COUPE","179800 NZD","USED","Pitch Black","20 Arthur Porter Drive<br/>","Hamilton","Waikato","New Zealand","-37.753925","175.229511","","https://data.autoplay.co.nz/image.ashx?id=95757017&w=500&h=375&l=true","Petrol","Automatic","$80k+"
"33635","2017","Mitsubishi","Lancer","2017 Mitsubishi Lancer GSR 2.0L (NZ NEW) AUTO SEDAN (FACELIFT)","Sedan","","102140","KM","https://www.4guys.co.nz/vehicle-details?id=3914363","2017 Mitsubishi Lancer GSR 2.0L (NZ NEW) AUTO SEDAN (FACELIFT)","16800 NZD","USED","Silver","20 Arthur Porter Drive<br/>","Hamilton","Waikato","New Zealand","-37.753925","175.229511","","https://data.autoplay.co.nz/image.ashx?id=97071692&w=500&h=375&l=true","Petrol","Automatic","Under $20k"
"33636","2019","Mazda","BT-50","2019 Mazda BT-50 GSX DOUBLE CAB 2WD AUTO 3.2L TURBO DIESEL (NZ NEW)","Other","","54000","KM","https://www.4guys.co.nz/vehicle-details?id=3914364","2019 Mazda BT-50 GSX DOUBLE CAB 2WD AUTO 3.2L TURBO DIESEL (NZ NEW)","34800 NZD","USED","Black","20 Arthur Porter Drive<br/>","Hamilton","Waikato","New Zealand","-37.753925","175.229511","","https://data.autoplay.co.nz/image.ashx?id=95960814&w=500&h=375&l=true","Diesel","Automatic","$20k-$40k"
"33639","2023","Mazda","CX-8","2023 Mazda CX-8 25S EXCLUSIVE MODE AUTO 2.5L 7 SEATER","SUV","","7432","KM","https://www.4guys.co.nz/vehicle-details?id=3916301","2023 Mazda CX-8 25S EXCLUSIVE MODE AUTO 2.5L 7 SEATER","46800 NZD","USED","Grey","20 Arthur Porter Drive<br/>","Hamilton","Waikato","New Zealand","-37.753925","175.229511","","https://data.autoplay.co.nz/image.ashx?id=96921737&w=500&h=375&l=true","Petrol","Automatic","$40k-$80k"
"33640","2021","Mazda","CX-8","2021 Mazda CX-8 25S BLACK TONE EDITION AUTO 2.5L 5 DOOR 7 SEATER 2WD","SUV","","28952","KM","https://www.4guys.co.nz/vehicle-details?id=3918253","2021 Mazda CX-8 25S BLACK TONE EDITION AUTO 2.5L 5 DOOR 7 SEATER 2WD","39800 NZD","USED","Grey","20 Arthur Porter Drive<br/>","Hamilton","Waikato","New Zealand","-37.753925","175.229511","","https://data.autoplay.co.nz/image.ashx?id=96921064&w=500&h=375&l=true","Petrol","Automatic","$20k-$40k"
"33642","2024","MG","5","2024 MG 5 ZS EXCITE 1.5L AUTO DOOR 2WD (NZ NEW)","SUV","","41405","KM","https://www.4guys.co.nz/vehicle-details?id=3918254","2024 MG 5 ZS EXCITE 1.5L AUTO DOOR 2WD (NZ NEW)","23800 NZD","USED","Black","20 Arthur Porter Drive<br/>","Hamilton","Waikato","New Zealand","-37.753925","175.229511","","https://data.autoplay.co.nz/image.ashx?id=96323900&w=500&h=375&l=true","Petrol","Automatic","$20k-$40k"
"33657","2015","Toyota","Aqua","2015 Toyota Aqua X-URBAN HYBRID AUTO 1.5L 5 DOOR 2WD","Hatchback","","58583","KM","https://www.4guys.co.nz/vehicle-details?id=3923879","2015 Toyota Aqua X-URBAN HYBRID AUTO 1.5L 5 DOOR 2WD","17800 NZD","USED","Green","20 Arthur Porter Drive<br/>","Hamilton","Waikato","New Zealand","-37.753925","175.229511","","https://data.autoplay.co.nz/image.ashx?id=97573770&w=500&h=375&l=true","Hybrid","Automatic","Under $20k"
"33664","2018","Ford","Ranger","2018 Ford Ranger XLT D/CAB 2WD (NZ NEW) AUTO 3.2L TURBO DIESEL","Other","","105470","KM","https://www.4guys.co.nz/vehicle-details?id=3927206","2018 Ford Ranger XLT D/CAB 2WD (NZ NEW) AUTO 3.2L TURBO DIESEL","29800 NZD","USED","Grey","20 Arthur Porter Drive<br/>","Hamilton","Waikato","New Zealand","-37.753925","175.229511","","https://data.autoplay.co.nz/image.ashx?id=96539339&w=500&h=375&l=true","Diesel","Automatic","$20k-$40k"
"33666","2017","Ford","Ranger","2017 Ford Ranger XLT D/CAB 2WD (NZ NEW) AUTO 3.2L TURBO DIESEL","Other","","117100","KM","https://www.4guys.co.nz/vehicle-details?id=3927207","2017 Ford Ranger XLT D/CAB 2WD (NZ NEW) AUTO 3.2L TURBO DIESEL","27800 NZD","USED","White","20 Arthur Porter Drive<br/>","Hamilton","Waikato","New Zealand","-37.753925","175.229511","","https://data.autoplay.co.nz/image.ashx?id=96714798&w=500&h=375&l=true","Diesel","Automatic","$20k-$40k"
"33669","2021","Hyundai","Palisade","2021 Hyundai Palisade ELITE 8 SEATER AUTO 2.2L TURBO DIESEL 4WD (NZ NEW)","SUV","4WD","62260","KM","https://www.4guys.co.nz/vehicle-details?id=3927954","2021 Hyundai Palisade ELITE 8 SEATER AUTO 2.2L TURBO DIESEL 4WD (NZ NEW)","54800 NZD","USED","Blue","20 Arthur Porter Drive<br/>","Hamilton","Waikato","New Zealand","-37.753925","175.229511","","https://data.autoplay.co.nz/image.ashx?id=96135171&w=500&h=375&l=true","Diesel","Automatic","$40k-$80k"
"33672","2022","Mitsubishi","Triton","2022 Mitsubishi Triton GLXR D/CAB 2WD AUTO 2.4L TURBO DIESEL","Other","","112845","KM","https://www.4guys.co.nz/vehicle-details?id=3927957","2022 Mitsubishi Triton GLXR D/CAB 2WD AUTO 2.4L TURBO DIESEL","29800 NZD","USED","White","20 Arthur Porter Drive<br/>","Hamilton","Waikato","New Zealand","-37.753925","175.229511","","https://data.autoplay.co.nz/image.ashx?id=96878809&w=500&h=375&l=true","Diesel","Automatic","$20k-$40k"
"33665","2017","Ford","Ranger","2017 Ford Ranger XLT 4X4 D/CAB AUTO 3.2L TURBO DIESEL (NZ NEW)","Other","","137422","KM","https://www.4guys.co.nz/vehicle-details?id=3928539","2017 Ford Ranger XLT 4X4 D/CAB AUTO 3.2L TURBO DIESEL (NZ NEW)","31800 NZD","USED","White","20 Arthur Porter Drive<br/>","Hamilton","Waikato","New Zealand","-37.753925","175.229511","","https://data.autoplay.co.nz/image.ashx?id=96324209&w=500&h=375&l=true","Diesel","Automatic","$20k-$40k"
"33656","2008","Lexus","IS F","2008 Lexus IS F 5.0L V8 AUTO SEDAN","Sedan","","107456","KM","https://www.4guys.co.nz/vehicle-details?id=3929739","2008 Lexus IS F 5.0L V8 AUTO SEDAN","34800 NZD","USED","Black","20 Arthur Porter Drive<br/>","Hamilton","Waikato","New Zealand","-37.753925","175.229511","","https://data.autoplay.co.nz/image.ashx?id=96715567&w=500&h=375&l=true","Petrol","Automatic","$20k-$40k"
"33676","2024","Subaru","BRZ","2024 Subaru BRZ S STI AERO COUPE AUTO 2.4L","Coupe","","7140","KM","https://www.4guys.co.nz/vehicle-details?id=3930722","2024 Subaru BRZ S STI AERO COUPE AUTO 2.4L","49800 NZD","USED","Black","20 Arthur Porter Drive<br/>","Hamilton","Waikato","New Zealand","-37.753925","175.229511","","https://data.autoplay.co.nz/image.ashx?id=97307975&w=500&h=375&l=true","Petrol","Automatic","$40k-$80k"
"33678","2020","Toyota","Commuter","2020 Toyota Commuter HIACE GL SUPER LONG 14 SEATER AUTO 2.7L 4 DOOR 2WD","Van","","3745","KM","https://www.4guys.co.nz/vehicle-details?id=3930723","2020 Toyota Commuter HIACE GL SUPER LONG 14 SEATER AUTO 2.7L 4 DOOR 2WD","59800 NZD","USED","White","20 Arthur Porter Drive<br/>","Hamilton","Waikato","New Zealand","-37.753925","175.229511","","https://data.autoplay.co.nz/image.ashx?id=96077752&w=500&h=375&l=true","Petrol","Automatic","$40k-$80k"
"33699","2020","Ford","Mustang","2020 Ford Mustang ROUSH STAGE 3 (NZ NEW) AUTO COUPE 50L V8 S/C 700HP (RH STEER-NZ NEW)","Coupe","","18982","KM","https://www.4guys.co.nz/vehicle-details?id=3935912","2020 Ford Mustang ROUSH STAGE 3 (NZ NEW) AUTO COUPE 50L V8 S/C 700HP (RH STEER-NZ NEW)","79800 NZD","USED","Silver","20 Arthur Porter Drive<br/>","Hamilton","Waikato","New Zealand","-37.753925","175.229511","","https://data.autoplay.co.nz/image.ashx?id=96323040&w=500&h=375&l=true","Petrol","Automatic","$40k-$80k"
"33691","2015","Subaru","Levorg","2015 Subaru Levorg 1.6L TURBO AWD AUTO 5 DOOR","Other","4WD","162158","KM","https://www.4guys.co.nz/vehicle-details?id=3936756","2015 Subaru Levorg 1.6L TURBO AWD AUTO 5 DOOR","15800 NZD","USED","Blue","20 Arthur Porter Drive<br/>","Hamilton","Waikato","New Zealand","-37.753925","175.229511","","https://data.autoplay.co.nz/image.ashx?id=97113081&w=500&h=375&l=true","Petrol","Automatic","Under $20k"
"33703","2020","BMW","X5","2020 BMW X5 X DRIVE 50i M SPORT AUTO 4.4L V8 TWIN TURBO 4WD 5 DOOR","Other","4WD","68984","KM","https://www.4guys.co.nz/vehicle-details?id=3938076","2020 BMW X5 X DRIVE 50i M SPORT AUTO 4.4L V8 TWIN TURBO 4WD 5 DOOR","49800 NZD","USED","Black","20 Arthur Porter Drive<br/>","Hamilton","Waikato","New Zealand","-37.753925","175.229511","","https://data.autoplay.co.nz/image.ashx?id=96296090&w=500&h=375&l=true","Petrol","Automatic","$40k-$80k"
"33711","2022","Renault","Koleos","2022 Renault Koleos ZEN SPORT 2.5L AUTO 5 DOOR (NZ NEW)","SUV","","120885","KM","https://www.4guys.co.nz/vehicle-details?id=3940381","2022 Renault Koleos ZEN SPORT 2.5L AUTO 5 DOOR (NZ NEW)","23800 NZD","USED","White","20 Arthur Porter Drive<br/>","Hamilton","Waikato","New Zealand","-37.753925","175.229511","","https://data.autoplay.co.nz/image.ashx?id=96715159&w=500&h=375&l=true","Petrol","Automatic","$20k-$40k"
"33716","2019","Mazda","3","2019 Mazda 3 20S L PKG HATCH BACK AUTO 2.0L 5 DOOR","Hatchback","","21734","KM","https://www.4guys.co.nz/vehicle-details?id=3941895","2019 Mazda 3 20S L PKG HATCH BACK AUTO 2.0L 5 DOOR","30800 NZD","USED","Black","20 Arthur Porter Drive<br/>","Hamilton","Waikato","New Zealand","-37.753925","175.229511","","https://data.autoplay.co.nz/image.ashx?id=97771157&w=500&h=375&l=true","Petrol","Automatic","$20k-$40k"
"33719","2024","Nissan","Navara","2024 Nissan Navara PRO-4X 4WD D/CAB AUTO 2.3L TURBO DIESEL (NZ NEW)","Other","4WD","39266","KM","https://www.4guys.co.nz/vehicle-details?id=3943276","2024 Nissan Navara PRO-4X 4WD D/CAB AUTO 2.3L TURBO DIESEL (NZ NEW)","51800 NZD","USED","Black","20 Arthur Porter Drive<br/>","Hamilton","Waikato","New Zealand","-37.753925","175.229511","","https://data.autoplay.co.nz/image.ashx?id=96538553&w=500&h=375&l=true","Diesel","Automatic","$40k-$80k"
"33723","2018","Audi","SQ7","2018 Audi SQ7 4.0L V8 Bi TDI (320Kw) 7 SEATER AUTO 5 DOOR TWIN TURBO V8 DIESEL 4WD","SUV","4WD","75206","KM","https://www.4guys.co.nz/vehicle-details?id=3943515","2018 Audi SQ7 4.0L V8 Bi TDI (320Kw) 7 SEATER AUTO 5 DOOR TWIN TURBO V8 DIESEL 4WD","69800 NZD","USED","Blue","20 Arthur Porter Drive<br/>","Hamilton","Waikato","New Zealand","-37.753925","175.229511","","https://data.autoplay.co.nz/image.ashx?id=96541038&w=500&h=375&l=true","Diesel","Automatic","$40k-$80k"
"33725","2021","Mitsubishi","Triton","2021 Mitsubishi Triton GLXR D/CAB 2WD AUTO 2.4L TURBO DIESEL (NZ NEW)","Other","","65395","KM","https://www.4guys.co.nz/vehicle-details?id=3944519","2021 Mitsubishi Triton GLXR D/CAB 2WD AUTO 2.4L TURBO DIESEL (NZ NEW)","29800 NZD","USED","Grey","20 Arthur Porter Drive<br/>","Hamilton","Waikato","New Zealand","-37.753925","175.229511","","https://data.autoplay.co.nz/image.ashx?id=97113332&w=500&h=375&l=true","Diesel","Automatic","$20k-$40k"
"33726","2020","Toyota","Hilux","2020 Toyota Hilux SR D/CAB 2WD AUTO 2.8L TURBO DIESEL (NZ NEW)","Other","","121895","KM","https://www.4guys.co.nz/vehicle-details?id=3944520","2020 Toyota Hilux SR D/CAB 2WD AUTO 2.8L TURBO DIESEL (NZ NEW)","33800 NZD","USED","White","20 Arthur Porter Drive<br/>","Hamilton","Waikato","New Zealand","-37.753925","175.229511","","https://data.autoplay.co.nz/image.ashx?id=97308250&w=500&h=375&l=true","Diesel","Automatic","$20k-$40k"
"33632","2018","Holden","Captiva","2018 Holden Captiva LS EQUIPE 7 SEATER 2WD 2.4L AUTO SUV","SUV","","213000","KM","https://www.4guys.co.nz/vehicle-details?id=3946056","2018 Holden Captiva LS EQUIPE 7 SEATER 2WD 2.4L AUTO SUV","10800 NZD","USED","Black","20 Arthur Porter Drive<br/>","Hamilton","Waikato","New Zealand","-37.753925","175.229511","","https://data.autoplay.co.nz/image.ashx?id=96879008&w=500&h=375&l=true","Petrol","Automatic","Under $20k"
"33729","2020","Mazda","3","2020 Mazda 3 20S PROACTIVE TOURING SELECTION AUTO 2.0L 5 DOOR HATCH BACK","Hatchback","","16725","KM","https://www.4guys.co.nz/vehicle-details?id=3946058","2020 Mazda 3 20S PROACTIVE TOURING SELECTION AUTO 2.0L 5 DOOR HATCH BACK","32800 NZD","USED","Grey","20 Arthur Porter Drive<br/>","Hamilton","Waikato","New Zealand","-37.753925","175.229511","","https://data.autoplay.co.nz/image.ashx?id=97982592&w=500&h=375&l=true","Petrol","Automatic","$20k-$40k"
"33731","2021","Mazda","3","2021 Mazda 3 20S PROACTIVE TOURING SELECTION AUTO 2.0L 5 DOOR HATCH BACK","Hatchback","","40120","KM","https://www.4guys.co.nz/vehicle-details?id=3948295","2021 Mazda 3 20S PROACTIVE TOURING SELECTION AUTO 2.0L 5 DOOR HATCH BACK","29800 NZD","USED","Black","20 Arthur Porter Drive<br/>","Hamilton","Waikato","New Zealand","-37.753925","175.229511","","https://data.autoplay.co.nz/image.ashx?id=97982843&w=500&h=375&l=true","Petrol","Automatic","$20k-$40k"
"33734","2019","Toyota","Corolla","2019 Toyota Corolla ZR HYBRID (NZ NEW) AUTO 1.8L 5 DOOR HATCH BACK","Hatchback","","50105","KM","https://www.4guys.co.nz/vehicle-details?id=3951314","2019 Toyota Corolla ZR HYBRID (NZ NEW) AUTO 1.8L 5 DOOR HATCH BACK","29800 NZD","USED","White","20 Arthur Porter Drive<br/>","Hamilton","Waikato","New Zealand","-37.753925","175.229511","","https://data.autoplay.co.nz/image.ashx?id=96920511&w=500&h=375&l=true","Hybrid","Automatic","$20k-$40k"
"33737","2011","Volkswagen","Golf R","2011 Volkswagen Golf R (199KW) AUTO (DSG) 2.0L TURBO AWD (NZ NEW)","Hatchback","4WD","87795","KM","https://www.4guys.co.nz/vehicle-details?id=3951315","2011 Volkswagen Golf R (199KW) AUTO (DSG) 2.0L TURBO AWD (NZ NEW)","22800 NZD","USED","Grey","20 Arthur Porter Drive<br/>","Hamilton","Waikato","New Zealand","-37.753925","175.229511","","https://data.autoplay.co.nz/image.ashx?id=96920823&w=500&h=375&l=true","Petrol","Automatic","$20k-$40k"
"33738","2017","Holden","Colorado","2017 Holden Colorado LTZ D/CAB 4X2 (NZ NEW) AUTO 2.8L TURBO DIESEL 2WD","Other","","154450","KM","https://www.4guys.co.nz/vehicle-details?id=3954107","2017 Holden Colorado LTZ D/CAB 4X2 (NZ NEW) AUTO 2.8L TURBO DIESEL 2WD","25800 NZD","USED","Grey","20 Arthur Porter Drive<br/>","Hamilton","Waikato","New Zealand","-37.753925","175.229511","","https://data.autoplay.co.nz/image.ashx?id=97573244&w=500&h=375&l=true","Diesel","Automatic","$20k-$40k"
"33745","2016","Ford","Ranger","2016 Ford Ranger XLT D/CAB 2WD (NZ NEW) 6SPD MANUAL 3.2L TURBO DIESEL","Other","","158314","KM","https://www.4guys.co.nz/vehicle-details?id=3956663","2016 Ford Ranger XLT D/CAB 2WD (NZ NEW) 6SPD MANUAL 3.2L TURBO DIESEL","28950 NZD","USED","White","20 Arthur Porter Drive<br/>","Hamilton","Waikato","New Zealand","-37.753925","175.229511","","https://data.autoplay.co.nz/image.ashx?id=97113415&w=500&h=375&l=true","Diesel","Manual","$20k-$40k"
"33747","2018","Holden","Captiva","2018 Holden Captiva LTZ 2.2D AWD 7 Seater AUTO 2.2L TURBO DIESEL (NZ NEW)","SUV","4WD","103220","KM","https://www.4guys.co.nz/vehicle-details?id=3957352","2018 Holden Captiva LTZ 2.2D AWD 7 Seater AUTO 2.2L TURBO DIESEL (NZ NEW)","15800 NZD","USED","Blue","20 Arthur Porter Drive<br/>","Hamilton","Waikato","New Zealand","-37.753925","175.229511","","https://data.autoplay.co.nz/image.ashx?id=97113735&w=500&h=375&l=true","Diesel","Automatic","Under $20k"
"33742","2020","Great Wall","Steed","2020 Great Wall Steed 2.4L D/CAB 2WD 5SPD MANUAL (NZ NEW)","Other","","31165","KM","https://www.4guys.co.nz/vehicle-details?id=3958439","2020 Great Wall Steed 2.4L D/CAB 2WD 5SPD MANUAL (NZ NEW)","19800 NZD","USED","Red","20 Arthur Porter Drive<br/>","Hamilton","Waikato","New Zealand","-37.753925","175.229511","","https://data.autoplay.co.nz/image.ashx?id=96922108&w=500&h=375&l=true","Petrol","Manual","Under $20k"
"33750","2018","MINI","Countryman","2018 MINI Countryman JCW 4WD 2.0L AUTO 2.0L TURBO 5 DOOR","Hatchback","4WD","57780","KM","https://www.4guys.co.nz/vehicle-details?id=3958442","2018 MINI Countryman JCW 4WD 2.0L AUTO 2.0L TURBO 5 DOOR","32800 NZD","USED","Black","20 Arthur Porter Drive<br/>","Hamilton","Waikato","New Zealand","-37.753925","175.229511","","https://data.autoplay.co.nz/image.ashx?id=96922172&w=500&h=375&l=true","Petrol","Automatic","$20k-$40k"
"33754","2020","Nissan","X-Trail","2020 Nissan X-Trail ST-L 7 SEATER 2.5L AUTO 5 DOOR 2WD (NZ NEW)","SUV","","59100","KM","https://www.4guys.co.nz/vehicle-details?id=3960538","2020 Nissan X-Trail ST-L 7 SEATER 2.5L AUTO 5 DOOR 2WD (NZ NEW)","26800 NZD","USED","Grey","20 Arthur Porter Drive<br/>","Hamilton","Waikato","New Zealand","-37.753925","175.229511","","https://data.autoplay.co.nz/image.ashx?id=97769346&w=500&h=375&l=true","Petrol","Automatic","$20k-$40k"
"33755","2007","Holden","Commodore","2007 Holden Commodore VZ SV6 UTILITY AUTO 3.6L S/CAB CANOPY","Other","","189000","KM","https://www.4guys.co.nz/vehicle-details?id=3961943","2007 Holden Commodore VZ SV6 UTILITY AUTO 3.6L S/CAB CANOPY","15800 NZD","USED","Orange","20 Arthur Porter Drive<br/>","Hamilton","Waikato","New Zealand","-37.753925","175.229511","","https://data.autoplay.co.nz/image.ashx?id=97572802&w=500&h=375&l=true","Petrol","Automatic","Under $20k"
"33757","2016","Mazda","Axela","2016 Mazda Axela 1.6L SEDAN (FACELIFT) 5SPD MANUAL","Sedan","","79480","KM","https://www.4guys.co.nz/vehicle-details?id=3962109","2016 Mazda Axela 1.6L SEDAN (FACELIFT) 5SPD MANUAL","15800 NZD","USED","Silver","20 Arthur Porter Drive<br/>","Hamilton","Waikato","New Zealand","-37.753925","175.229511","","https://data.autoplay.co.nz/image.ashx?id=97112552&w=500&h=375&l=true","Petrol","Manual","Under $20k"
"33759","2022","Audi","RS4","2022 Audi RS4 AVANT 450HP AUTO 2.9L TWIN TURBO (NZ NEW)","Other","","45634","KM","https://www.4guys.co.nz/vehicle-details?id=3964187","2022 Audi RS4 AVANT 450HP AUTO 2.9L TWIN TURBO (NZ NEW)","109800 NZD","USED","Grey","20 Arthur Porter Drive<br/>","Hamilton","Waikato","New Zealand","-37.753925","175.229511","","https://data.autoplay.co.nz/image.ashx?id=97113875&w=500&h=375&l=true","Petrol","Automatic","$80k+"
"33756","2014","Ford","Ranger","2014 Ford Ranger XL D/CAB 2WD (NZ NEW) AUTO 3.2L TURBO DIESEL","Other","","245750","KM","https://www.4guys.co.nz/vehicle-details?id=3965528","2014 Ford Ranger XL D/CAB 2WD (NZ NEW) AUTO 3.2L TURBO DIESEL","16800 NZD","USED","White","20 Arthur Porter Drive<br/>","Hamilton","Waikato","New Zealand","-37.753925","175.229511","","https://data.autoplay.co.nz/image.ashx?id=97572937&w=500&h=375&l=true","Diesel","Automatic","Under $20k"
"33761","2017","Nissan","X-Trail","2017 Nissan X-Trail 20X 4WD AUTO 2.0L 5 DOOR","SUV","","78756","KM","https://www.4guys.co.nz/vehicle-details?id=3965529","2017 Nissan X-Trail 20X 4WD AUTO 2.0L 5 DOOR","18800 NZD","USED","Black","20 Arthur Porter Drive<br/>","Hamilton","Waikato","New Zealand","-37.753925","175.229511","","https://data.autoplay.co.nz/image.ashx?id=97983029&w=500&h=375&l=true","Petrol","Automatic","Under $20k"
"33762","2019","LDV","T60","2019 LDV T60 LUXURY 4WD D/CAB AUTO 2.8L TURBO DIESEL","Other","4WD","84438","KM","https://www.4guys.co.nz/vehicle-details?id=3965530","2019 LDV T60 LUXURY 4WD D/CAB AUTO 2.8L TURBO DIESEL","26800 NZD","USED","Grey","20 Arthur Porter Drive<br/>","Hamilton","Waikato","New Zealand","-37.753925","175.229511","","https://data.autoplay.co.nz/image.ashx?id=97573396&w=500&h=375&l=true","Diesel","Automatic","$20k-$40k"
"33767","2023","Toyota","RAV4","2023 Toyota RAV4 2.5L LIMITED HYBRID (NZ NEW) AUTO 5 DOOR 4WD","SUV","4WD","45264","KM","https://www.4guys.co.nz/vehicle-details?id=3965532","2023 Toyota RAV4 2.5L LIMITED HYBRID (NZ NEW) AUTO 5 DOOR 4WD","54800 NZD","USED","Silver","20 Arthur Porter Drive<br/>","Hamilton","Waikato","New Zealand","-37.753925","175.229511","","https://data.autoplay.co.nz/image.ashx?id=97308039&w=500&h=375&l=true","Hybrid","Automatic","$40k-$80k"
"33772","2021","Ford","Ranger","2021 Ford Ranger WILDTRAK 3.2L 4X4 AUTO 3.2L TURBO DIESEL (NZ NEW)","Other","4WD","127480","KM","https://www.4guys.co.nz/vehicle-details?id=3966793","2021 Ford Ranger WILDTRAK 3.2L 4X4 AUTO 3.2L TURBO DIESEL (NZ NEW)","39800 NZD","USED","White","20 Arthur Porter Drive<br/>","Hamilton","Waikato","New Zealand","-37.753925","175.229511","","https://data.autoplay.co.nz/image.ashx?id=97770655&w=500&h=375&l=true","Diesel","Automatic","$20k-$40k"
"33773","2007","Holden","Commodore","2007 Holden Commodore SS-V 6.0L AUTO V8 SEDAN","Sedan","","226825","KM","https://www.4guys.co.nz/vehicle-details?id=3967772","2007 Holden Commodore SS-V 6.0L AUTO V8 SEDAN","24800 NZD","USED","Black","20 Arthur Porter Drive<br/>","Hamilton","Waikato","New Zealand","-37.753925","175.229511","","https://data.autoplay.co.nz/image.ashx?id=97181836&w=500&h=375&l=true","Petrol","Automatic","$20k-$40k"
"33769","2017","Volkswagen","Tiguan","2017 Volkswagen Tiguan HIGHLINE 4MOTION AUTO 2.0L TSI TURBO 4WD 5 DOOR (NZ NEW)","SUV","4WD","128446","KM","https://www.4guys.co.nz/vehicle-details?id=3969155","2017 Volkswagen Tiguan HIGHLINE 4MOTION AUTO 2.0L TSI TURBO 4WD 5 DOOR (NZ NEW)","18950 NZD","USED","White","20 Arthur Porter Drive<br/>","Hamilton","Waikato","New Zealand","-37.753925","175.229511","","https://data.autoplay.co.nz/image.ashx?id=97573825&w=500&h=375&l=true","Petrol","Automatic","Under $20k"
"33779","2014","Mitsubishi","Lancer","2014 Mitsubishi Lancer GSR 2.0L (NZ NEW) AUTO SEDAN","Sedan","","100899","KM","https://www.4guys.co.nz/vehicle-details?id=3970047","2014 Mitsubishi Lancer GSR 2.0L (NZ NEW) AUTO SEDAN","15800 NZD","USED","Grey","20 Arthur Porter Drive<br/>","Hamilton","Waikato","New Zealand","-37.753925","175.229511","","https://data.autoplay.co.nz/image.ashx?id=97771443&w=500&h=375&l=true","Petrol","Automatic","Under $20k"
"33780","2020","Mazda","3","2020 Mazda 3 20S L PKG HATCH BACK AUTO 2.0L 5 DOOR","Hatchback","","23520","KM","https://www.4guys.co.nz/vehicle-details?id=3970502","2020 Mazda 3 20S L PKG HATCH BACK AUTO 2.0L 5 DOOR","32950 NZD","USED","Black","20 Arthur Porter Drive<br/>","Hamilton","Waikato","New Zealand","-37.753925","175.229511","","https://data.autoplay.co.nz/image.ashx?id=97319878&w=500&h=375&l=true","Petrol","Automatic","$20k-$40k"
"33775","2011","Nissan","Juke","2011 Nissan Juke ST 1.5L AUTO 1.5L 5 DOOR HATCHBACK","Hatchback","","126226","KM","https://www.4guys.co.nz/vehicle-details?id=3971141","2011 Nissan Juke ST 1.5L AUTO 1.5L 5 DOOR HATCHBACK","8900 NZD","USED","Black","20 Arthur Porter Drive<br/>","Hamilton","Waikato","New Zealand","-37.753925","175.229511","","https://data.autoplay.co.nz/image.ashx?id=97769665&w=500&h=375&l=true","Petrol","Automatic","Under $20k"
"33785","2018","Holden","Captiva","2018 Holden Captiva LTZ 7 3.0L 4WD 7 SEATER AUTO 5 DOOR LWB","SUV","4WD","95267","KM","https://www.4guys.co.nz/vehicle-details?id=3971142","2018 Holden Captiva LTZ 7 3.0L 4WD 7 SEATER AUTO 5 DOOR LWB","19800 NZD","USED","Grey","20 Arthur Porter Drive<br/>","Hamilton","Waikato","New Zealand","-37.753925","175.229511","","https://data.autoplay.co.nz/image.ashx?id=97770216&w=500&h=375&l=true","Petrol","Automatic","Under $20k"
"33786","2021","Ford","Ranger","2021 Ford Ranger XLT D/CAB 2WD (NZ NEW) AUTO 3.2L TURBO DIESEL","Other","","132012","KM","https://www.4guys.co.nz/vehicle-details?id=3971143","2021 Ford Ranger XLT D/CAB 2WD (NZ NEW) AUTO 3.2L TURBO DIESEL","29800 NZD","USED","White","20 Arthur Porter Drive<br/>","Hamilton","Waikato","New Zealand","-37.753925","175.229511","","https://data.autoplay.co.nz/image.ashx?id=97573434&w=500&h=375&l=true","Diesel","Automatic","$20k-$40k"
"33788","2019","Mazda","6","2019 Mazda 6 GSX 2.5L AUTO SEDAN (NZ NEW)","Sedan","","127165","KM","https://www.4guys.co.nz/vehicle-details?id=3972746","2019 Mazda 6 GSX 2.5L AUTO SEDAN (NZ NEW)","19800 NZD","USED","Red","20 Arthur Porter Drive<br/>","Hamilton","Waikato","New Zealand","-37.753925","175.229511","","https://data.autoplay.co.nz/image.ashx?id=97573049&w=500&h=375&l=true","Petrol","Automatic","Under $20k"
"33789","2016","Holden","Captiva","2016 Holden Captiva LT 3.0L 4WD 7 SEATER AUTO 5 DOOR (NZ NEW)","SUV","4WD","110095","KM","https://www.4guys.co.nz/vehicle-details?id=3972747","2016 Holden Captiva LT 3.0L 4WD 7 SEATER AUTO 5 DOOR (NZ NEW)","16800 NZD","USED","Black","20 Arthur Porter Drive<br/>","Hamilton","Waikato","New Zealand","-37.753925","175.229511","","https://data.autoplay.co.nz/image.ashx?id=97308735&w=500&h=375&l=true","Petrol","Automatic","Under $20k"
"33790","2019","Ford","Ranger","2019 Ford Ranger XLT 4X4 D/CAB AUTO 3.2L TURBO DIESEL","Other","4WD","87785","KM","https://www.4guys.co.nz/vehicle-details?id=3973116","2019 Ford Ranger XLT 4X4 D/CAB AUTO 3.2L TURBO DIESEL","35800 NZD","USED","Silver","20 Arthur Porter Drive<br/>","Hamilton","Waikato","New Zealand","-37.753925","175.229511","","https://data.autoplay.co.nz/image.ashx?id=97769258&w=500&h=375&l=true","Diesel","Automatic","$20k-$40k"
"33792","2014","Toyota","Aqua","2014 Toyota Aqua S 1.5L HYBRID AUTO 5 DOOR","Hatchback","","88748","KM","https://www.4guys.co.nz/vehicle-details?id=3973822","2014 Toyota Aqua S 1.5L HYBRID AUTO 5 DOOR","12800 NZD","USED","Purple","20 Arthur Porter Drive<br/>","Hamilton","Waikato","New Zealand","-37.753925","175.229511","","https://data.autoplay.co.nz/image.ashx?id=97771564&w=500&h=375&l=true","Hybrid","Automatic","Under $20k"
"33795","2015","Mitsubishi","Lancer","2015 Mitsubishi Lancer GSR 2.0L (NZ NEW) AUTO SEDAN","Sedan","","41380","KM","https://www.4guys.co.nz/vehicle-details?id=3980582","2015 Mitsubishi Lancer GSR 2.0L (NZ NEW) AUTO SEDAN","19800 NZD","USED","Silver","20 Arthur Porter Drive<br/>","Hamilton","Waikato","New Zealand","-37.753925","175.229511","","https://data.autoplay.co.nz/image.ashx?id=97981624&w=500&h=375&l=true","Petrol","Automatic","Under $20k"
"33796","2022","Ford","Ranger","2022 Ford Ranger XLT D/CAB 2WD (NZ NEW) AUTO (10SPD) 2.0L BI-TURBO DIESEL","Other","","70642","KM","https://www.4guys.co.nz/vehicle-details?id=3980583","2022 Ford Ranger XLT D/CAB 2WD (NZ NEW) AUTO (10SPD) 2.0L BI-TURBO DIESEL","32800 NZD","USED","Silver","20 Arthur Porter Drive<br/>","Hamilton","Waikato","New Zealand","-37.753925","175.229511","","https://data.autoplay.co.nz/image.ashx?id=97981797&w=500&h=375&l=true","Diesel","Automatic","$20k-$40k"
"33797","2022","Ford","Ranger","2022 Ford Ranger XLT D/CAB 2WD (NZ NEW) AUTO (10SPD) 2.0L BI-TURBO DIESEL","Other","","60732","KM","https://www.4guys.co.nz/vehicle-details?id=3980584","2022 Ford Ranger XLT D/CAB 2WD (NZ NEW) AUTO (10SPD) 2.0L BI-TURBO DIESEL","33800 NZD","USED","Silver","20 Arthur Porter Drive<br/>","Hamilton","Waikato","New Zealand","-37.753925","175.229511","","https://data.autoplay.co.nz/image.ashx?id=97427482&w=500&h=375&l=true","Diesel","Automatic","$20k-$40k"
"33798","2022","Ford","Ranger","2022 Ford Ranger XLT D/CAB 2WD (NZ NEW) AUTO (10SPD) 2.0L BI-TURBO DIESEL","Other","","75090","KM","https://www.4guys.co.nz/vehicle-details?id=3980585","2022 Ford Ranger XLT D/CAB 2WD (NZ NEW) AUTO (10SPD) 2.0L BI-TURBO DIESEL","32800 NZD","USED","Silver","20 Arthur Porter Drive<br/>","Hamilton","Waikato","New Zealand","-37.753925","175.229511","","https://data.autoplay.co.nz/image.ashx?id=97769443&w=500&h=375&l=true","Diesel","Automatic","$20k-$40k"
"33799","2022","Hyundai","Kona","2022 Hyundai Kona ELITE 1.6T AWD AUTOI 1.6L TURBO 5 DOOR (NZ NEW)","Hatchback","4WD","57262","KM","https://www.4guys.co.nz/vehicle-details?id=3980586","2022 Hyundai Kona ELITE 1.6T AWD AUTOI 1.6L TURBO 5 DOOR (NZ NEW)","27800 NZD","USED","Red","20 Arthur Porter Drive<br/>","Hamilton","Waikato","New Zealand","-37.753925","175.229511","","https://data.autoplay.co.nz/image.ashx?id=97771112&w=500&h=375&l=true","Petrol","Automatic","$20k-$40k"
"33800","2015","Mercedes-Benz","A 45","2015 Mercedes-Benz A 45 AMG A-CLASS AUTO 2.0L TURBO 5 DOOR 4WD","Hatchback","","50215","KM","https://www.4guys.co.nz/vehicle-details?id=3981147","2015 Mercedes-Benz A 45 AMG A-CLASS AUTO 2.0L TURBO 5 DOOR 4WD","29950 NZD","USED","White","20 Arthur Porter Drive<br/>","Hamilton","Waikato","New Zealand","-37.753925","175.229511","","https://data.autoplay.co.nz/image.ashx?id=97442886&w=500&h=375&l=true","Petrol","Automatic","$20k-$40k"
"33801","2017","Audi","S3","2017 Audi S3 2.0T QUATTRO SEDAN AUTO 4 DOOR","Sedan","","50300","KM","https://www.4guys.co.nz/vehicle-details?id=3981148","2017 Audi S3 2.0T QUATTRO SEDAN AUTO 4 DOOR","34800 NZD","USED","White","20 Arthur Porter Drive<br/>","Hamilton","Waikato","New Zealand","-37.753925","175.229511","","https://data.autoplay.co.nz/image.ashx?id=97442903&w=500&h=375&l=true","Petrol","Automatic","$20k-$40k"
"33802","2016","Audi","S3","2016 Audi S3 2.0T QUATTRO SPORTBACK AUTO 2.0L TURBO 5 DOOR 4WD","Hatchback","","37420","KM","https://www.4guys.co.nz/vehicle-details?id=3981149","2016 Audi S3 2.0T QUATTRO SPORTBACK AUTO 2.0L TURBO 5 DOOR 4WD","34800 NZD","USED","White","20 Arthur Porter Drive<br/>","Hamilton","Waikato","New Zealand","-37.753925","175.229511","","https://data.autoplay.co.nz/image.ashx?id=97442938&w=500&h=375&l=true","Petrol","Automatic","$20k-$40k"
"33805","2014","BMW","116i","2014 BMW 116i M SPORT HATCH BACK (FACELIFT) AUTO 1.6L 5 DOOR","Hatchback","","56935","KM","https://www.4guys.co.nz/vehicle-details?id=3982508","2014 BMW 116i M SPORT HATCH BACK (FACELIFT) AUTO 1.6L 5 DOOR","13800 NZD","USED","White","20 Arthur Porter Drive<br/>","Hamilton","Waikato","New Zealand","-37.753925","175.229511","","https://data.autoplay.co.nz/image.ashx?id=97770355&w=500&h=375&l=true","Petrol","Automatic","Under $20k"
"33809","2018","Mercedes-Benz","A 45","2018 Mercedes-Benz A 45 AMG A-CLASS AUTO 2.0L TURBO 5 DOOR","Hatchback","","36862","KM","https://www.4guys.co.nz/vehicle-details?id=3982509","2018 Mercedes-Benz A 45 AMG A-CLASS AUTO 2.0L TURBO 5 DOOR","38600 NZD","USED","Black","20 Arthur Porter Drive<br/>","Hamilton","Waikato","New Zealand","-37.753925","175.229511","","https://data.autoplay.co.nz/image.ashx?id=97494518&w=500&h=375&l=true","Petrol","Automatic","$20k-$40k"
"33811","2019","Chevrolet","Corvette","2019 Chevrolet Corvette C7 Z51 3LT GRAND SPORT AUTO 6.2L V8 (470hp) COUPE","Coupe","","29096","KM","https://www.4guys.co.nz/vehicle-details?id=3983077","2019 Chevrolet Corvette C7 Z51 3LT GRAND SPORT AUTO 6.2L V8 (470hp) COUPE","129800 NZD","USED","White","20 Arthur Porter Drive<br/>","Hamilton","Waikato","New Zealand","-37.753925","175.229511","","https://data.autoplay.co.nz/image.ashx?id=97572723&w=500&h=375&l=true","Petrol","Automatic","$80k+"
"33791","2021","Hyundai","Tucson","2021 Hyundai Tucson ELITE MPI 2.0L (NZ NEW) AUTO 5 DOOR","SUV","","36647","KM","https://www.4guys.co.nz/vehicle-details?id=3983083","2021 Hyundai Tucson ELITE MPI 2.0L (NZ NEW) AUTO 5 DOOR","32800 NZD","USED","Grey","20 Arthur Porter Drive<br/>","Hamilton","Waikato","New Zealand","-37.753925","175.229511","","https://data.autoplay.co.nz/image.ashx?id=97738333&w=500&h=375&l=true","Petrol","Automatic","$20k-$40k"
"33810","2017","Toyota","C-HR","2017 Toyota C-HR G 1.8L HYBRID AUTO 5 DOOR 2WD","SUV","","72377","KM","https://www.4guys.co.nz/vehicle-details?id=3983085","2017 Toyota C-HR G 1.8L HYBRID AUTO 5 DOOR 2WD","24800 NZD","USED","Silver","20 Arthur Porter Drive<br/>","Hamilton","Waikato","New Zealand","-37.753925","175.229511","","https://data.autoplay.co.nz/image.ashx?id=97499268&w=500&h=375&l=true","Hybrid","Automatic","$20k-$40k"
"33758","2011","Kia","Optima","2011 Kia Optima EX 2.4L (FACELIFT) AUTO SEDAN","Sedan","","129000","KM","https://www.4guys.co.nz/vehicle-details?id=3983217","2011 Kia Optima EX 2.4L (FACELIFT) AUTO SEDAN","13800 NZD","USED","Grey","20 Arthur Porter Drive<br/>","Hamilton","Waikato","New Zealand","-37.753925","175.229511","","https://data.autoplay.co.nz/image.ashx?id=97771660&w=500&h=375&l=true","Petrol","Automatic","Under $20k"
"33807","2022","Mitsubishi","Outlander","2022 Mitsubishi Outlander VRX 2.5L 7 SEATER AUTO 5 DOOR 4WD 9NZ NEW)","SUV","4WD","62116","KM","https://www.4guys.co.nz/vehicle-details?id=3983219","2022 Mitsubishi Outlander VRX 2.5L 7 SEATER AUTO 5 DOOR 4WD 9NZ NEW)","38950 NZD","USED","Black","20 Arthur Porter Drive<br/>","Hamilton","Waikato","New Zealand","-37.753925","175.229511","","https://data.autoplay.co.nz/image.ashx?id=97982219&w=500&h=375&l=true","Petrol","Automatic","$20k-$40k"
"33812","2021","Mitsubishi","Outlander","2021 Mitsubishi Outlander LS 2.4L 7 SEATER (NZ NEW) AUTO 5 DOOR 2WD","SUV","","93050","KM","https://www.4guys.co.nz/vehicle-details?id=3983220","2021 Mitsubishi Outlander LS 2.4L 7 SEATER (NZ NEW) AUTO 5 DOOR 2WD","24800 NZD","USED","Black","20 Arthur Porter Drive<br/>","Hamilton","Waikato","New Zealand","-37.753925","175.229511","","https://data.autoplay.co.nz/image.ashx?id=97499890&w=500&h=375&l=true","Petrol","Automatic","$20k-$40k"
"33813","2016","Chevrolet","Camaro","2016 Chevrolet Camaro 2SS COUPE (2016) AUTO 6.2L V8 (455hp) COUPE","Coupe","","31340","KM","https://www.4guys.co.nz/vehicle-details?id=3985522","2016 Chevrolet Camaro 2SS COUPE (2016) AUTO 6.2L V8 (455hp) COUPE","72800 NZD","USED","White","20 Arthur Porter Drive<br/>","Hamilton","Waikato","New Zealand","-37.753925","175.229511","","https://data.autoplay.co.nz/image.ashx?id=97770797&w=500&h=375&l=true","Petrol","Automatic","$40k-$80k"
"33563","2023","Hyundai","Santa Fe","2023 Hyundai Santa Fe LIMITED 7 SEATER (NZ NEW) AUTO 2.2L TURBO DIESEL","SUV","","26140","KM","https://www.4guys.co.nz/vehicle-details?id=3986180","2023 Hyundai Santa Fe LIMITED 7 SEATER (NZ NEW) AUTO 2.2L TURBO DIESEL","59800 NZD","USED","Blue","20 Arthur Porter Drive<br/>","Hamilton","Waikato","New Zealand","-37.753925","175.229511","","https://data.autoplay.co.nz/image.ashx?id=97611518&w=500&h=375&l=true","Diesel","Automatic","$40k-$80k"
"33815","2016","Mercedes-Benz","GLA 45","2016 Mercedes-Benz GLA 45 AMG 4Matic AUTO 2.0L TURBO 5 DOOR 4WD","SUV","","54693","KM","https://www.4guys.co.nz/vehicle-details?id=3988462","2016 Mercedes-Benz GLA 45 AMG 4Matic AUTO 2.0L TURBO 5 DOOR 4WD","32800 NZD","USED","White","20 Arthur Porter Drive<br/>","Hamilton","Waikato","New Zealand","-37.753925","175.229511","","https://data.autoplay.co.nz/image.ashx?id=97710123&w=500&h=375&l=true","Petrol","Automatic","$20k-$40k"
"33817","2014","Ford","Ranger","2014 Ford Ranger XL C/CAB FLATDECK 4X4 6SPD MANUAL 3.2L TURBO DIESEL (NZ NEW)","Other","4WD","136158","KM","https://www.4guys.co.nz/vehicle-details?id=3990061","2014 Ford Ranger XL C/CAB FLATDECK 4X4 6SPD MANUAL 3.2L TURBO DIESEL (NZ NEW)","24800 NZD","USED","White","20 Arthur Porter Drive<br/>","Hamilton","Waikato","New Zealand","-37.753925","175.229511","","https://data.autoplay.co.nz/image.ashx?id=97982080&w=500&h=375&l=true","Diesel","Manual","$20k-$40k"
"33819","2007","Holden","Commodore","2007 Holden Commodore VE SV6 AUTO 3.6L SEDAN (NZ NEW)","Sedan","","168800","KM","https://www.4guys.co.nz/vehicle-details?id=3990062","2007 Holden Commodore VE SV6 AUTO 3.6L SEDAN (NZ NEW)","15900 NZD","USED","White","20 Arthur Porter Drive<br/>","Hamilton","Waikato","New Zealand","-37.753925","175.229511","","https://data.autoplay.co.nz/image.ashx?id=97770417&w=500&h=375&l=true","Petrol","Automatic","Under $20k"
"33823","2020","Holden","Acadia","2020 Holden Acadia LT 7 SEATER (NZ NEW) AUTO 3.6L 5 DOOR 4WD","SUV","","83258","KM","https://www.4guys.co.nz/vehicle-details?id=3990366","2020 Holden Acadia LT 7 SEATER (NZ NEW) AUTO 3.6L 5 DOOR 4WD","28950 NZD","USED","Black","20 Arthur Porter Drive<br/>","Hamilton","Waikato","New Zealand","-37.753925","175.229511","","https://data.autoplay.co.nz/image.ashx?id=97983507&w=500&h=375&l=true","Petrol","Automatic","$20k-$40k"
"33825","2019","Holden","Commodore","2019 Holden Commodore LT WAGON AUTO 2.0L TURBO (NZ NEW)","Other","","95800","KM","https://www.4guys.co.nz/vehicle-details?id=3990368","2019 Holden Commodore LT WAGON AUTO 2.0L TURBO (NZ NEW)","22800 NZD","USED","Black","20 Arthur Porter Drive<br/>","Hamilton","Waikato","New Zealand","-37.753925","175.229511","","https://data.autoplay.co.nz/image.ashx?id=97738672&w=500&h=375&l=true","Petrol","Automatic","$20k-$40k"
"33826","2020","Ford","F150","2020 Ford F150 SHELBY SUPERSNAKE 4WD (770HP) AUTO 5.0L V8 S/C REGULAR CAB (LH STEER)","Other","","28894","KM","https://www.4guys.co.nz/vehicle-details?id=3993460","2020 Ford F150 SHELBY SUPERSNAKE 4WD (770HP) AUTO 5.0L V8 S/C REGULAR CAB (LH STEER)","169800 NZD","USED","Grey","20 Arthur Porter Drive<br/>","Hamilton","Waikato","New Zealand","-37.753925","175.229511","","https://data.autoplay.co.nz/image.ashx?id=97983874&w=500&h=375&l=true","Petrol","Automatic","$80k+"
"33832","2020","Dodge","Challenger","2020 Dodge Challenger R/T SCATPACK WIDEBODY AUTO 6.4L V8 (485hp) COUPE","Coupe","","22182","KM","https://www.4guys.co.nz/vehicle-details?id=3993461","2020 Dodge Challenger R/T SCATPACK WIDEBODY AUTO 6.4L V8 (485hp) COUPE","109800 NZD","USED","Indigo Blue","20 Arthur Porter Drive<br/>","Hamilton","Waikato","New Zealand","-37.753925","175.229511","","https://data.autoplay.co.nz/image.ashx?id=97981439&w=500&h=375&l=true","Petrol","Automatic","$80k+"
"33818","2009","Nissan","X-Trail","2009 Nissan X-Trail 20X 4WD AUTO 2.0L 5 DOOR","SUV","4WD","150134","KM","https://www.4guys.co.nz/vehicle-details?id=3993485","2009 Nissan X-Trail 20X 4WD AUTO 2.0L 5 DOOR","11600 NZD","USED","Silver","20 Arthur Porter Drive<br/>","Hamilton","Waikato","New Zealand","-37.753925","175.229511","","https://data.autoplay.co.nz/image.ashx?id=97808214&w=500&h=375&l=true","Petrol","Automatic","Under $20k"
"33827","2022","Mitsubishi","Triton","2022 Mitsubishi Triton GLXR D/CAB 2WD AUTO 2.4L TURBO DIESEL (NZ NEW)","Other","","97080","KM","https://www.4guys.co.nz/vehicle-details?id=3993487","2022 Mitsubishi Triton GLXR D/CAB 2WD AUTO 2.4L TURBO DIESEL (NZ NEW)","32800 NZD","USED","White","20 Arthur Porter Drive<br/>","Hamilton","Waikato","New Zealand","-37.753925","175.229511","","https://data.autoplay.co.nz/image.ashx?id=97982123&w=500&h=375&l=true","Diesel","Automatic","$20k-$40k"
"33828","2018","Jeep","Wrangler","2018 Jeep Wrangler SPORT UNLIMTED AUTO 3.6L 5 DOOR 4WD (NZ NEW)","SUV","4WD","51920","KM","https://www.4guys.co.nz/vehicle-details?id=3993488","2018 Jeep Wrangler SPORT UNLIMTED AUTO 3.6L 5 DOOR 4WD (NZ NEW)","44800 NZD","USED","Black","20 Arthur Porter Drive<br/>","Hamilton","Waikato","New Zealand","-37.753925","175.229511","","https://data.autoplay.co.nz/image.ashx?id=97982533&w=500&h=375&l=true","Petrol","Automatic","$40k-$80k"
"33829","2021","Renault","Koleos","2021 Renault Koleos INTENS SPORT 4WD AUTO 2.5L 5 DOOR (NZ NEW)","SUV","4WD","55700","KM","https://www.4guys.co.nz/vehicle-details?id=3993489","2021 Renault Koleos INTENS SPORT 4WD AUTO 2.5L 5 DOOR (NZ NEW)","32800 NZD","USED","Grey","20 Arthur Porter Drive<br/>","Hamilton","Waikato","New Zealand","-37.753925","175.229511","","https://data.autoplay.co.nz/image.ashx?id=97981718&w=500&h=375&l=true","Petrol","Automatic","$20k-$40k"
"33831","2021","Mitsubishi","ASX","2021 Mitsubishi ASX VRX 2.4L (NZ NEW) AUTO 5 DOOR 2WD","SUV","","61026","KM","https://www.4guys.co.nz/vehicle-details?id=3993492","2021 Mitsubishi ASX VRX 2.4L (NZ NEW) AUTO 5 DOOR 2WD","20800 NZD","USED","Blue","20 Arthur Porter Drive<br/>","Hamilton","Waikato","New Zealand","-37.753925","175.229511","","https://data.autoplay.co.nz/image.ashx?id=97807958&w=500&h=375&l=true","Petrol","Automatic","$20k-$40k"
"33833","2023","Nissan","X-Trail","2023 Nissan X-Trail ST-L 7 SEATER 2.5L AUTO 5 DOOR 4WD (FACELIFT - NZ NEW)","SUV","4WD","103680","KM","https://www.4guys.co.nz/vehicle-details?id=3993493","2023 Nissan X-Trail ST-L 7 SEATER 2.5L AUTO 5 DOOR 4WD (FACELIFT - NZ NEW)","31800 NZD","USED","Blue","20 Arthur Porter Drive<br/>","Hamilton","Waikato","New Zealand","-37.753925","175.229511","","https://data.autoplay.co.nz/image.ashx?id=97808235&w=500&h=375&l=true","Petrol","Automatic","$20k-$40k"
"33834","2023","Hyundai","Santa Fe","2023 Hyundai Santa Fe LIMITED 7 SEATER (NZ NEW) AUTO 2.2L TURBO DIESEL 4WD","SUV","4WD","47925","KM","https://www.4guys.co.nz/vehicle-details?id=3993494","2023 Hyundai Santa Fe LIMITED 7 SEATER (NZ NEW) AUTO 2.2L TURBO DIESEL 4WD","54800 NZD","USED","Black","20 Arthur Porter Drive<br/>","Hamilton","Waikato","New Zealand","-37.753925","175.229511","","https://data.autoplay.co.nz/image.ashx?id=97981914&w=500&h=375&l=true","Diesel","Automatic","$40k-$80k"
"33836","2012","Mazda","2","2012 Mazda 2 SPORTS 1.5L (NZ NEW) AUTO 5 DOOR HATCH BACK","Hatchback","","42480","KM","https://www.4guys.co.nz/vehicle-details?id=3995587","2012 Mazda 2 SPORTS 1.5L (NZ NEW) AUTO 5 DOOR HATCH BACK","12800 NZD","USED","Blue","20 Arthur Porter Drive<br/>","Hamilton","Waikato","New Zealand","-37.753925","175.229511","","https://data.autoplay.co.nz/image.ashx?id=97946794&w=500&h=375&l=true","Petrol","Automatic","Under $20k"
"33839","2022","Chevrolet","Corvette","2022 Chevrolet Corvette C8 (FACTORY RHD) 3LT Z51 AUTO 6.2L V8 (495HP) CONVERTIBLE","Convertible","","6280","KM","https://www.4guys.co.nz/vehicle-details?id=3996990","2022 Chevrolet Corvette C8 (FACTORY RHD) 3LT Z51 AUTO 6.2L V8 (495HP) CONVERTIBLE","184800 NZD","USED","Red","20 Arthur Porter Drive<br/>","Hamilton","Waikato","New Zealand","-37.753925","175.229511","","https://data.autoplay.co.nz/image.ashx?id=97981173&w=500&h=375&l=true","Petrol","Automatic","$80k+"
"33842","2019","Toyota","Corolla","2019 Toyota Corolla GX 2.0L HATCH BACK AUTO 5 DOOR (NZ NEW)","Hatchback","","65178","KM","https://www.4guys.co.nz/vehicle-details?id=3998616","2019 Toyota Corolla GX 2.0L HATCH BACK AUTO 5 DOOR (NZ NEW)","21800 NZD","USED","White","20 Arthur Porter Drive<br/>","Hamilton","Waikato","New Zealand","-37.753925","175.229511","","https://data.autoplay.co.nz/image.ashx?id=97984344&w=500&h=375&l=true","Petrol","Automatic","$20k-$40k"
"33846","2022","Great Wall","Cannon","2022 Great Wall Cannon LUXURY 4X4 AUTO 2.0L TURBO DIESEL D/CAB (NZ NEW)","Other","4WD","73840","KM","https://www.4guys.co.nz/vehicle-details?id=3998618","2022 Great Wall Cannon LUXURY 4X4 AUTO 2.0L TURBO DIESEL D/CAB (NZ NEW)","28950 NZD","USED","Blue","20 Arthur Porter Drive<br/>","Hamilton","Waikato","New Zealand","-37.753925","175.229511","","https://data.autoplay.co.nz/image.ashx?id=97984334&w=500&h=375&l=true","Diesel","Automatic","$20k-$40k"
"33806","2013","Ford","Mondeo","2013 Ford Mondeo 2.3L LIFTBACK AUTO 5 DOOR (NZ NEW)","Hatchback","","150710","KM","https://www.4guys.co.nz/vehicle-details?id=4001143","2013 Ford Mondeo 2.3L LIFTBACK AUTO 5 DOOR (NZ NEW)","8950 NZD","USED","Silver","20 Arthur Porter Drive<br/>","Hamilton","Waikato","New Zealand","-37.753925","175.229511","","https://data.autoplay.co.nz/image.ashx?id=98250725&w=500&h=375&l=true","Petrol","Automatic","Under $20k"
"33840","2012","Toyota","Vitz","2012 Toyota Vitz 1.3L 5 DOOR HATCHBACK AUTO 5 DOOR","Hatchback","","140325","KM","https://www.4guys.co.nz/vehicle-details?id=4001145","2012 Toyota Vitz 1.3L 5 DOOR HATCHBACK AUTO 5 DOOR","7800 NZD","USED","Silver","20 Arthur Porter Drive<br/>","Hamilton","Waikato","New Zealand","-37.753925","175.229511","","https://data.autoplay.co.nz/image.ashx?id=98250745&w=500&h=375&l=true","Petrol","Automatic","Under $20k"
"33841","2017","Toyota","C-HR","2017 Toyota C-HR G 1.8L HYBRID AUTO 5 DOOR 2WD","SUV","","126450","KM","https://www.4guys.co.nz/vehicle-details?id=4001146","2017 Toyota C-HR G 1.8L HYBRID AUTO 5 DOOR 2WD","21800 NZD","USED","WHITE","20 Arthur Porter Drive<br/>","Hamilton","Waikato","New Zealand","-37.753925","175.229511","","https://data.autoplay.co.nz/image.ashx?id=98250758&w=500&h=375&l=true","Hybrid","Automatic","$20k-$40k"
"33851","2019","Dodge","Challenger","2019 Dodge Challenger HELLCAT REDEYE (797HP) AUTO 6 .2L V8 S/C WIDEBODY COUPE","Coupe","","5773","KM","https://www.4guys.co.nz/vehicle-details?id=4003834","2019 Dodge Challenger HELLCAT REDEYE (797HP) AUTO 6 .2L V8 S/C WIDEBODY COUPE","159800 NZD","USED","F8 Green","20 Arthur Porter Drive<br/>","Hamilton","Waikato","New Zealand","-37.753925","175.229511","","https://data.autoplay.co.nz/image.ashx?id=98250765&w=500&h=375&l=true","Petrol","Automatic","$80k+"
"33844","2014","Nissan","Pathfinder","2014 Nissan Pathfinder Ti 3.5L 7 SEATER (NZ NEW) AUTO 5 DOOR 4WD","SUV","4WD","98040","KM","https://www.4guys.co.nz/vehicle-details?id=4003837","2014 Nissan Pathfinder Ti 3.5L 7 SEATER (NZ NEW) AUTO 5 DOOR 4WD","21950 NZD","USED","Black","20 Arthur Porter Drive<br/>","Hamilton","Waikato","New Zealand","-37.753925","175.229511","","https://data.autoplay.co.nz/image.ashx?id=98250824&w=500&h=375&l=true","Petrol","Automatic","$20k-$40k"
"33853","2015","Mazda","2","2015 Mazda 2 GSX 1.5L HATCH BACK (NZ NEW) AUTO 5 DOOR","Hatchback","","31135","KM","https://www.4guys.co.nz/vehicle-details?id=4003840","2015 Mazda 2 GSX 1.5L HATCH BACK (NZ NEW) AUTO 5 DOOR","14800 NZD","USED","Silver","20 Arthur Porter Drive<br/>","Hamilton","Waikato","New Zealand","-37.753925","175.229511","","https://data.autoplay.co.nz/image.ashx?id=98250835&w=500&h=375&l=true","Petrol","Automatic","Under $20k"
