ID,ID2,Item title,Final URL,Image URL,Item subtitle,Item description,Item category,Price,Sale price,Contextual keywords,Item address,Tracking template,Custom parameter,Final mobile URL,Android app link,iOS app link,iOS app store ID,Formatted price,Formatted sale price
29856,,2019 Dodge Challenger,https://www.4guys.co.nz/vehicle-details?id=2517017,https://dataapi.autoplay.co.nz/image.ashx?id=66667469&w=500&h=375&l=true,"34,900 km",2019 Dodge Challenger Hellcat Widebody Auto 6.2L V8 (717hp) Supercharged Coupe,Coupe,164800.00 NZD,,Dodge; Challenger; 2019; Coupe,"20 Arthur Porter Drive, Hamilton, 3200, New Zealand",,{_make}=Dodge;{_model}=Challenger;{_year}=2019,,,,,,
30040,,2019 Holden Colorado,https://www.4guys.co.nz/vehicle-details?id=2575786,https://dataapi.autoplay.co.nz/image.ashx?id=91325230&w=500&h=375&l=true,"60,201 km",2019 Holden Colorado Ltz 4Wd D/Cab (NZ New) Auto 2.8L Turbo Diesel,Utility,39800.00 NZD,,Holden; Colorado; 2019; Utility,"20 Arthur Porter Drive, Hamilton, 3200, New Zealand",,{_make}=Holden;{_model}=Colorado;{_year}=2019,,,,,,
30264,,2020 Chevrolet Silverado,https://www.4guys.co.nz/vehicle-details?id=2675889,https://dataapi.autoplay.co.nz/image.ashx?id=96957478&w=500&h=375&l=true,"52,437 km",2020 Chevrolet Silverado 2500Hd Ltz 4Wd Z71 Auto 6.6L Turbo Diesel Crewcab,Utility,124800.00 NZD,,Chevrolet; Silverado; 2020; Utility,"20 Arthur Porter Drive, Hamilton, 3200, New Zealand",,{_make}=Chevrolet;{_model}=Silverado;{_year}=2020,,,,,,
31133,,2016 Chevrolet Camaro,https://www.4guys.co.nz/vehicle-details?id=2963073,https://dataapi.autoplay.co.nz/image.ashx?id=72563921&w=500&h=375&l=true,"46,540 km",2016 Chevrolet Camaro 2Ss (2016 Facelift) 6Spd Manual 6.2L V8 (455hp) Rs Coupe,Coupe,79800.00 NZD,74800.00 NZD,Chevrolet; Camaro; 2016; Coupe,"20 Arthur Porter Drive, Hamilton, 3200, New Zealand",,{_make}=Chevrolet;{_model}=Camaro;{_year}=2016,,,,,,
31362,,2020 Mazda Cx-5,https://www.4guys.co.nz/vehicle-details?id=3046456,https://dataapi.autoplay.co.nz/image.ashx?id=75314276&w=500&h=375&l=true,"37,550 km",2020 Mazda Cx-5 25T L Package 4Wd Auto 2.5L Turbo 5 Door,RV/SUV,34800.00 NZD,,Mazda; CX-5; 2020; RV/SUV,"20 Arthur Porter Drive, Hamilton, 3200, New Zealand",,{_make}=Mazda;{_model}=CX-5;{_year}=2020,,,,,,
31487,,2022 Mazda Cx-5,https://www.4guys.co.nz/vehicle-details?id=3093484,https://dataapi.autoplay.co.nz/image.ashx?id=75665531&w=500&h=375&l=true,"19,250 km",2022 Mazda Cx-5 25S Exclusive Mode Auto 2.5L 5 Door,RV/SUV,39800.00 NZD,,Mazda; CX-5; 2022; RV/SUV,"20 Arthur Porter Drive, Hamilton, 3200, New Zealand",,{_make}=Mazda;{_model}=CX-5;{_year}=2022,,,,,,
31654,,2019 Chevrolet Corvette,https://www.4guys.co.nz/vehicle-details?id=3142234,https://dataapi.autoplay.co.nz/image.ashx?id=76110641&w=500&h=375&l=true,"29,162 km",2019 Chevrolet Corvette C7 Z51 3Lt Grand Sport Auto 6.2L V8 (460hp) Coupe,Coupe,144800.00 NZD,139800.00 NZD,Chevrolet; Corvette; 2019; Coupe,"20 Arthur Porter Drive, Hamilton, 3200, New Zealand",,{_make}=Chevrolet;{_model}=Corvette;{_year}=2019,,,,,,
31692,,2011 Bmw X1,https://www.4guys.co.nz/vehicle-details?id=3150315,https://dataapi.autoplay.co.nz/image.ashx?id=76463769&w=500&h=375&l=true,"74,130 km",2011 Bmw X1 Sdrive20I Sport Auto 2.0L 5 Door,RV/SUV,11800.00 NZD,,BMW; X1; 2011; RV/SUV,"20 Arthur Porter Drive, Hamilton, 3200, New Zealand",,{_make}=BMW;{_model}=X1;{_year}=2011,,,,,,
31907,,2014 Holden Barina,https://www.4guys.co.nz/vehicle-details?id=3244432,https://dataapi.autoplay.co.nz/image.ashx?id=78467307&w=500&h=375&l=true,"71,420 km",2014 Holden Barina Rs Hatchback (NZ New) Auto 1.4L Turbo 5 Door,Hatchback,12800.00 NZD,,Holden; Barina; 2014; Hatchback,"20 Arthur Porter Drive, Hamilton, 3200, New Zealand",,{_make}=Holden;{_model}=Barina;{_year}=2014,,,,,,
32021,,2019 Mini Cooper,https://www.4guys.co.nz/vehicle-details?id=3292461,https://dataapi.autoplay.co.nz/image.ashx?id=80365780&w=500&h=375&l=true,"26,691 km",2019 Mini Cooper Crossover 4Wd Hybrid Auto 1.5L Turbo 5 Door,Hatchback,36800.00 NZD,,MINI; Cooper; 2019; Hatchback,"20 Arthur Porter Drive, Hamilton, 3200, New Zealand",,{_make}=MINI;{_model}=Cooper;{_year}=2019,,,,,,
32024,,2022 Dodge Challenger,https://www.4guys.co.nz/vehicle-details?id=3295401,https://dataapi.autoplay.co.nz/image.ashx?id=81244702&w=500&h=375&l=true,788 km,2022 Dodge Challenger Scat Pack Widebody Auto 6.4L V8 (485hp) Shaker Coupe,Coupe,139800.00 NZD,,Dodge; Challenger; 2022; Coupe,"20 Arthur Porter Drive, Hamilton, 3200, New Zealand",,{_make}=Dodge;{_model}=Challenger;{_year}=2022,,,,,,
32036,,2023 Dodge Challenger,https://www.4guys.co.nz/vehicle-details?id=3302827,https://dataapi.autoplay.co.nz/image.ashx?id=82048076&w=500&h=375&l=true,"2,356 km",2023 Dodge Challenger Scat Pack Widebody Auto 6.4L V8 (485hp) Coupe,Coupe,139800.00 NZD,,Dodge; Challenger; 2023; Coupe,"20 Arthur Porter Drive, Hamilton, 3200, New Zealand",,{_make}=Dodge;{_model}=Challenger;{_year}=2023,,,,,,
32064,,2023 Dodge Challenger,https://www.4guys.co.nz/vehicle-details?id=3316873,https://dataapi.autoplay.co.nz/image.ashx?id=82047263&w=500&h=375&l=true,700 km,2023 Dodge Challenger Scat Pack Widebody Auto 6.4L V8 Swinger Edition Coupe,Coupe,139800.00 NZD,,Dodge; Challenger; 2023; Coupe,"20 Arthur Porter Drive, Hamilton, 3200, New Zealand",,{_make}=Dodge;{_model}=Challenger;{_year}=2023,,,,,,
32062,,2018 Kia Sorento,https://www.4guys.co.nz/vehicle-details?id=3316878,https://dataapi.autoplay.co.nz/image.ashx?id=79893857&w=500&h=375&l=true,"45,976 km",2018 Kia Sorento Ltd 4Wd 7 Seater Auto 2.2L Turbo Diesel 5 Door,RV/SUV,39950.00 NZD,,Kia; Sorento; 2018; RV/SUV,"20 Arthur Porter Drive, Hamilton, 3200, New Zealand",,{_make}=Kia;{_model}=Sorento;{_year}=2018,,,,,,
32075,,2023 Bmw X3,https://www.4guys.co.nz/vehicle-details?id=3325319,https://dataapi.autoplay.co.nz/image.ashx?id=81585585&w=500&h=375&l=true,"27,860 km",2023 Bmw X3 Xdrive 20D M Sport Auto 2.0L Turbo Diesel 4Wd,RV/SUV,67800.00 NZD,,BMW; X3; 2023; RV/SUV,"20 Arthur Porter Drive, Hamilton, 3200, New Zealand",,{_make}=BMW;{_model}=X3;{_year}=2023,,,,,,
32097,,2012 Mazda Cx-8,https://www.4guys.co.nz/vehicle-details?id=3342792,https://dataapi.autoplay.co.nz/image.ashx?id=81734048&w=500&h=375&l=true,"13,293 km",2012 Mazda Cx-8 25S L Package 7 Seater,RV/SUV,37800.00 NZD,,Mazda; CX-8; 2012; RV/SUV,"20 Arthur Porter Drive, Hamilton, 3200, New Zealand",,{_make}=Mazda;{_model}=CX-8;{_year}=2012,,,,,,
32105,,2015 Holden Cruze,https://www.4guys.co.nz/vehicle-details?id=3344288,https://dataapi.autoplay.co.nz/image.ashx?id=83391562&w=500&h=375&l=true,"77,440 km",2015 Holden Cruze Equipe (Facelift) Sedan Auto 1.8L (NZ New),Sedan,13800.00 NZD,,Holden; Cruze; 2015; Sedan,"20 Arthur Porter Drive, Hamilton, 3200, New Zealand",,{_make}=Holden;{_model}=Cruze;{_year}=2015,,,,,,
32128,,2014 Bmw 523i,https://www.4guys.co.nz/vehicle-details?id=3356050,https://dataapi.autoplay.co.nz/image.ashx?id=97113669&w=500&h=375&l=true,"52,780 km",2014 Bmw 523i Touring S/W M Sport Auto 2.0L Turbo,Station Wagon,24800.00 NZD,,BMW; 523i; 2014; Station Wagon,"20 Arthur Porter Drive, Hamilton, 3200, New Zealand",,{_make}=BMW;{_model}=523i;{_year}=2014,,,,,,
32210,,2015 Bmw 320i,https://www.4guys.co.nz/vehicle-details?id=3388841,https://dataapi.autoplay.co.nz/image.ashx?id=82515040&w=500&h=375&l=true,"33,960 km",2015 Bmw 320i M Sport Touring Auto 2.0L Turbo S/W,Station Wagon,25800.00 NZD,,BMW; 320i; 2015; Station Wagon,"20 Arthur Porter Drive, Hamilton, 3200, New Zealand",,{_make}=BMW;{_model}=320i;{_year}=2015,,,,,,
32264,,2018 Nissan Pathfinder,https://www.4guys.co.nz/vehicle-details?id=3399062,https://dataapi.autoplay.co.nz/image.ashx?id=92420445&w=500&h=375&l=true,"70,365 km",2018 Nissan Pathfinder St-L 7 Seater (NZ New) Auto 3.5L 5 Door 4Wd,RV/SUV,33800.00 NZD,,Nissan; Pathfinder; 2018; RV/SUV,"20 Arthur Porter Drive, Hamilton, 3200, New Zealand",,{_make}=Nissan;{_model}=Pathfinder;{_year}=2018,,,,,,
32265,,2018 Volkswagen Tiguan Allspace,https://www.4guys.co.nz/vehicle-details?id=3399063,https://dataapi.autoplay.co.nz/image.ashx?id=91507080&w=500&h=375&l=true,"71,140 km",2018 Volkswagen Tiguan Allspace 2.0L 4Wd 7 Seater Auto 5 Door (NZ New),RV/SUV,35800.00 NZD,,Volkswagen; Tiguan Allspace; 2018; RV/SUV,"20 Arthur Porter Drive, Hamilton, 3200, New Zealand",,{_make}=Volkswagen;{_model}=Tiguan_Allspace;{_year}=2018,,,,,,
32270,,2020 Volkswagen Tiguan,https://www.4guys.co.nz/vehicle-details?id=3399064,https://dataapi.autoplay.co.nz/image.ashx?id=82151306&w=500&h=375&l=true,"56,450 km",2020 Volkswagen Tiguan Auto Allspace 2.0L Turbo 7Sts 4Wd,RV/SUV,39800.00 NZD,,Volkswagen; Tiguan; 2020; RV/SUV,"20 Arthur Porter Drive, Hamilton, 3200, New Zealand",,{_make}=Volkswagen;{_model}=Tiguan;{_year}=2020,,,,,,
32274,,2016 Holden Cruze,https://www.4guys.co.nz/vehicle-details?id=3402764,https://dataapi.autoplay.co.nz/image.ashx?id=82309911&w=500&h=375&l=true,"64,852 km",2016 Holden Cruze Equipe Sedan (Facelift) Auto 1.8L (NZ New),Sedan,13800.00 NZD,,Holden; Cruze; 2016; Sedan,"20 Arthur Porter Drive, Hamilton, 3200, New Zealand",,{_make}=Holden;{_model}=Cruze;{_year}=2016,,,,,,
32287,,2015 Bmw 320i,https://www.4guys.co.nz/vehicle-details?id=3408713,https://dataapi.autoplay.co.nz/image.ashx?id=82851631&w=500&h=375&l=true,"34,100 km",2015 Bmw 320i M Sport Touring Auto 2.0L Turbo 5 Door 2Wd,Station Wagon,25800.00 NZD,,BMW; 320i; 2015; Station Wagon,"20 Arthur Porter Drive, Hamilton, 3200, New Zealand",,{_make}=BMW;{_model}=320i;{_year}=2015,,,,,,
32293,,2021 Mazda Cx-5,https://www.4guys.co.nz/vehicle-details?id=3410139,https://dataapi.autoplay.co.nz/image.ashx?id=82851466&w=500&h=375&l=true,"28,640 km",2021 Mazda Cx-5 25S L Package Auto 2.5L 5 Door,RV/SUV,34800.00 NZD,,Mazda; CX-5; 2021; RV/SUV,"20 Arthur Porter Drive, Hamilton, 3200, New Zealand",,{_make}=Mazda;{_model}=CX-5;{_year}=2021,,,,,,
32298,,2015 Holden Captiva,https://www.4guys.co.nz/vehicle-details?id=3410142,https://dataapi.autoplay.co.nz/image.ashx?id=82514805&w=500&h=375&l=true,"79,223 km",2015 Holden Captiva Ltz 2.2D Awd 7 Seater Auto 2.2L Turbo Diesel 5 Door,RV/SUV,18950.00 NZD,,Holden; Captiva; 2015; RV/SUV,"20 Arthur Porter Drive, Hamilton, 3200, New Zealand",,{_make}=Holden;{_model}=Captiva;{_year}=2015,,,,,,
32310,,2018 Holden Barina,https://www.4guys.co.nz/vehicle-details?id=3413040,https://dataapi.autoplay.co.nz/image.ashx?id=82674297&w=500&h=375&l=true,"63,290 km",2018 Holden Barina Ls 1.6L Hatch Back Auto 5 Door (NZ New),Hatchback,13800.00 NZD,,Holden; Barina; 2018; Hatchback,"20 Arthur Porter Drive, Hamilton, 3200, New Zealand",,{_make}=Holden;{_model}=Barina;{_year}=2018,,,,,,
32322,,2014 Mercedes-Benz A 180,https://www.4guys.co.nz/vehicle-details?id=3418960,https://dataapi.autoplay.co.nz/image.ashx?id=83725282&w=500&h=375&l=true,"74,060 km",2014 Mercedes-Benz A 180 Sport Hatch Back Auto 1.6L Turbo 5 Door,Hatchback,17800.00 NZD,,Mercedes-Benz; A 180; 2014; Hatchback,"20 Arthur Porter Drive, Hamilton, 3200, New Zealand",,{_make}=Mercedes-Benz;{_model}=A_180;{_year}=2014,,,,,,
32323,,2014 Mercedes-Benz A 180,https://www.4guys.co.nz/vehicle-details?id=3418961,https://dataapi.autoplay.co.nz/image.ashx?id=83889771&w=500&h=375&l=true,"64,045 km",2014 Mercedes-Benz A 180 Sport Hatch Back Auto 1.6L Turbo 5 Door,Hatchback,19800.00 NZD,,Mercedes-Benz; A 180; 2014; Hatchback,"20 Arthur Porter Drive, Hamilton, 3200, New Zealand",,{_make}=Mercedes-Benz;{_model}=A_180;{_year}=2014,,,,,,
32337,,2016 Mercedes-Benz A 180,https://www.4guys.co.nz/vehicle-details?id=3421583,https://dataapi.autoplay.co.nz/image.ashx?id=83725501&w=500&h=375&l=true,"48,510 km",2016 Mercedes-Benz A 180 Amg Sport Auto 1.6L Turbo 5 Door Hatch Back,Hatchback,21800.00 NZD,,Mercedes-Benz; A 180; 2016; Hatchback,"20 Arthur Porter Drive, Hamilton, 3200, New Zealand",,{_make}=Mercedes-Benz;{_model}=A_180;{_year}=2016,,,,,,
32338,,2023 Mazda Cx-60,https://www.4guys.co.nz/vehicle-details?id=3421584,https://dataapi.autoplay.co.nz/image.ashx?id=83384231&w=500&h=375&l=true,"28,989 km",2023 Mazda Cx-60 Xd-Hv Exclusive Sport Auto 3.3L Diesel Hybrid 5 Door 4Wd,RV/SUV,52800.00 NZD,,Mazda; CX-60; 2023; RV/SUV,"20 Arthur Porter Drive, Hamilton, 3200, New Zealand",,{_make}=Mazda;{_model}=CX-60;{_year}=2023,,,,,,
32339,,2023 Mazda Cx-60,https://www.4guys.co.nz/vehicle-details?id=3421585,https://dataapi.autoplay.co.nz/image.ashx?id=83723361&w=500&h=375&l=true,"20,156 km",2023 Mazda Cx-60 Xd Hybrid Exclusive 4Wd Auto 3.3L Turbo Diesel 5 Door,RV/SUV,52800.00 NZD,,Mazda; CX-60; 2023; RV/SUV,"20 Arthur Porter Drive, Hamilton, 3200, New Zealand",,{_make}=Mazda;{_model}=CX-60;{_year}=2023,,,,,,
32361,,2015 Bmw 320i,https://www.4guys.co.nz/vehicle-details?id=3429281,https://dataapi.autoplay.co.nz/image.ashx?id=97112675&w=500&h=375&l=true,"47,200 km",2015 Bmw 320i Sedan M Sport Auto 2.0L Turbo,Sedan,26800.00 NZD,,BMW; 320i; 2015; Sedan,"20 Arthur Porter Drive, Hamilton, 3200, New Zealand",,{_make}=BMW;{_model}=320i;{_year}=2015,,,,,,
32369,,2015 Mercedes-Benz A 180,https://www.4guys.co.nz/vehicle-details?id=3429607,https://dataapi.autoplay.co.nz/image.ashx?id=83724940&w=500&h=375&l=true,"46,930 km",2015 Mercedes-Benz A 180 Sport Hatch Back Auto 1.6L Turbo 5 Door,Hatchback,19800.00 NZD,,Mercedes-Benz; A 180; 2015; Hatchback,"20 Arthur Porter Drive, Hamilton, 3200, New Zealand",,{_make}=Mercedes-Benz;{_model}=A_180;{_year}=2015,,,,,,
32414,,2021 Renault Koleos,https://www.4guys.co.nz/vehicle-details?id=3439506,https://dataapi.autoplay.co.nz/image.ashx?id=84204602&w=500&h=375&l=true,"52,652 km",2021 Renault Koleos Zen Sport 2.5L Auto 2.5L 5 Door (NZ New),RV/SUV,32800.00 NZD,,Renault; Koleos; 2021; RV/SUV,"20 Arthur Porter Drive, Hamilton, 3200, New Zealand",,{_make}=Renault;{_model}=Koleos;{_year}=2021,,,,,,
32436,,2020 Mazda Cx-5,https://www.4guys.co.nz/vehicle-details?id=3445087,https://dataapi.autoplay.co.nz/image.ashx?id=97114155&w=500&h=375&l=true,"27,845 km",2020 Mazda Cx-5 25S L Package 2Wd Auto 2.5L 5 Door,RV/SUV,35800.00 NZD,,Mazda; CX-5; 2020; RV/SUV,"20 Arthur Porter Drive, Hamilton, 3200, New Zealand",,{_make}=Mazda;{_model}=CX-5;{_year}=2020,,,,,,
32457,,2017 Holden Captiva,https://www.4guys.co.nz/vehicle-details?id=3450875,https://dataapi.autoplay.co.nz/image.ashx?id=83391668&w=500&h=375&l=true,"117,540 km",2017 Holden Captiva Ltz 7 Seater Diesel Auto 2.2L Turbo 5 Door 4Wd,RV/SUV,18950.00 NZD,,Holden; Captiva; 2017; RV/SUV,"20 Arthur Porter Drive, Hamilton, 3200, New Zealand",,{_make}=Holden;{_model}=Captiva;{_year}=2017,,,,,,
32470,,2018 Holden Trax,https://www.4guys.co.nz/vehicle-details?id=3454478,https://dataapi.autoplay.co.nz/image.ashx?id=92420080&w=500&h=375&l=true,"90,320 km",2018 Holden Trax Lt (NZ New) Facelift Auto 1.4L Turbo 5 Door,RV/SUV,16800.00 NZD,,Holden; Trax; 2018; RV/SUV,"20 Arthur Porter Drive, Hamilton, 3200, New Zealand",,{_make}=Holden;{_model}=Trax;{_year}=2018,,,,,,
32472,,2020 Volkswagen Tiguan,https://www.4guys.co.nz/vehicle-details?id=3454960,https://dataapi.autoplay.co.nz/image.ashx?id=83576240&w=500&h=375&l=true,"56,780 km",2020 Volkswagen Tiguan Auto Allspace Tsi 2.0L Turbo 7Sts 4Wd,RV/SUV,39800.00 NZD,,Volkswagen; Tiguan; 2020; RV/SUV,"20 Arthur Porter Drive, Hamilton, 3200, New Zealand",,{_make}=Volkswagen;{_model}=Tiguan;{_year}=2020,,,,,,
32474,,2015 Audi A4,https://www.4guys.co.nz/vehicle-details?id=3456823,https://dataapi.autoplay.co.nz/image.ashx?id=89311323&w=500&h=375&l=true,"57,628 km",2015 Audi A4 Avant 2.0L Tfsi S-Line Auto 5 Door 2Wd,Station Wagon,24800.00 NZD,,Audi; A4; 2015; Station Wagon,"20 Arthur Porter Drive, Hamilton, 3200, New Zealand",,{_make}=Audi;{_model}=A4;{_year}=2015,,,,,,
32434,,2021 Subaru Xv,https://www.4guys.co.nz/vehicle-details?id=3460153,https://dataapi.autoplay.co.nz/image.ashx?id=83383982&w=500&h=375&l=true,"47,910 km",2021 Subaru Xv 2.0E-L Eyesight (Hybrid) Auto 2.0L 5 Door 4Wd,Station Wagon,29950.00 NZD,,Subaru; XV; 2021; Station Wagon,"20 Arthur Porter Drive, Hamilton, 3200, New Zealand",,{_make}=Subaru;{_model}=XV;{_year}=2021,,,,,,
32496,,2020 Mazda Cx-3,https://www.4guys.co.nz/vehicle-details?id=3464251,https://dataapi.autoplay.co.nz/image.ashx?id=92420280&w=500&h=375&l=true,"27,670 km",2020 Mazda Cx-3 Lower Kit 2Wd Auto 2.0L 5 Door,RV/SUV,29800.00 NZD,27800.00 NZD,Mazda; CX-3; 2020; RV/SUV,"20 Arthur Porter Drive, Hamilton, 3200, New Zealand",,{_make}=Mazda;{_model}=CX-3;{_year}=2020,,,,,,
32503,,2022 Mazda Cx-60,https://www.4guys.co.nz/vehicle-details?id=3464592,https://dataapi.autoplay.co.nz/image.ashx?id=92420152&w=500&h=375&l=true,"23,622 km",2022 Mazda Cx-60 Xd Hybrid Exclusive 4Wd Auto 3.3L Diesel Hybrid 5 Door,RV/SUV,52800.00 NZD,,Mazda; CX-60; 2022; RV/SUV,"20 Arthur Porter Drive, Hamilton, 3200, New Zealand",,{_make}=Mazda;{_model}=CX-60;{_year}=2022,,,,,,
32508,,2018 Chevrolet Camaro,https://www.4guys.co.nz/vehicle-details?id=3467264,https://dataapi.autoplay.co.nz/image.ashx?id=83575600&w=500&h=375&l=true,"26,517 km",2018 Chevrolet Camaro 2Ss (2018) Auto 6.2L V8 (470hp) Coupe,Coupe,89800.00 NZD,,Chevrolet; Camaro; 2018; Coupe,"20 Arthur Porter Drive, Hamilton, 3200, New Zealand",,{_make}=Chevrolet;{_model}=Camaro;{_year}=2018,,,,,,
32515,,2023 Lexus Is 500,https://www.4guys.co.nz/vehicle-details?id=3471729,https://dataapi.autoplay.co.nz/image.ashx?id=92928749&w=500&h=375&l=true,734 km,2023 Lexus Is 500 F Sport Performance Auto 5.0L V8 Sedan,Sedan,104800.00 NZD,99800.00 NZD,Lexus; IS 500; 2023; Sedan,"20 Arthur Porter Drive, Hamilton, 3200, New Zealand",,{_make}=Lexus;{_model}=IS_500;{_year}=2023,,,,,,
32345,,2021 Ford F250,https://www.4guys.co.nz/vehicle-details?id=3477528,https://dataapi.autoplay.co.nz/image.ashx?id=83580403&w=500&h=375&l=true,"23,755 km",2021 Ford F250 Platinum Sd 4Wd Crewcab Auto 6.7L Turbo Diesel Utility,Utility,179800.00 NZD,,Ford; F250; 2021; Utility,"20 Arthur Porter Drive, Hamilton, 3200, New Zealand",,{_make}=Ford;{_model}=F250;{_year}=2021,,,,,,
32526,,2017 Nissan Qashqai,https://www.4guys.co.nz/vehicle-details?id=3486622,https://dataapi.autoplay.co.nz/image.ashx?id=84316280&w=500&h=375&l=true,"124,452 km",2017 Nissan Qashqai St-L (NZ New) Auto 2.0L 5 Door 2Wd,RV/SUV,18950.00 NZD,,Nissan; Qashqai; 2017; RV/SUV,"20 Arthur Porter Drive, Hamilton, 3200, New Zealand",,{_make}=Nissan;{_model}=Qashqai;{_year}=2017,,,,,,
32588,,2015 Audi A4,https://www.4guys.co.nz/vehicle-details?id=3498518,https://dataapi.autoplay.co.nz/image.ashx?id=94131651&w=500&h=375&l=true,"18,260 km",2015 Audi A4 Tfsi Sedan S Line Auto 2.0L Turbo 2Wd,Sedan,24800.00 NZD,,Audi; A4; 2015; Sedan,"20 Arthur Porter Drive, Hamilton, 3200, New Zealand",,{_make}=Audi;{_model}=A4;{_year}=2015,,,,,,
32637,,2011 Audi A4,https://www.4guys.co.nz/vehicle-details?id=3524688,https://dataapi.autoplay.co.nz/image.ashx?id=97573899&w=500&h=375&l=true,"103,460 km",2011 Audi A4 Avant 1.8L Tfsi Auto 1.8L Turbo S/W,Station Wagon,12800.00 NZD,,Audi; A4; 2011; Station Wagon,"20 Arthur Porter Drive, Hamilton, 3200, New Zealand",,{_make}=Audi;{_model}=A4;{_year}=2011,,,,,,
32647,,2019 Holden Astra,https://www.4guys.co.nz/vehicle-details?id=3527237,https://dataapi.autoplay.co.nz/image.ashx?id=90802728&w=500&h=375&l=true,"48,850 km",2019 Holden Astra Rs-V 1.6L 5 Door Auto Turbo Hatch Back,Hatchback,21800.00 NZD,,Holden; Astra; 2019; Hatchback,"20 Arthur Porter Drive, Hamilton, 3200, New Zealand",,{_make}=Holden;{_model}=Astra;{_year}=2019,,,,,,
32684,,2009 Volkswagen Beetle,https://www.4guys.co.nz/vehicle-details?id=3545304,https://dataapi.autoplay.co.nz/image.ashx?id=97573001&w=500&h=375&l=true,"78,445 km",2009 Volkswagen Beetle 2.0L Hatch Back Auto 3 Door,Hatchback,11800.00 NZD,,Volkswagen; Beetle; 2009; Hatchback,"20 Arthur Porter Drive, Hamilton, 3200, New Zealand",,{_make}=Volkswagen;{_model}=Beetle;{_year}=2009,,,,,,
32682,,2020 Mitsubishi Asx,https://www.4guys.co.nz/vehicle-details?id=3547867,https://dataapi.autoplay.co.nz/image.ashx?id=86288956&w=500&h=375&l=true,"122,150 km",2020 Mitsubishi Asx Ls 2.0L 2Wd (NZ New) Auto 5 Door,RV/SUV,18600.00 NZD,,Mitsubishi; ASX; 2020; RV/SUV,"20 Arthur Porter Drive, Hamilton, 3200, New Zealand",,{_make}=Mitsubishi;{_model}=ASX;{_year}=2020,,,,,,
32746,,2019 Holden Astra,https://www.4guys.co.nz/vehicle-details?id=3565186,https://dataapi.autoplay.co.nz/image.ashx?id=86288613&w=500&h=375&l=true,"48,685 km",2019 Holden Astra Rs-V (NZ New) Auto 1.6L Turbo 5 Door,Hatchback,20800.00 NZD,,Holden; Astra; 2019; Hatchback,"20 Arthur Porter Drive, Hamilton, 3200, New Zealand",,{_make}=Holden;{_model}=Astra;{_year}=2019,,,,,,
32751,,2019 Audi Q5,https://www.4guys.co.nz/vehicle-details?id=3565778,https://dataapi.autoplay.co.nz/image.ashx?id=88885039&w=500&h=375&l=true,"27,566 km",2019 Audi Q5 40Tdi Quattro S-Line Auto 2.0L Turbo Diesel 5 Door 4Wd,RV/SUV,44800.00 NZD,,Audi; Q5; 2019; RV/SUV,"20 Arthur Porter Drive, Hamilton, 3200, New Zealand",,{_make}=Audi;{_model}=Q5;{_year}=2019,,,,,,
32789,,2017 Holden Barina,https://www.4guys.co.nz/vehicle-details?id=3582038,https://dataapi.autoplay.co.nz/image.ashx?id=87421666&w=500&h=375&l=true,"66,985 km",2017 Holden Barina Lt 1.6L Hatch Back Auto 5 Door (NZ New),Hatchback,14800.00 NZD,,Holden; Barina; 2017; Hatchback,"20 Arthur Porter Drive, Hamilton, 3200, New Zealand",,{_make}=Holden;{_model}=Barina;{_year}=2017,,,,,,
32805,,2022 Suzuki Swift,https://www.4guys.co.nz/vehicle-details?id=3586747,https://dataapi.autoplay.co.nz/image.ashx?id=86776292&w=500&h=375&l=true,"37,656 km",2022 Suzuki Swift 1.3L Hatch Back 5 Speed Manual (NZ New),Hatchback,18950.00 NZD,,Suzuki; Swift; 2022; Hatchback,"20 Arthur Porter Drive, Hamilton, 3200, New Zealand",,{_make}=Suzuki;{_model}=Swift;{_year}=2022,,,,,,
32820,,2018 Nissan X-Trail,https://www.4guys.co.nz/vehicle-details?id=3590410,https://dataapi.autoplay.co.nz/image.ashx?id=87421812&w=500&h=375&l=true,"23,940 km",2018 Nissan X-Trail St-L 7 Seater 2.5L Auto 5 Door 2Wd (NZ New),RV/SUV,28800.00 NZD,,Nissan; X-Trail; 2018; RV/SUV,"20 Arthur Porter Drive, Hamilton, 3200, New Zealand",,{_make}=Nissan;{_model}=X-Trail;{_year}=2018,,,,,,
32842,,2019 Audi Q5,https://www.4guys.co.nz/vehicle-details?id=3602460,https://dataapi.autoplay.co.nz/image.ashx?id=90976357&w=500&h=375&l=true,"48,735 km",2019 Audi Q5 40Tdi Quattro S-Line Auto 2.0L Turbo Diesel 5 Door 4Wd,RV/SUV,42800.00 NZD,,Audi; Q5; 2019; RV/SUV,"20 Arthur Porter Drive, Hamilton, 3200, New Zealand",,{_make}=Audi;{_model}=Q5;{_year}=2019,,,,,,
32912,,2019 Nissan Infiniti,https://www.4guys.co.nz/vehicle-details?id=3622059,https://dataapi.autoplay.co.nz/image.ashx?id=88295117&w=500&h=375&l=true,"107,615 km",2019 Nissan Infiniti Qx30 2.0L T 4Wd (NZ New) Auto 2.0L Turbo 5 Door,RV/SUV,17800.00 NZD,,Nissan; Infiniti; 2019; RV/SUV,"20 Arthur Porter Drive, Hamilton, 3200, New Zealand",,{_make}=Nissan;{_model}=Infiniti;{_year}=2019,,,,,,
32934,,2017 Audi Q2,https://www.4guys.co.nz/vehicle-details?id=3634025,https://dataapi.autoplay.co.nz/image.ashx?id=89310259&w=500&h=375&l=true,"30,645 km",2017 Audi Q2 S-Line 1St Edition Auto 1.4L Turbo 5 Door 2Wd,RV/SUV,25800.00 NZD,,Audi; Q2; 2017; RV/SUV,"20 Arthur Porter Drive, Hamilton, 3200, New Zealand",,{_make}=Audi;{_model}=Q2;{_year}=2017,,,,,,
32965,,2016 Ford Focus,https://www.4guys.co.nz/vehicle-details?id=3644350,https://dataapi.autoplay.co.nz/image.ashx?id=89502834&w=500&h=375&l=true,"111,390 km",2016 Ford Focus Titanium Hatch Back (NZ New) Auto 1.5L Turbo 5 Door,Hatchback,15800.00 NZD,,Ford; Focus; 2016; Hatchback,"20 Arthur Porter Drive, Hamilton, 3200, New Zealand",,{_make}=Ford;{_model}=Focus;{_year}=2016,,,,,,
32984,,2018 Holden Captiva,https://www.4guys.co.nz/vehicle-details?id=3648746,https://dataapi.autoplay.co.nz/image.ashx?id=89501483&w=500&h=375&l=true,"101,355 km",2018 Holden Captiva Ltz 2.2D Awd 7 Seater Auto 2.2L Turbo Diesel (NZ New),RV/SUV,19800.00 NZD,,Holden; Captiva; 2018; RV/SUV,"20 Arthur Porter Drive, Hamilton, 3200, New Zealand",,{_make}=Holden;{_model}=Captiva;{_year}=2018,,,,,,
33025,,2019 Ford Mustang,https://www.4guys.co.nz/vehicle-details?id=3667220,https://dataapi.autoplay.co.nz/image.ashx?id=89310606&w=500&h=375&l=true,"3,321 km",2019 Ford Mustang Shelby Gt350R (2019) 6Spd (Tremec) 5.2L V8 (526Hp) Coupe,Coupe,189800.00 NZD,179800.00 NZD,Ford; Mustang; 2019; Coupe,"20 Arthur Porter Drive, Hamilton, 3200, New Zealand",,{_make}=Ford;{_model}=Mustang;{_year}=2019,,,,,,
33067,,2018 Chevrolet Camaro,https://www.4guys.co.nz/vehicle-details?id=3684594,https://dataapi.autoplay.co.nz/image.ashx?id=89878625&w=500&h=375&l=true,"37,251 km",2018 Chevrolet Camaro Zl1 (650hp) Coupe Auto(10spd) 6.2L V8 Supercharged,Coupe,129800.00 NZD,,Chevrolet; Camaro; 2018; Coupe,"20 Arthur Porter Drive, Hamilton, 3200, New Zealand",,{_make}=Chevrolet;{_model}=Camaro;{_year}=2018,,,,,,
33081,,2018 Bmw X2,https://www.4guys.co.nz/vehicle-details?id=3689135,https://dataapi.autoplay.co.nz/image.ashx?id=91931658&w=500&h=375&l=true,"55,960 km",2018 Bmw X2 Xdrive 2.0I M-Sport X Auto 2.Ol Turbo 5 Door 4Wd,RV/SUV,26800.00 NZD,,BMW; X2; 2018; RV/SUV,"20 Arthur Porter Drive, Hamilton, 3200, New Zealand",,{_make}=BMW;{_model}=X2;{_year}=2018,,,,,,
33084,,2020 Audi A1,https://www.4guys.co.nz/vehicle-details?id=3689188,https://dataapi.autoplay.co.nz/image.ashx?id=91506921&w=500&h=375&l=true,"18,127 km",2020 Audi A1 35Tfsi Advanced Auto 1.5L Turbo 5 Door,Hatchback,28800.00 NZD,,Audi; A1; 2020; Hatchback,"20 Arthur Porter Drive, Hamilton, 3200, New Zealand",,{_make}=Audi;{_model}=A1;{_year}=2020,,,,,,
33085,,2019 Kia Carnival,https://www.4guys.co.nz/vehicle-details?id=3692555,https://dataapi.autoplay.co.nz/image.ashx?id=90439882&w=500&h=375&l=true,"89,499 km",2019 Kia Carnival Ex 2.2L 8 Seater Coach Auto 2.2L Turbo Diesel 5 Door,Van,37800.00 NZD,,Kia; Carnival; 2019; Van,"20 Arthur Porter Drive, Hamilton, 3200, New Zealand",,{_make}=Kia;{_model}=Carnival;{_year}=2019,,,,,,
33090,,2014 Toyota 86,https://www.4guys.co.nz/vehicle-details?id=3694550,https://dataapi.autoplay.co.nz/image.ashx?id=90438903&w=500&h=375&l=true,"30,830 km",2014 Toyota 86 Gt Coupe Auto 2.0L,Coupe,25800.00 NZD,,Toyota; 86; 2014; Coupe,"20 Arthur Porter Drive, Hamilton, 3200, New Zealand",,{_make}=Toyota;{_model}=86;{_year}=2014,,,,,,
33100,,2015 Bmw 320i,https://www.4guys.co.nz/vehicle-details?id=3697150,https://dataapi.autoplay.co.nz/image.ashx?id=91506312&w=500&h=375&l=true,"58,652 km",2015 Bmw 320i M Sport S/W Auto 2.0L Turbo 5 Door,Station Wagon,23800.00 NZD,,BMW; 320i; 2015; Station Wagon,"20 Arthur Porter Drive, Hamilton, 3200, New Zealand",,{_make}=BMW;{_model}=320i;{_year}=2015,,,,,,
33119,,2024 Bmw X7,https://www.4guys.co.nz/vehicle-details?id=3706926,https://dataapi.autoplay.co.nz/image.ashx?id=90440109&w=500&h=375&l=true,"18,896 km",2024 Bmw X7 Xdrive 40D M Sport 4Wd Auto (8Spd) 3.0L Twin Turbo Diesel Mild Hybrid,RV/SUV,144800.00 NZD,,BMW; X7; 2024; RV/SUV,"20 Arthur Porter Drive, Hamilton, 3200, New Zealand",,{_make}=BMW;{_model}=X7;{_year}=2024,,,,,,
33137,,2012 Chevrolet Camaro,https://www.4guys.co.nz/vehicle-details?id=3715035,https://dataapi.autoplay.co.nz/image.ashx?id=90802430&w=500&h=375&l=true,"66,120 km",2012 Chevrolet Camaro 2Ss/Rs (426hp) Coupe Auto 6.2L V8 (Facelift),Coupe,59800.00 NZD,,Chevrolet; Camaro; 2012; Coupe,"20 Arthur Porter Drive, Hamilton, 3200, New Zealand",,{_make}=Chevrolet;{_model}=Camaro;{_year}=2012,,,,,,
33142,,2012 Mercedes-Benz A 180,https://www.4guys.co.nz/vehicle-details?id=3719156,https://dataapi.autoplay.co.nz/image.ashx?id=90802564&w=500&h=375&l=true,"39,785 km",2012 Mercedes-Benz A 180 Sport Hatch Back Auto 1.6L 5 Door 2Wd,Hatchback,15800.00 NZD,,Mercedes-Benz; A 180; 2012; Hatchback,"20 Arthur Porter Drive, Hamilton, 3200, New Zealand",,{_make}=Mercedes-Benz;{_model}=A_180;{_year}=2012,,,,,,
33147,,2018 Ford Mustang,https://www.4guys.co.nz/vehicle-details?id=3720295,https://dataapi.autoplay.co.nz/image.ashx?id=90976210&w=500&h=375&l=true,"19,022 km",2018 Ford Mustang Shelby Gt350 (2018) 6Spd Manual 5.2L V8 (520hp) Coupe,Coupe,129800.00 NZD,126800.00 NZD,Ford; Mustang; 2018; Coupe,"20 Arthur Porter Drive, Hamilton, 3200, New Zealand",,{_make}=Ford;{_model}=Mustang;{_year}=2018,,,,,,
33145,,2024 Bmw 118i,https://www.4guys.co.nz/vehicle-details?id=3728268,https://dataapi.autoplay.co.nz/image.ashx?id=91147021&w=500&h=375&l=true,"7,545 km",2024 Bmw 118i M Sport Hatch Back (NZ New) Auto 1.5L Turbo 5 Door,Hatchback,44800.00 NZD,,BMW; 118i; 2024; Hatchback,"20 Arthur Porter Drive, Hamilton, 3200, New Zealand",,{_make}=BMW;{_model}=118i;{_year}=2024,,,,,,
33152,,2018 Holden Trax,https://www.4guys.co.nz/vehicle-details?id=3732372,https://dataapi.autoplay.co.nz/image.ashx?id=93264601&w=500&h=375&l=true,"65,553 km",2018 Holden Trax Ltz 1.4L (NZ New) Auto Suv,RV/SUV,17800.00 NZD,,Holden; Trax; 2018; RV/SUV,"20 Arthur Porter Drive, Hamilton, 3200, New Zealand",,{_make}=Holden;{_model}=Trax;{_year}=2018,,,,,,
33171,,2019 Holden Trailblazer,https://www.4guys.co.nz/vehicle-details?id=3733734,https://dataapi.autoplay.co.nz/image.ashx?id=91506267&w=500&h=375&l=true,"66,868 km",2019 Holden Trailblazer Ltz Auto 2.8L Turbo Diesel 7 Seater Suv,RV/SUV,40800.00 NZD,,Holden; Trailblazer; 2019; RV/SUV,"20 Arthur Porter Drive, Hamilton, 3200, New Zealand",,{_make}=Holden;{_model}=Trailblazer;{_year}=2019,,,,,,
33181,,2020 Hyundai iMax,https://www.4guys.co.nz/vehicle-details?id=3735992,https://dataapi.autoplay.co.nz/image.ashx?id=91147970&w=500&h=375&l=true,"62,200 km",2020 Hyundai iMax 2.5L Crdi 8 Seater Coach Auto 5 Door,Van,44800.00 NZD,,Hyundai; iMax; 2020; Van,"20 Arthur Porter Drive, Hamilton, 3200, New Zealand",,{_make}=Hyundai;{_model}=iMax;{_year}=2020,,,,,,
33182,,2016 SsangYong Actyon Sports,https://www.4guys.co.nz/vehicle-details?id=3735993,https://dataapi.autoplay.co.nz/image.ashx?id=91507399&w=500&h=375&l=true,"113,380 km",2016 SsangYong Actyon Sports D/Cab 4Wd Auto 2.0L Turbo Diesel (NZ New),Utility,23800.00 NZD,,SsangYong; Actyon Sports; 2016; Utility,"20 Arthur Porter Drive, Hamilton, 3200, New Zealand",,{_make}=SsangYong;{_model}=Actyon_Sports;{_year}=2016,,,,,,
33186,,2021 Ram 1500,https://www.4guys.co.nz/vehicle-details?id=3737641,https://dataapi.autoplay.co.nz/image.ashx?id=91147941&w=500&h=375&l=true,"12,600 km",2021 Ram 1500 Trx Crewcab Wd (702hp) Auto 6.2L V8 Super Charged,Utility,189800.00 NZD,,RAM; 1500; 2021; Utility,"20 Arthur Porter Drive, Hamilton, 3200, New Zealand",,{_make}=RAM;{_model}=1500;{_year}=2021,,,,,,
33198,,2019 Holden Trailblazer,https://www.4guys.co.nz/vehicle-details?id=3741926,https://dataapi.autoplay.co.nz/image.ashx?id=91506948&w=500&h=375&l=true,"69,150 km",2019 Holden Trailblazer Ltz 7 Seater (NZ New) Auto 2.8L Turbo Diesel 5 Door 4Wd,RV/SUV,39800.00 NZD,,Holden; Trailblazer; 2019; RV/SUV,"20 Arthur Porter Drive, Hamilton, 3200, New Zealand",,{_make}=Holden;{_model}=Trailblazer;{_year}=2019,,,,,,
32619,,2016 Ford Focus,https://www.4guys.co.nz/vehicle-details?id=3746928,https://dataapi.autoplay.co.nz/image.ashx?id=91506415&w=500&h=375&l=true,"52,859 km",2016 Ford Focus Sport H/Back (NZ New) Auto 1.5L Turbo 5 Door,Hatchback,18950.00 NZD,,Ford; Focus; 2016; Hatchback,"20 Arthur Porter Drive, Hamilton, 3200, New Zealand",,{_make}=Ford;{_model}=Focus;{_year}=2016,,,,,,
33214,,2017 Mitsubishi Asx,https://www.4guys.co.nz/vehicle-details?id=3747084,https://dataapi.autoplay.co.nz/image.ashx?id=91506358&w=500&h=375&l=true,"65,780 km",2017 Mitsubishi Asx Xls 2.0L (NZ New) Auto 5 Door 2Wd,RV/SUV,20800.00 NZD,,Mitsubishi; ASX; 2017; RV/SUV,"20 Arthur Porter Drive, Hamilton, 3200, New Zealand",,{_make}=Mitsubishi;{_model}=ASX;{_year}=2017,,,,,,
33222,,2019 Holden Equinox,https://www.4guys.co.nz/vehicle-details?id=3750639,https://dataapi.autoplay.co.nz/image.ashx?id=91980668&w=500&h=375&l=true,"60,895 km",2019 Holden Equinox Ltz 2.0L 4Wd Auto 5 Door (NZ New),RV/SUV,27800.00 NZD,,Holden; Equinox; 2019; RV/SUV,"20 Arthur Porter Drive, Hamilton, 3200, New Zealand",,{_make}=Holden;{_model}=Equinox;{_year}=2019,,,,,,
33223,,2022 Kia Sportage,https://www.4guys.co.nz/vehicle-details?id=3750640,https://dataapi.autoplay.co.nz/image.ashx?id=91932744&w=500&h=375&l=true,"41,108 km",2022 Kia Sportage Urban Lx+ (NZ New) Auto 2.0L 5 Door 2Wd,RV/SUV,37800.00 NZD,,Kia; Sportage; 2022; RV/SUV,"20 Arthur Porter Drive, Hamilton, 3200, New Zealand",,{_make}=Kia;{_model}=Sportage;{_year}=2022,,,,,,
33224,,2022 Kia Sportage,https://www.4guys.co.nz/vehicle-details?id=3750641,https://dataapi.autoplay.co.nz/image.ashx?id=91931421&w=500&h=375&l=true,"54,360 km",2022 Kia Sportage Urban Lx+ (NZ New) Auto 2.0L 5 Door 2Wd,RV/SUV,36800.00 NZD,,Kia; Sportage; 2022; RV/SUV,"20 Arthur Porter Drive, Hamilton, 3200, New Zealand",,{_make}=Kia;{_model}=Sportage;{_year}=2022,,,,,,
33227,,2017 Holden Colorado,https://www.4guys.co.nz/vehicle-details?id=3750682,https://dataapi.autoplay.co.nz/image.ashx?id=92098449&w=500&h=375&l=true,"91,962 km",2017 Holden Colorado Ltz D/Cab 4X2 (NZ New) Auto 2.8L Turbo Diesel,Utility,28950.00 NZD,,Holden; Colorado; 2017; Utility,"20 Arthur Porter Drive, Hamilton, 3200, New Zealand",,{_make}=Holden;{_model}=Colorado;{_year}=2017,,,,,,
33238,,2008 Mitsubishi Lancer,https://www.4guys.co.nz/vehicle-details?id=3757263,https://dataapi.autoplay.co.nz/image.ashx?id=91933217&w=500&h=375&l=true,"117,395 km",2008 Mitsubishi Lancer Evo X Auto 2.0L Mivec Turbo Sedan,Sedan,36800.00 NZD,,Mitsubishi; Lancer; 2008; Sedan,"20 Arthur Porter Drive, Hamilton, 3200, New Zealand",,{_make}=Mitsubishi;{_model}=Lancer;{_year}=2008,,,,,,
33245,,2021 Toyota Highlander,https://www.4guys.co.nz/vehicle-details?id=3758615,https://dataapi.autoplay.co.nz/image.ashx?id=92098392&w=500&h=375&l=true,"65,495 km",2021 Toyota Highlander Limited Zr 4Wd Auto 2.L Hybrid 5 Door (NZ New),RV/SUV,59800.00 NZD,,Toyota; Highlander; 2021; RV/SUV,"20 Arthur Porter Drive, Hamilton, 3200, New Zealand",,{_make}=Toyota;{_model}=Highlander;{_year}=2021,,,,,,
33256,,2020 Holden Equinox,https://www.4guys.co.nz/vehicle-details?id=3762071,https://dataapi.autoplay.co.nz/image.ashx?id=91931852&w=500&h=375&l=true,"62,040 km",2020 Holden Equinox Ltz 2.0L 4Wd Auto 5 Door (NZ New),RV/SUV,28600.00 NZD,,Holden; Equinox; 2020; RV/SUV,"20 Arthur Porter Drive, Hamilton, 3200, New Zealand",,{_make}=Holden;{_model}=Equinox;{_year}=2020,,,,,,
33259,,2021 Nissan X-Trail,https://www.4guys.co.nz/vehicle-details?id=3763390,https://dataapi.autoplay.co.nz/image.ashx?id=93097556&w=500&h=375&l=true,"31,240 km",2021 Nissan X-Trail 20Xi Hybrid 4Wd Auto 2.0L 5 Door,RV/SUV,33600.00 NZD,,Nissan; X-Trail; 2021; RV/SUV,"20 Arthur Porter Drive, Hamilton, 3200, New Zealand",,{_make}=Nissan;{_model}=X-Trail;{_year}=2021,,,,,,
33265,,2018 Land Rover Range Rover Evoque,https://www.4guys.co.nz/vehicle-details?id=3764101,https://dataapi.autoplay.co.nz/image.ashx?id=93774785&w=500&h=375&l=true,"37,605 km",2018 Land Rover Range Rover Evoque 4Wd Auto 2.0L Turbo Landmark Edition,RV/SUV,39800.00 NZD,,Land Rover; Range Rover Evoque; 2018; RV/SUV,"20 Arthur Porter Drive, Hamilton, 3200, New Zealand",,{_make}=Land_Rover;{_model}=Range_Rover_Evoque;{_year}=2018,,,,,,
33273,,2018 Ldv T60,https://www.4guys.co.nz/vehicle-details?id=3768984,https://dataapi.autoplay.co.nz/image.ashx?id=96540856&w=500&h=375&l=true,"134,410 km",2018 Ldv T60 Luxury 4Wd D/Cab Auto 2.8L Turbo Diesel,Utility,26800.00 NZD,,LDV; T60; 2018; Utility,"20 Arthur Porter Drive, Hamilton, 3200, New Zealand",,{_make}=LDV;{_model}=T60;{_year}=2018,,,,,,
33285,,2020 Honda Hr-V,https://www.4guys.co.nz/vehicle-details?id=3776648,https://dataapi.autoplay.co.nz/image.ashx?id=92610900&w=500&h=375&l=true,"68,238 km",2020 Honda Hr-V Active Auto 1.8L 5 Door,RV/SUV,23800.00 NZD,,Honda; HR-V; 2020; RV/SUV,"20 Arthur Porter Drive, Hamilton, 3200, New Zealand",,{_make}=Honda;{_model}=HR-V;{_year}=2020,,,,,,
33298,,2022 Haval Jolion,https://www.4guys.co.nz/vehicle-details?id=3777492,https://dataapi.autoplay.co.nz/image.ashx?id=92264207&w=500&h=375&l=true,"33,574 km",2022 Haval Jolion Ultra (NZ New) Auto 1.5L Turbo 5 Door 2Wd,RV/SUV,28800.00 NZD,,Haval; Jolion; 2022; RV/SUV,"20 Arthur Porter Drive, Hamilton, 3200, New Zealand",,{_make}=Haval;{_model}=Jolion;{_year}=2022,,,,,,
33301,,2016 Holden Captiva,https://www.4guys.co.nz/vehicle-details?id=3780735,https://dataapi.autoplay.co.nz/image.ashx?id=92610921&w=500&h=375&l=true,"86,635 km",2016 Holden Captiva Ltz 7 Seater Diesel Auto 2.2L Turbo Diesel 4Wd 5 Door,RV/SUV,19800.00 NZD,,Holden; Captiva; 2016; RV/SUV,"20 Arthur Porter Drive, Hamilton, 3200, New Zealand",,{_make}=Holden;{_model}=Captiva;{_year}=2016,,,,,,
33311,,2018 Nissan Navara,https://www.4guys.co.nz/vehicle-details?id=3784198,https://dataapi.autoplay.co.nz/image.ashx?id=92789050&w=500&h=375&l=true,"90,885 km",2018 Nissan Navara Rx 2Wd Double Cab Auto 2.3L Turbo Diesel (NZ New),Utility,29800.00 NZD,,Nissan; Navara; 2018; Utility,"20 Arthur Porter Drive, Hamilton, 3200, New Zealand",,{_make}=Nissan;{_model}=Navara;{_year}=2018,,,,,,
33308,,2021 Kia Seltos,https://www.4guys.co.nz/vehicle-details?id=3784452,https://dataapi.autoplay.co.nz/image.ashx?id=92788887&w=500&h=375&l=true,"38,643 km",2021 Kia Seltos Lx+ Auto 2.0L 5 Door (NZ New),RV/SUV,26960.00 NZD,,Kia; Seltos; 2021; RV/SUV,"20 Arthur Porter Drive, Hamilton, 3200, New Zealand",,{_make}=Kia;{_model}=Seltos;{_year}=2021,,,,,,
33313,,2022 Mazda Cx-5,https://www.4guys.co.nz/vehicle-details?id=3787440,https://dataapi.autoplay.co.nz/image.ashx?id=92611569&w=500&h=375&l=true,"58,630 km",2022 Mazda Cx-5 Gsx 2.5L 4Wd (NZ New) Auto 5 Door,RV/SUV,36800.00 NZD,,Mazda; CX-5; 2022; RV/SUV,"20 Arthur Porter Drive, Hamilton, 3200, New Zealand",,{_make}=Mazda;{_model}=CX-5;{_year}=2022,,,,,,
33316,,2024 Mitsubishi Eclipse Cross,https://www.4guys.co.nz/vehicle-details?id=3788459,https://dataapi.autoplay.co.nz/image.ashx?id=92610860&w=500&h=375&l=true,"49,640 km",2024 Mitsubishi Eclipse Cross Vrx (NZ New) Auto 1.5L Turbo 2Wd,RV/SUV,35800.00 NZD,,Mitsubishi; Eclipse Cross; 2024; RV/SUV,"20 Arthur Porter Drive, Hamilton, 3200, New Zealand",,{_make}=Mitsubishi;{_model}=Eclipse_Cross;{_year}=2024,,,,,,
33319,,2021 Toyota Corolla,https://www.4guys.co.nz/vehicle-details?id=3789266,https://dataapi.autoplay.co.nz/image.ashx?id=93836928&w=500&h=375&l=true,"42,641 km",2021 Toyota Corolla Sports Gz Hybrid Auto 1.8L 5 Door,Hatchback,31800.00 NZD,,Toyota; Corolla; 2021; Hatchback,"20 Arthur Porter Drive, Hamilton, 3200, New Zealand",,{_make}=Toyota;{_model}=Corolla;{_year}=2021,,,,,,
33323,,2022 Skoda Kodiaq,https://www.4guys.co.nz/vehicle-details?id=3790912,https://dataapi.autoplay.co.nz/image.ashx?id=92927968&w=500&h=375&l=true,"62,365 km",2022 Skoda Kodiaq Style Tsi (132kw) 4Wd Auto 2.0L Turbo 7 Seater,RV/SUV,42800.00 NZD,,Skoda; Kodiaq; 2022; RV/SUV,"20 Arthur Porter Drive, Hamilton, 3200, New Zealand",,{_make}=Skoda;{_model}=Kodiaq;{_year}=2022,,,,,,
33327,,2023 Toyota Land Cruiser Prado,https://www.4guys.co.nz/vehicle-details?id=3790913,https://dataapi.autoplay.co.nz/image.ashx?id=95279149&w=500&h=375&l=true,"25,035 km",2023 Toyota Land Cruiser Prado Tx L Pkg 7Sts Auto 2.8L Turbo Diesel 4Wd 5 Door,RV/SUV,74800.00 NZD,,Toyota; Land Cruiser Prado; 2023; RV/SUV,"20 Arthur Porter Drive, Hamilton, 3200, New Zealand",,{_make}=Toyota;{_model}=Land_Cruiser_Prado;{_year}=2023,,,,,,
33333,,2023 Toyota Land Cruiser Prado,https://www.4guys.co.nz/vehicle-details?id=3792614,https://dataapi.autoplay.co.nz/image.ashx?id=94131939&w=500&h=375&l=true,"31,221 km",2023 Toyota Land Cruiser Prado Tx L Pkg 7Sts Auto 2.8L Turbo Diesel 5 Door 4Wd,RV/SUV,75800.00 NZD,,Toyota; Land Cruiser Prado; 2023; RV/SUV,"20 Arthur Porter Drive, Hamilton, 3200, New Zealand",,{_make}=Toyota;{_model}=Land_Cruiser_Prado;{_year}=2023,,,,,,
33343,,2023 Toyota Land Cruiser Prado,https://www.4guys.co.nz/vehicle-details?id=3796301,https://dataapi.autoplay.co.nz/image.ashx?id=94335526&w=500&h=375&l=true,"34,410 km",2023 Toyota Land Cruiser Prado Tx L Pkg 7Sts Auto 2.8L Turbo Diesel 4Wd 5 Door,RV/SUV,75800.00 NZD,,Toyota; Land Cruiser Prado; 2023; RV/SUV,"20 Arthur Porter Drive, Hamilton, 3200, New Zealand",,{_make}=Toyota;{_model}=Land_Cruiser_Prado;{_year}=2023,,,,,,
33349,,2020 Kia Carnival,https://www.4guys.co.nz/vehicle-details?id=3798524,https://dataapi.autoplay.co.nz/image.ashx?id=93263132&w=500&h=375&l=true,"62,195 km",2020 Kia Carnival Premium (8 Seater) NZ New Auto 2.2L Turbo Diesel 5 Door,Van,46800.00 NZD,,Kia; Carnival; 2020; Van,"20 Arthur Porter Drive, Hamilton, 3200, New Zealand",,{_make}=Kia;{_model}=Carnival;{_year}=2020,,,,,,
33353,,2018 Ford Ranger,https://www.4guys.co.nz/vehicle-details?id=3800117,https://dataapi.autoplay.co.nz/image.ashx?id=96324192&w=500&h=375&l=true,"86,325 km",2018 Ford Ranger Xlt D/Cab 2Wd (NZ New) Auto 3.2L Turbo Diesel,Utility,32800.00 NZD,,Ford; Ranger; 2018; Utility,"20 Arthur Porter Drive, Hamilton, 3200, New Zealand",,{_make}=Ford;{_model}=Ranger;{_year}=2018,,,,,,
33354,,2022 Haval Jolion,https://www.4guys.co.nz/vehicle-details?id=3802442,https://dataapi.autoplay.co.nz/image.ashx?id=93262908&w=500&h=375&l=true,"13,922 km",2022 Haval Jolion Ultra (NZ New) Auto 1.5L Turbo 5 Door 2Wd,RV/SUV,28800.00 NZD,,Haval; Jolion; 2022; RV/SUV,"20 Arthur Porter Drive, Hamilton, 3200, New Zealand",,{_make}=Haval;{_model}=Jolion;{_year}=2022,,,,,,
33360,,2023 Toyota Land Cruiser Prado,https://www.4guys.co.nz/vehicle-details?id=3804792,https://dataapi.autoplay.co.nz/image.ashx?id=97308234&w=500&h=375&l=true,"24,230 km",2023 Toyota Land Cruiser Prado Tx L Pkg 7Sts Auto 2.8L Turbo Diesel,RV/SUV,82800.00 NZD,,Toyota; Land Cruiser Prado; 2023; RV/SUV,"20 Arthur Porter Drive, Hamilton, 3200, New Zealand",,{_make}=Toyota;{_model}=Land_Cruiser_Prado;{_year}=2023,,,,,,
33367,,2022 Mg 5,https://www.4guys.co.nz/vehicle-details?id=3806243,https://dataapi.autoplay.co.nz/image.ashx?id=93265183&w=500&h=375&l=true,"25,158 km",2022 Mg 5 Zs Excite 1.5L Auto Door 2Wd (NZ New),RV/SUV,22800.00 NZD,,MG; 5; 2022; RV/SUV,"20 Arthur Porter Drive, Hamilton, 3200, New Zealand",,{_make}=MG;{_model}=5;{_year}=2022,,,,,,
33368,,2019 Audi Sq7,https://www.4guys.co.nz/vehicle-details?id=3806244,https://dataapi.autoplay.co.nz/image.ashx?id=93264439&w=500&h=375&l=true,"76,860 km",2019 Audi Sq7 4.0L V8 Bi Tdi (320Kw) 7 Seater Auto Twin Turbo V8 Diesel 5 Door (NZ New),RV/SUV,79800.00 NZD,,Audi; SQ7; 2019; RV/SUV,"20 Arthur Porter Drive, Hamilton, 3200, New Zealand",,{_make}=Audi;{_model}=SQ7;{_year}=2019,,,,,,
33377,,2019 Hyundai iMax,https://www.4guys.co.nz/vehicle-details?id=3808138,https://dataapi.autoplay.co.nz/image.ashx?id=93435801&w=500&h=375&l=true,"51,825 km",2019 Hyundai iMax 2.5L Crdi 8 Seater Coach Auto 2.5L Turbo Diesel 5 Door (NZ New),Van,39800.00 NZD,,Hyundai; iMax; 2019; Van,"20 Arthur Porter Drive, Hamilton, 3200, New Zealand",,{_make}=Hyundai;{_model}=iMax;{_year}=2019,,,,,,
33382,,2021 Toyota Corolla,https://www.4guys.co.nz/vehicle-details?id=3810174,https://dataapi.autoplay.co.nz/image.ashx?id=95043787&w=500&h=375&l=true,"31,150 km",2021 Toyota Corolla Sport Hybrid G Style Auto 1.8L 5 Door Hatch Back,Hatchback,32800.00 NZD,,Toyota; Corolla; 2021; Hatchback,"20 Arthur Porter Drive, Hamilton, 3200, New Zealand",,{_make}=Toyota;{_model}=Corolla;{_year}=2021,,,,,,
33383,,2021 Toyota Corolla,https://www.4guys.co.nz/vehicle-details?id=3811518,https://dataapi.autoplay.co.nz/image.ashx?id=94335900&w=500&h=375&l=true,"22,610 km",2021 Toyota Corolla Sport Hybrid G Style Auto 1.8L 5 Door Hatch Back,Hatchback,33800.00 NZD,,Toyota; Corolla; 2021; Hatchback,"20 Arthur Porter Drive, Hamilton, 3200, New Zealand",,{_make}=Toyota;{_model}=Corolla;{_year}=2021,,,,,,
33386,,2021 Toyota Corolla,https://www.4guys.co.nz/vehicle-details?id=3811775,https://dataapi.autoplay.co.nz/image.ashx?id=95961305&w=500&h=375&l=true,"56,202 km",2021 Toyota Corolla Sport Hybrid G Style Auto 1.8L 5 Dor Hatch Back,Hatchback,29800.00 NZD,,Toyota; Corolla; 2021; Hatchback,"20 Arthur Porter Drive, Hamilton, 3200, New Zealand",,{_make}=Toyota;{_model}=Corolla;{_year}=2021,,,,,,
33374,,2018 Hyundai Tucson,https://www.4guys.co.nz/vehicle-details?id=3811968,https://dataapi.autoplay.co.nz/image.ashx?id=93263711&w=500&h=375&l=true,"149,387 km",2018 Hyundai Tucson Crdi 4Wd Auto 2.0L Turbo Diesel 5 Door,RV/SUV,18950.00 NZD,,Hyundai; Tucson; 2018; RV/SUV,"20 Arthur Porter Drive, Hamilton, 3200, New Zealand",,{_make}=Hyundai;{_model}=Tucson;{_year}=2018,,,,,,
33381,,2022 Chevrolet Corvette,https://www.4guys.co.nz/vehicle-details?id=3812148,https://dataapi.autoplay.co.nz/image.ashx?id=93262822&w=500&h=375&l=true,"19,361 km",2022 Chevrolet Corvette C8 3Lt Z51 Convertible Auto 6.2L V8 (495hp) Factory Rhd,Coupe,189800.00 NZD,179800.00 NZD,Chevrolet; Corvette; 2022; Coupe,"20 Arthur Porter Drive, Hamilton, 3200, New Zealand",,{_make}=Chevrolet;{_model}=Corvette;{_year}=2022,,,,,,
33375,,2010 Bentley Continental,https://www.4guys.co.nz/vehicle-details?id=3812157,https://dataapi.autoplay.co.nz/image.ashx?id=94889421&w=500&h=375&l=true,"65,450 km",2010 Bentley Continental Supersport Auto 6.0L W12 Coupe (621hp),Coupe,89800.00 NZD,,Bentley; Continental; 2010; Coupe,"20 Arthur Porter Drive, Hamilton, 3200, New Zealand",,{_make}=Bentley;{_model}=Continental;{_year}=2010,,,,,,
33391,,2022 Mitsubishi Outlander,https://www.4guys.co.nz/vehicle-details?id=3812355,https://dataapi.autoplay.co.nz/image.ashx?id=93263170&w=500&h=375&l=true,"53,675 km",2022 Mitsubishi Outlander Xls 4Wd 7 Seater Auto 2.5L 5 Door (NZ New),RV/SUV,39800.00 NZD,,Mitsubishi; Outlander; 2022; RV/SUV,"20 Arthur Porter Drive, Hamilton, 3200, New Zealand",,{_make}=Mitsubishi;{_model}=Outlander;{_year}=2022,,,,,,
33392,,2020 Land Rover Range Rover Evoque,https://www.4guys.co.nz/vehicle-details?id=3821570,https://dataapi.autoplay.co.nz/image.ashx?id=93436606&w=500&h=375&l=true,"62,730 km",2020 Land Rover Range Rover Evoque R P250 Auto 2.0L Turbo Dynamic Se 4Wd (NZ New),RV/SUV,62800.00 NZD,59990.00 NZD,Land Rover; Range Rover Evoque; 2020; RV/SUV,"20 Arthur Porter Drive, Hamilton, 3200, New Zealand",,{_make}=Land_Rover;{_model}=Range_Rover_Evoque;{_year}=2020,,,,,,
33379,,2019 Kia Stinger,https://www.4guys.co.nz/vehicle-details?id=3822922,https://dataapi.autoplay.co.nz/image.ashx?id=93264100&w=500&h=375&l=true,"68,864 km",2019 Kia Stinger Gt Sport 3.3L (NZ New) Auto 3.3L Twin Turbo Liftback,Sedan,44800.00 NZD,,Kia; Stinger; 2019; Sedan,"20 Arthur Porter Drive, Hamilton, 3200, New Zealand",,{_make}=Kia;{_model}=Stinger;{_year}=2019,,,,,,
33396,,2014 Chevrolet Camaro,https://www.4guys.co.nz/vehicle-details?id=3824674,https://dataapi.autoplay.co.nz/image.ashx?id=93435637&w=500&h=375&l=true,"18,455 km",2014 Chevrolet Camaro 2Ss/Rs (2014) Coupe Auto 6.2L V8 (410hp) Coupe (Facelift),Coupe,64800.00 NZD,,Chevrolet; Camaro; 2014; Coupe,"20 Arthur Porter Drive, Hamilton, 3200, New Zealand",,{_make}=Chevrolet;{_model}=Camaro;{_year}=2014,,,,,,
33395,,2024 Mercedes-Benz Glb 200,https://www.4guys.co.nz/vehicle-details?id=3824684,https://dataapi.autoplay.co.nz/image.ashx?id=93436820&w=500&h=375&l=true,"30,550 km",2024 Mercedes-Benz Glb 200 Amg Line Auto 1.3L Turbo 2Wd (NZ New),RV/SUV,62800.00 NZD,,Mercedes-Benz; GLB 200; 2024; RV/SUV,"20 Arthur Porter Drive, Hamilton, 3200, New Zealand",,{_make}=Mercedes-Benz;{_model}=GLB_200;{_year}=2024,,,,,,
33400,,2018 Kia Carnival,https://www.4guys.co.nz/vehicle-details?id=3824686,https://dataapi.autoplay.co.nz/image.ashx?id=93436218&w=500&h=375&l=true,"69,795 km",2018 Kia Carnival Premium (8 Seater) NZ New Auto 2.2L Turbo Diesel,Van,41800.00 NZD,,Kia; Carnival; 2018; Van,"20 Arthur Porter Drive, Hamilton, 3200, New Zealand",,{_make}=Kia;{_model}=Carnival;{_year}=2018,,,,,,
33401,,2019 Nissan Serena,https://www.4guys.co.nz/vehicle-details?id=3824687,https://dataapi.autoplay.co.nz/image.ashx?id=94890000&w=500&h=375&l=true,"51,550 km",2019 Nissan Serena Highway Star 8 Str Coach Auto 2.0L Hybrid 5 Door 2Wd,Van,29800.00 NZD,,Nissan; Serena; 2019; Van,"20 Arthur Porter Drive, Hamilton, 3200, New Zealand",,{_make}=Nissan;{_model}=Serena;{_year}=2019,,,,,,
33411,,2023 Mazda Cx-60,https://www.4guys.co.nz/vehicle-details?id=3829272,https://dataapi.autoplay.co.nz/image.ashx?id=95408118&w=500&h=375&l=true,"9,595 km",2023 Mazda Cx-60 Xd Exclusive Mode Auto 3.3L Turbo Diesel Hybrid 5 Door 2Wd,RV/SUV,52800.00 NZD,,Mazda; CX-60; 2023; RV/SUV,"20 Arthur Porter Drive, Hamilton, 3200, New Zealand",,{_make}=Mazda;{_model}=CX-60;{_year}=2023,,,,,,
33412,,2022 Mazda Cx-60,https://www.4guys.co.nz/vehicle-details?id=3831386,https://dataapi.autoplay.co.nz/image.ashx?id=95406678&w=500&h=375&l=true,"12,265 km",2022 Mazda Cx-60 Xd Hybrid Exclusive 4Wd Auto 3.3L Turbo Diesel Hybrid,RV/SUV,52800.00 NZD,,Mazda; CX-60; 2022; RV/SUV,"20 Arthur Porter Drive, Hamilton, 3200, New Zealand",,{_make}=Mazda;{_model}=CX-60;{_year}=2022,,,,,,
33413,,2023 Toyota Land Cruiser Prado,https://www.4guys.co.nz/vehicle-details?id=3831387,https://dataapi.autoplay.co.nz/image.ashx?id=94890051&w=500&h=375&l=true,"29,295 km",2023 Toyota Land Cruiser Prado Tx L Pkg 7Sts Auto 2.8L Turbo Diesel 4Wd 5 Door,RV/SUV,82800.00 NZD,,Toyota; Land Cruiser Prado; 2023; RV/SUV,"20 Arthur Porter Drive, Hamilton, 3200, New Zealand",,{_make}=Toyota;{_model}=Land_Cruiser_Prado;{_year}=2023,,,,,,
33415,,2025 Mazda Cx-80,https://www.4guys.co.nz/vehicle-details?id=3831389,https://dataapi.autoplay.co.nz/image.ashx?id=94742662&w=500&h=375&l=true,"2,030 km",2025 Mazda Cx-80 Xd Exclusive Mode Auto 3.3L Turbo Diesel Hybrid,RV/SUV,64800.00 NZD,,Mazda; CX-80; 2025; RV/SUV,"20 Arthur Porter Drive, Hamilton, 3200, New Zealand",,{_make}=Mazda;{_model}=CX-80;{_year}=2025,,,,,,
33417,,2016 Audi A4,https://www.4guys.co.nz/vehicle-details?id=3832155,https://dataapi.autoplay.co.nz/image.ashx?id=94890117&w=500&h=375&l=true,"47,860 km",2016 Audi A4 Avant 2.0L Tfsi S-Line Auto 5 Door 2Wd,Station Wagon,22800.00 NZD,,Audi; A4; 2016; Station Wagon,"20 Arthur Porter Drive, Hamilton, 3200, New Zealand",,{_make}=Audi;{_model}=A4;{_year}=2016,,,,,,
33419,,2013 Chrysler 300C,https://www.4guys.co.nz/vehicle-details?id=3832157,https://dataapi.autoplay.co.nz/image.ashx?id=94742621&w=500&h=375&l=true,"47,687 km",2013 Chrysler 300C 3.6L Luxury Auto Sedan,Sedan,25800.00 NZD,,Chrysler; 300C; 2013; Sedan,"20 Arthur Porter Drive, Hamilton, 3200, New Zealand",,{_make}=Chrysler;{_model}=300C;{_year}=2013,,,,,,
31937,,2017 Holden Trax,https://www.4guys.co.nz/vehicle-details?id=3835772,https://dataapi.autoplay.co.nz/image.ashx?id=93464375&w=500&h=375&l=true,"59,515 km",2017 Holden Trax Ls 1.4L Facelift (NZ New) Auto 1.4L Turbo 5 Door,RV/SUV,16800.00 NZD,,Holden; Trax; 2017; RV/SUV,"20 Arthur Porter Drive, Hamilton, 3200, New Zealand",,{_make}=Holden;{_model}=Trax;{_year}=2017,,,,,,
33433,,2019 Nissan Serena,https://www.4guys.co.nz/vehicle-details?id=3838193,https://dataapi.autoplay.co.nz/image.ashx?id=95044361&w=500&h=375&l=true,"20,232 km",2019 Nissan Serena Highway Star Hybrid Auto 2.0L 8 Seater 5 Door,Van,29800.00 NZD,,Nissan; Serena; 2019; Van,"20 Arthur Porter Drive, Hamilton, 3200, New Zealand",,{_make}=Nissan;{_model}=Serena;{_year}=2019,,,,,,
33434,,2015 Audi A6,https://www.4guys.co.nz/vehicle-details?id=3838194,https://dataapi.autoplay.co.nz/image.ashx?id=95194584&w=500&h=375&l=true,"45,210 km",2015 Audi A6 2.8Fsi Quattro S-Line Sedan Auto 2.8L 4Wd,Sedan,24800.00 NZD,,Audi; A6; 2015; Sedan,"20 Arthur Porter Drive, Hamilton, 3200, New Zealand",,{_make}=Audi;{_model}=A6;{_year}=2015,,,,,,
33435,,2018 Nissan Serena,https://www.4guys.co.nz/vehicle-details?id=3838195,https://dataapi.autoplay.co.nz/image.ashx?id=94889746&w=500&h=375&l=true,"56,590 km",2018 Nissan Serena Autech Hybrid Auto 2.0L 8 Seater 5 Door,Van,27800.00 NZD,,Nissan; Serena; 2018; Van,"20 Arthur Porter Drive, Hamilton, 3200, New Zealand",,{_make}=Nissan;{_model}=Serena;{_year}=2018,,,,,,
33440,,2019 Nissan Serena,https://www.4guys.co.nz/vehicle-details?id=3838488,https://dataapi.autoplay.co.nz/image.ashx?id=94889956&w=500&h=375&l=true,"39,015 km",2019 Nissan Serena Highway Star Hybrid Auto 2.0L 5 Door 8 Seater,Van,29800.00 NZD,,Nissan; Serena; 2019; Van,"20 Arthur Porter Drive, Hamilton, 3200, New Zealand",,{_make}=Nissan;{_model}=Serena;{_year}=2019,,,,,,
33398,,2021 Mg 5,https://www.4guys.co.nz/vehicle-details?id=3838847,https://dataapi.autoplay.co.nz/image.ashx?id=94132001&w=500&h=375&l=true,"16,580 km",2021 Mg 5 Zs Excite 1.5L Auto Door 2Wd (NZ New),Hatchback,22800.00 NZD,,MG; 5; 2021; Hatchback,"20 Arthur Porter Drive, Hamilton, 3200, New Zealand",,{_make}=MG;{_model}=5;{_year}=2021,,,,,,
33427,,2015 Bmw 116i,https://www.4guys.co.nz/vehicle-details?id=3840520,https://dataapi.autoplay.co.nz/image.ashx?id=93774915&w=500&h=375&l=true,"67,715 km",2015 Bmw 116i Hatch Back (Facelift) Auto 1.6L Turbo 5 Door,Hatchback,15800.00 NZD,,BMW; 116i; 2015; Hatchback,"20 Arthur Porter Drive, Hamilton, 3200, New Zealand",,{_make}=BMW;{_model}=116i;{_year}=2015,,,,,,
33451,,2020 Toyota Corolla,https://www.4guys.co.nz/vehicle-details?id=3842275,https://dataapi.autoplay.co.nz/image.ashx?id=95044882&w=500&h=375&l=true,"27,040 km",2020 Toyota Corolla Sport Hybrid G Style Auto 1.8L 5 Door 2Wd,Hatchback,33800.00 NZD,,Toyota; Corolla; 2020; Hatchback,"20 Arthur Porter Drive, Hamilton, 3200, New Zealand",,{_make}=Toyota;{_model}=Corolla;{_year}=2020,,,,,,
33454,,2016 Ford Kuga,https://www.4guys.co.nz/vehicle-details?id=3842881,https://dataapi.autoplay.co.nz/image.ashx?id=94335322&w=500&h=375&l=true,"90,720 km",2016 Ford Kuga Titanium 2.0L Awd (NZ New) Auto 5 Door,RV/SUV,19800.00 NZD,,Ford; KUGA; 2016; RV/SUV,"20 Arthur Porter Drive, Hamilton, 3200, New Zealand",,{_make}=Ford;{_model}=KUGA;{_year}=2016,,,,,,
33455,,2021 Nissan Serena,https://www.4guys.co.nz/vehicle-details?id=3843150,https://dataapi.autoplay.co.nz/image.ashx?id=95407515&w=500&h=375&l=true,"59,200 km",2021 Nissan Serena Highway Star Hybrid Auto 2.0L 5 Door 8 Seater 2Wd,Van,34800.00 NZD,,Nissan; Serena; 2021; Van,"20 Arthur Porter Drive, Hamilton, 3200, New Zealand",,{_make}=Nissan;{_model}=Serena;{_year}=2021,,,,,,
33456,,2022 Nissan Serena,https://www.4guys.co.nz/vehicle-details?id=3843151,https://dataapi.autoplay.co.nz/image.ashx?id=95406729&w=500&h=375&l=true,"34,590 km",2022 Nissan Serena Highway Star Hybrid Auto 2.0L 5 Door 8 Seater 2Wd,Van,34800.00 NZD,,Nissan; Serena; 2022; Van,"20 Arthur Porter Drive, Hamilton, 3200, New Zealand",,{_make}=Nissan;{_model}=Serena;{_year}=2022,,,,,,
33457,,2021 Toyota Corolla,https://www.4guys.co.nz/vehicle-details?id=3844673,https://dataapi.autoplay.co.nz/image.ashx?id=96323242&w=500&h=375&l=true,"12,765 km",2021 Toyota Corolla Touring Hybrid Wxb Auto 1.8L 5 Door,Hatchback,34800.00 NZD,,Toyota; Corolla; 2021; Hatchback,"20 Arthur Porter Drive, Hamilton, 3200, New Zealand",,{_make}=Toyota;{_model}=Corolla;{_year}=2021,,,,,,
33458,,2020 Toyota Corolla,https://www.4guys.co.nz/vehicle-details?id=3844674,https://dataapi.autoplay.co.nz/image.ashx?id=97606927&w=500&h=375&l=true,"36,160 km",2020 Toyota Corolla Touring Hybrid Wxb Auto 1.8L 5 Door 2Wd,Hatchback,32800.00 NZD,,Toyota; Corolla; 2020; Hatchback,"20 Arthur Porter Drive, Hamilton, 3200, New Zealand",,{_make}=Toyota;{_model}=Corolla;{_year}=2020,,,,,,
33461,,2018 Audi A1,https://www.4guys.co.nz/vehicle-details?id=3847430,https://dataapi.autoplay.co.nz/image.ashx?id=93956859&w=500&h=375&l=true,"44,070 km",2018 Audi A1 Sportsback (NZ New-Facelift) Auto 1.4L Turbo 5 Door 2Wd,Hatchback,19800.00 NZD,,Audi; A1; 2018; Hatchback,"20 Arthur Porter Drive, Hamilton, 3200, New Zealand",,{_make}=Audi;{_model}=A1;{_year}=2018,,,,,,
33467,,2020 Toyota C-Hr,https://www.4guys.co.nz/vehicle-details?id=3850280,https://dataapi.autoplay.co.nz/image.ashx?id=94131539&w=500&h=375&l=true,"51,850 km",2020 Toyota C-Hr Limited 1.2L Turbo Auto 5 Door (NZ New),Hatchback,31800.00 NZD,,Toyota; C-HR; 2020; Hatchback,"20 Arthur Porter Drive, Hamilton, 3200, New Zealand",,{_make}=Toyota;{_model}=C-HR;{_year}=2020,,,,,,
33468,,2020 Toyota Corolla,https://www.4guys.co.nz/vehicle-details?id=3850281,https://dataapi.autoplay.co.nz/image.ashx?id=96540615&w=500&h=375&l=true,"6,430 km",2020 Toyota Corolla Touring Wxb Auto 1.8L 5 Door 2Wd,Hatchback,34800.00 NZD,,Toyota; Corolla; 2020; Hatchback,"20 Arthur Porter Drive, Hamilton, 3200, New Zealand",,{_make}=Toyota;{_model}=Corolla;{_year}=2020,,,,,,
33471,,2024 Bmw X7,https://www.4guys.co.nz/vehicle-details?id=3851129,https://dataapi.autoplay.co.nz/image.ashx?id=95757431&w=500&h=375&l=true,"23,900 km",2024 Bmw X7 M60i X Drive 4Wd 6Sts Auto 4.4L V8 Twin Turbo 5 Door,RV/SUV,159800.00 NZD,,BMW; X7; 2024; RV/SUV,"20 Arthur Porter Drive, Hamilton, 3200, New Zealand",,{_make}=BMW;{_model}=X7;{_year}=2024,,,,,,
33473,,2025 Mitsubishi Outlander,https://www.4guys.co.nz/vehicle-details?id=3851581,https://dataapi.autoplay.co.nz/image.ashx?id=94335065&w=500&h=375&l=true,"13,980 km",2025 Mitsubishi Outlander Sports 7 Seater Auto 5 Door 2Wd (NZ New),RV/SUV,46800.00 NZD,,Mitsubishi; Outlander; 2025; RV/SUV,"20 Arthur Porter Drive, Hamilton, 3200, New Zealand",,{_make}=Mitsubishi;{_model}=Outlander;{_year}=2025,,,,,,
33397,,2013 Jeep Grand Cherokee,https://www.4guys.co.nz/vehicle-details?id=3853394,https://dataapi.autoplay.co.nz/image.ashx?id=94742405&w=500&h=375&l=true,"121,998 km",2013 Jeep Grand Cherokee Laredo Auto 3.6L 5 Door 4Wd,RV/SUV,18800.00 NZD,,Jeep; Grand Cherokee; 2013; RV/SUV,"20 Arthur Porter Drive, Hamilton, 3200, New Zealand",,{_make}=Jeep;{_model}=Grand_Cherokee;{_year}=2013,,,,,,
33476,,2022 Mitsubishi Triton,https://www.4guys.co.nz/vehicle-details?id=3853396,https://dataapi.autoplay.co.nz/image.ashx?id=94742859&w=500&h=375&l=true,"120,360 km",2022 Mitsubishi Triton Glxr D/Cab 2Wd Auto 2.4L Turbo Diesel (NZ New),Utility,31800.00 NZD,,Mitsubishi; Triton; 2022; Utility,"20 Arthur Porter Drive, Hamilton, 3200, New Zealand",,{_make}=Mitsubishi;{_model}=Triton;{_year}=2022,,,,,,
33482,,2024 Kia Carnival,https://www.4guys.co.nz/vehicle-details?id=3856478,https://dataapi.autoplay.co.nz/image.ashx?id=94527548&w=500&h=375&l=true,"63,110 km",2024 Kia Carnival Ex 2.2L 8 Seater Coach Auto 2.2L Turbo Diesel (Facelift),Van,47800.00 NZD,,Kia; Carnival; 2024; Van,"20 Arthur Porter Drive, Hamilton, 3200, New Zealand",,{_make}=Kia;{_model}=Carnival;{_year}=2024,,,,,,
33483,,2017 Audi A6,https://www.4guys.co.nz/vehicle-details?id=3856479,https://dataapi.autoplay.co.nz/image.ashx?id=96323792&w=500&h=375&l=true,"45,779 km",2017 Audi A6 2.0Tfsi Quattro S-Line Auto 2.0L Turbo Sedan 4Wd,Sedan,27800.00 NZD,,Audi; A6; 2017; Sedan,"20 Arthur Porter Drive, Hamilton, 3200, New Zealand",,{_make}=Audi;{_model}=A6;{_year}=2017,,,,,,
33489,,2020 Great Wall Cannon,https://www.4guys.co.nz/vehicle-details?id=3864303,https://dataapi.autoplay.co.nz/image.ashx?id=94742064&w=500&h=375&l=true,"79,010 km",2020 Great Wall Cannon Luxury 4X4 Auto 2.0L Turbo Diesel D/Cab (NZ New),Utility,28600.00 NZD,,Great Wall; Cannon; 2020; Utility,"20 Arthur Porter Drive, Hamilton, 3200, New Zealand",,{_make}=Great_Wall;{_model}=Cannon;{_year}=2020,,,,,,
33494,,2021 Nissan X-Trail,https://www.4guys.co.nz/vehicle-details?id=3864304,https://dataapi.autoplay.co.nz/image.ashx?id=96135501&w=500&h=375&l=true,"59,708 km",2021 Nissan X-Trail 20Xi Hybrid 2Wd Auto 2.0L 5 Door,RV/SUV,29950.00 NZD,,Nissan; X-Trail; 2021; RV/SUV,"20 Arthur Porter Drive, Hamilton, 3200, New Zealand",,{_make}=Nissan;{_model}=X-Trail;{_year}=2021,,,,,,
33499,,2015 Holden Cruze,https://www.4guys.co.nz/vehicle-details?id=3864405,https://dataapi.autoplay.co.nz/image.ashx?id=96920871&w=500&h=375&l=true,"109,810 km",2015 Holden Cruze Equipe 1.8L Sedan Auto (NZ New) Facelift,Sedan,11800.00 NZD,,Holden; Cruze; 2015; Sedan,"20 Arthur Porter Drive, Hamilton, 3200, New Zealand",,{_make}=Holden;{_model}=Cruze;{_year}=2015,,,,,,
33500,,2016 Audi A1,https://www.4guys.co.nz/vehicle-details?id=3864406,https://dataapi.autoplay.co.nz/image.ashx?id=94888714&w=500&h=375&l=true,"77,154 km",2016 Audi A1 Sportsback (NZ New-Facelift) Auto 1.4Tfsi Turbo 5 Door,Hatchback,16800.00 NZD,,Audi; A1; 2016; Hatchback,"20 Arthur Porter Drive, Hamilton, 3200, New Zealand",,{_make}=Audi;{_model}=A1;{_year}=2016,,,,,,
33501,,2024 Mitsubishi Outlander,https://www.4guys.co.nz/vehicle-details?id=3865700,https://dataapi.autoplay.co.nz/image.ashx?id=94527044&w=500&h=375&l=true,"35,105 km",2024 Mitsubishi Outlander Vrx 2.5L 7 Seater Auto 5 Door 2Wd (NZ New),RV/SUV,48600.00 NZD,,Mitsubishi; Outlander; 2024; RV/SUV,"20 Arthur Porter Drive, Hamilton, 3200, New Zealand",,{_make}=Mitsubishi;{_model}=Outlander;{_year}=2024,,,,,,
33513,,2024 Mitsubishi Eclipse Cross,https://www.4guys.co.nz/vehicle-details?id=3868663,https://dataapi.autoplay.co.nz/image.ashx?id=94527478&w=500&h=375&l=true,"34,330 km",2024 Mitsubishi Eclipse Cross Vrx (NZ New) Auto (8Spd) 1.5L Turbo 5 Door,RV/SUV,32800.00 NZD,,Mitsubishi; Eclipse Cross; 2024; RV/SUV,"20 Arthur Porter Drive, Hamilton, 3200, New Zealand",,{_make}=Mitsubishi;{_model}=Eclipse_Cross;{_year}=2024,,,,,,
33517,,2024 Mitsubishi Outlander,https://www.4guys.co.nz/vehicle-details?id=3871025,https://dataapi.autoplay.co.nz/image.ashx?id=94742882&w=500&h=375&l=true,"54,100 km",2024 Mitsubishi Outlander Vrx 2.5L 7 Seater Auto 5 Door 4Wd (NZ New),RV/SUV,44800.00 NZD,,Mitsubishi; Outlander; 2024; RV/SUV,"20 Arthur Porter Drive, Hamilton, 3200, New Zealand",,{_make}=Mitsubishi;{_model}=Outlander;{_year}=2024,,,,,,
33512,,2014 Dodge Journey,https://www.4guys.co.nz/vehicle-details?id=3871964,https://dataapi.autoplay.co.nz/image.ashx?id=96715206&w=500&h=375&l=true,"142,390 km",2014 Dodge Journey R/T 3.6L 7 Seater Auto 5 Door (NZ New),RV/SUV,15800.00 NZD,,Dodge; Journey; 2014; RV/SUV,"20 Arthur Porter Drive, Hamilton, 3200, New Zealand",,{_make}=Dodge;{_model}=Journey;{_year}=2014,,,,,,
33524,,2024 Mitsubishi Outlander,https://www.4guys.co.nz/vehicle-details?id=3873249,https://dataapi.autoplay.co.nz/image.ashx?id=94743156&w=500&h=375&l=true,"54,824 km",2024 Mitsubishi Outlander Sport 2.5L 7Sts Auto 5 Door 4Wd (NZ New),RV/SUV,41800.00 NZD,,Mitsubishi; Outlander; 2024; RV/SUV,"20 Arthur Porter Drive, Hamilton, 3200, New Zealand",,{_make}=Mitsubishi;{_model}=Outlander;{_year}=2024,,,,,,
33525,,2024 Mitsubishi Outlander,https://www.4guys.co.nz/vehicle-details?id=3873885,https://dataapi.autoplay.co.nz/image.ashx?id=94889837&w=500&h=375&l=true,"57,845 km",2024 Mitsubishi Outlander Vrx 2.5L 7 Seater Auto 5 Door 4Wd (NZ New),RV/SUV,44800.00 NZD,,Mitsubishi; Outlander; 2024; RV/SUV,"20 Arthur Porter Drive, Hamilton, 3200, New Zealand",,{_make}=Mitsubishi;{_model}=Outlander;{_year}=2024,,,,,,
33526,,2024 Mitsubishi Outlander,https://www.4guys.co.nz/vehicle-details?id=3873886,https://dataapi.autoplay.co.nz/image.ashx?id=94743036&w=500&h=375&l=true,"58,300 km",2024 Mitsubishi Outlander Sport 2.5L 7Sts Auto 5 Door 4Wd (NZ New),RV/SUV,41800.00 NZD,,Mitsubishi; Outlander; 2024; RV/SUV,"20 Arthur Porter Drive, Hamilton, 3200, New Zealand",,{_make}=Mitsubishi;{_model}=Outlander;{_year}=2024,,,,,,
33536,,2016 Audi A6,https://www.4guys.co.nz/vehicle-details?id=3878062,https://dataapi.autoplay.co.nz/image.ashx?id=95960966&w=500&h=375&l=true,"34,798 km",2016 Audi A6 2.0Tfsi Quattro S Line Auto 2.0L Turbo Sedan 4Wd,Sedan,29800.00 NZD,,Audi; A6; 2016; Sedan,"20 Arthur Porter Drive, Hamilton, 3200, New Zealand",,{_make}=Audi;{_model}=A6;{_year}=2016,,,,,,
33537,,2016 Mitsubishi Lancer,https://www.4guys.co.nz/vehicle-details?id=3878403,https://dataapi.autoplay.co.nz/image.ashx?id=95044757&w=500&h=375&l=true,"96,136 km",2016 Mitsubishi Lancer Gsr 2.0L (NZ New) Auto Sedan (Facelift),Sedan,17800.00 NZD,,Mitsubishi; Lancer; 2016; Sedan,"20 Arthur Porter Drive, Hamilton, 3200, New Zealand",,{_make}=Mitsubishi;{_model}=Lancer;{_year}=2016,,,,,,
33558,,2018 Mitsubishi Triton,https://www.4guys.co.nz/vehicle-details?id=3889479,https://dataapi.autoplay.co.nz/image.ashx?id=95618858&w=500&h=375&l=true,"103,817 km",2018 Mitsubishi Triton Glx 4Wd X/Cab Auto 2.4L Turbo Diesel (NZ New),Utility,29800.00 NZD,,Mitsubishi; Triton; 2018; Utility,"20 Arthur Porter Drive, Hamilton, 3200, New Zealand",,{_make}=Mitsubishi;{_model}=Triton;{_year}=2018,,,,,,
33559,,2018 Toyota Land Cruiser,https://www.4guys.co.nz/vehicle-details?id=3889480,https://dataapi.autoplay.co.nz/image.ashx?id=95279168&w=500&h=375&l=true,"62,000 km",2018 Toyota Land Cruiser Lx 4.5Td 4Wd 5Spd Manual 4.5L V8 Turbo Diesel F/Deck,Utility,109800.00 NZD,104800.00 NZD,Toyota; Land Cruiser; 2018; Utility,"20 Arthur Porter Drive, Hamilton, 3200, New Zealand",,{_make}=Toyota;{_model}=Land_Cruiser;{_year}=2018,,,,,,
33575,,2017 Mitsubishi Lancer,https://www.4guys.co.nz/vehicle-details?id=3893180,https://dataapi.autoplay.co.nz/image.ashx?id=95619111&w=500&h=375&l=true,"49,940 km",2017 Mitsubishi Lancer Gsr 2.0L (NZ New) Auto Sedan,Sedan,21800.00 NZD,,Mitsubishi; Lancer; 2017; Sedan,"20 Arthur Porter Drive, Hamilton, 3200, New Zealand",,{_make}=Mitsubishi;{_model}=Lancer;{_year}=2017,,,,,,
33579,,2022 Kia Sportage,https://www.4guys.co.nz/vehicle-details?id=3893184,https://dataapi.autoplay.co.nz/image.ashx?id=95194279&w=500&h=375&l=true,"50,854 km",2022 Kia Sportage Urban Lx+ (NZ New) Auto 2.0L 5 Door 2Wd,RV/SUV,36800.00 NZD,,Kia; Sportage; 2022; RV/SUV,"20 Arthur Porter Drive, Hamilton, 3200, New Zealand",,{_make}=Kia;{_model}=Sportage;{_year}=2022,,,,,,
33581,,2022 Subaru Brz,https://www.4guys.co.nz/vehicle-details?id=3893186,https://dataapi.autoplay.co.nz/image.ashx?id=96715341&w=500&h=375&l=true,"25,305 km",2022 Subaru Brz S Sti Aero Coupe 6Psd Manual 2.4L,Coupe,42800.00 NZD,,Subaru; BRZ; 2022; Coupe,"20 Arthur Porter Drive, Hamilton, 3200, New Zealand",,{_make}=Subaru;{_model}=BRZ;{_year}=2022,,,,,,
33582,,2016 Porsche Macan,https://www.4guys.co.nz/vehicle-details?id=3893782,https://dataapi.autoplay.co.nz/image.ashx?id=96922556&w=500&h=375&l=true,"66,140 km",2016 Porsche Macan 4Wd Auto 2.0L Turbo 5 Door,RV/SUV,35800.00 NZD,,Porsche; Macan; 2016; RV/SUV,"20 Arthur Porter Drive, Hamilton, 3200, New Zealand",,{_make}=Porsche;{_model}=Macan;{_year}=2016,,,,,,
33583,,2014 Audi A6,https://www.4guys.co.nz/vehicle-details?id=3893783,https://dataapi.autoplay.co.nz/image.ashx?id=97113976&w=500&h=375&l=true,"49,940 km",2014 Audi A6 2.8Fsi Quattro S-Line Sedan Auto 4 Door 4Wd,Sedan,23800.00 NZD,,Audi; A6; 2014; Sedan,"20 Arthur Porter Drive, Hamilton, 3200, New Zealand",,{_make}=Audi;{_model}=A6;{_year}=2014,,,,,,
33587,,2024 Kia Carnival,https://www.4guys.co.nz/vehicle-details?id=3895093,https://dataapi.autoplay.co.nz/image.ashx?id=95406826&w=500&h=375&l=true,"68,433 km",2024 Kia Carnival Ex 2.2L 8 Seater Coach Auto 2.2L Turbo Diesel (Facelift),Van,46800.00 NZD,,Kia; Carnival; 2024; Van,"20 Arthur Porter Drive, Hamilton, 3200, New Zealand",,{_make}=Kia;{_model}=Carnival;{_year}=2024,,,,,,
33591,,2021 Haval Jolion,https://www.4guys.co.nz/vehicle-details?id=3896384,https://dataapi.autoplay.co.nz/image.ashx?id=95619272&w=500&h=375&l=true,"54,900 km",2021 Haval Jolion Ultra (NZ New) Auto 1.5L Turbo 5 Door 2Wd,RV/SUV,25800.00 NZD,,Haval; Jolion; 2021; RV/SUV,"20 Arthur Porter Drive, Hamilton, 3200, New Zealand",,{_make}=Haval;{_model}=Jolion;{_year}=2021,,,,,,
33599,,2019 Mitsubishi Triton,https://www.4guys.co.nz/vehicle-details?id=3898683,https://dataapi.autoplay.co.nz/image.ashx?id=95960535&w=500&h=375&l=true,"51,780 km",2019 Mitsubishi Triton Glxr D/Cab 2Wd Auto 2.4L Turbo Diesel (NZ New),Utility,30950.00 NZD,,Mitsubishi; Triton; 2019; Utility,"20 Arthur Porter Drive, Hamilton, 3200, New Zealand",,{_make}=Mitsubishi;{_model}=Triton;{_year}=2019,,,,,,
33596,,2015 Holden Astra,https://www.4guys.co.nz/vehicle-details?id=3900801,https://dataapi.autoplay.co.nz/image.ashx?id=95618828&w=500&h=375&l=true,"84,000 km",2015 Holden Astra Gtc Sport Auto 1.6L Turbo 5 Door (NZ New),Hatchback,12800.00 NZD,,Holden; Astra; 2015; Hatchback,"20 Arthur Porter Drive, Hamilton, 3200, New Zealand",,{_make}=Holden;{_model}=Astra;{_year}=2015,,,,,,
33600,,2022 SsangYong Rexton,https://www.4guys.co.nz/vehicle-details?id=3900803,https://dataapi.autoplay.co.nz/image.ashx?id=96324039&w=500&h=375&l=true,"48,765 km",2022 SsangYong Rexton G4 Spr 7 Sts 4Wd Auto 2.2L Turbo Diesel 5 Door (NZ New),RV/SUV,34800.00 NZD,,SsangYong; Rexton; 2022; RV/SUV,"20 Arthur Porter Drive, Hamilton, 3200, New Zealand",,{_make}=SsangYong;{_model}=Rexton;{_year}=2022,,,,,,
33592,,2009 Holden Commodore,https://www.4guys.co.nz/vehicle-details?id=3903196,https://dataapi.autoplay.co.nz/image.ashx?id=95960928&w=500&h=375&l=true,"101,050 km",2009 Holden Commodore Ve Ss (NZ New) Auto 6.0L V8 Sedan,Sedan,29950.00 NZD,,Holden; Commodore; 2009; Sedan,"20 Arthur Porter Drive, Hamilton, 3200, New Zealand",,{_make}=Holden;{_model}=Commodore;{_year}=2009,,,,,,
33613,,2020 Dodge Challenger,https://www.4guys.co.nz/vehicle-details?id=3905880,https://dataapi.autoplay.co.nz/image.ashx?id=95618797&w=500&h=375&l=true,"16,582 km",2020 Dodge Challenger R/T Scatpack Widebody Auto 6.4L V8 (485hp) Shaker Coupe,Coupe,119800.00 NZD,,Dodge; Challenger; 2020; Coupe,"20 Arthur Porter Drive, Hamilton, 3200, New Zealand",,{_make}=Dodge;{_model}=Challenger;{_year}=2020,,,,,,
33612,,2019 Renault Koleos,https://www.4guys.co.nz/vehicle-details?id=3905885,https://dataapi.autoplay.co.nz/image.ashx?id=95406995&w=500&h=375&l=true,"67,405 km",2019 Renault Koleos Zen 2.5L 2Wd Auto 5 Door (NZ New),RV/SUV,26800.00 NZD,,Renault; Koleos; 2019; RV/SUV,"20 Arthur Porter Drive, Hamilton, 3200, New Zealand",,{_make}=Renault;{_model}=Koleos;{_year}=2019,,,,,,
33614,,2020 Toyota Corolla,https://www.4guys.co.nz/vehicle-details?id=3905886,https://dataapi.autoplay.co.nz/image.ashx?id=95619460&w=500&h=375&l=true,"39,522 km",2020 Toyota Corolla Wxb Touring Auto 1.8L 5 Door,Hatchback,29800.00 NZD,,Toyota; Corolla; 2020; Hatchback,"20 Arthur Porter Drive, Hamilton, 3200, New Zealand",,{_make}=Toyota;{_model}=Corolla;{_year}=2020,,,,,,
33616,,2022 Ford Everest,https://www.4guys.co.nz/vehicle-details?id=3907144,https://dataapi.autoplay.co.nz/image.ashx?id=95960415&w=500&h=375&l=true,"60,120 km",2022 Ford Everest Sport 7Sts Auto (10Spd) 2.0L Twin Turbo Diesel 4Wd,RV/SUV,49800.00 NZD,,Ford; Everest; 2022; RV/SUV,"20 Arthur Porter Drive, Hamilton, 3200, New Zealand",,{_make}=Ford;{_model}=Everest;{_year}=2022,,,,,,
33624,,2020 Dodge Charger,https://www.4guys.co.nz/vehicle-details?id=3912842,https://dataapi.autoplay.co.nz/image.ashx?id=96260899&w=500&h=375&l=true,"39,701 km",2020 Dodge Charger R/T Scat Pack Widebody Auto 6.4L V8 (485hp) Sedan,Sedan,99800.00 NZD,,Dodge; Charger; 2020; Sedan,"20 Arthur Porter Drive, Hamilton, 3200, New Zealand",,{_make}=Dodge;{_model}=Charger;{_year}=2020,,,,,,
33627,,2018 Dodge Challenger,https://www.4guys.co.nz/vehicle-details?id=3912843,https://dataapi.autoplay.co.nz/image.ashx?id=95757370&w=500&h=375&l=true,"20,485 km",2018 Dodge Challenger Hellcat Widebody Auto 6.2L V8 (707Hp) Coupe,Coupe,144800.00 NZD,,Dodge; Challenger; 2018; Coupe,"20 Arthur Porter Drive, Hamilton, 3200, New Zealand",,{_make}=Dodge;{_model}=Challenger;{_year}=2018,,,,,,
33630,,2019 Ford Ranger,https://www.4guys.co.nz/vehicle-details?id=3912854,https://dataapi.autoplay.co.nz/image.ashx?id=96324201&w=500&h=375&l=true,"127,592 km",2019 Ford Ranger Xlt D/Cab 2Wd (NZ New) Auto 3.2L Turbo Diesel,Utility,30800.00 NZD,,Ford; Ranger; 2019; Utility,"20 Arthur Porter Drive, Hamilton, 3200, New Zealand",,{_make}=Ford;{_model}=Ranger;{_year}=2019,,,,,,
33634,,2020 Dodge Challenger,https://www.4guys.co.nz/vehicle-details?id=3912912,https://dataapi.autoplay.co.nz/image.ashx?id=95757017&w=500&h=375&l=true,"9,619 km",2020 Dodge Challenger Hellcat Redeye (797Hp) Auto 6.2L V8 Supercharged Coupe,Coupe,179800.00 NZD,,Dodge; Challenger; 2020; Coupe,"20 Arthur Porter Drive, Hamilton, 3200, New Zealand",,{_make}=Dodge;{_model}=Challenger;{_year}=2020,,,,,,
33635,,2017 Mitsubishi Lancer,https://www.4guys.co.nz/vehicle-details?id=3914363,https://dataapi.autoplay.co.nz/image.ashx?id=97071692&w=500&h=375&l=true,"102,140 km",2017 Mitsubishi Lancer Gsr 2.0L (NZ New) Auto Sedan (Facelift),Sedan,16800.00 NZD,,Mitsubishi; Lancer; 2017; Sedan,"20 Arthur Porter Drive, Hamilton, 3200, New Zealand",,{_make}=Mitsubishi;{_model}=Lancer;{_year}=2017,,,,,,
33636,,2019 Mazda Bt-50,https://www.4guys.co.nz/vehicle-details?id=3914364,https://dataapi.autoplay.co.nz/image.ashx?id=95960814&w=500&h=375&l=true,"54,000 km",2019 Mazda Bt-50 Gsx Double Cab 2Wd Auto 3.2L Turbo Diesel (NZ New),Utility,34800.00 NZD,,Mazda; BT-50; 2019; Utility,"20 Arthur Porter Drive, Hamilton, 3200, New Zealand",,{_make}=Mazda;{_model}=BT-50;{_year}=2019,,,,,,
33639,,2023 Mazda Cx-8,https://www.4guys.co.nz/vehicle-details?id=3916301,https://dataapi.autoplay.co.nz/image.ashx?id=96921737&w=500&h=375&l=true,"7,432 km",2023 Mazda Cx-8 25S Exclusive Mode Auto 2.5L 7 Seater,RV/SUV,46800.00 NZD,,Mazda; CX-8; 2023; RV/SUV,"20 Arthur Porter Drive, Hamilton, 3200, New Zealand",,{_make}=Mazda;{_model}=CX-8;{_year}=2023,,,,,,
33640,,2021 Mazda Cx-8,https://www.4guys.co.nz/vehicle-details?id=3918253,https://dataapi.autoplay.co.nz/image.ashx?id=96921064&w=500&h=375&l=true,"28,952 km",2021 Mazda Cx-8 25S Black Tone Edition Auto 2.5L 5 Door 7 Seater 2Wd,RV/SUV,39800.00 NZD,,Mazda; CX-8; 2021; RV/SUV,"20 Arthur Porter Drive, Hamilton, 3200, New Zealand",,{_make}=Mazda;{_model}=CX-8;{_year}=2021,,,,,,
33642,,2024 Mg 5,https://www.4guys.co.nz/vehicle-details?id=3918254,https://dataapi.autoplay.co.nz/image.ashx?id=96323900&w=500&h=375&l=true,"41,405 km",2024 Mg 5 Zs Excite 1.5L Auto Door 2Wd (NZ New),RV/SUV,23800.00 NZD,,MG; 5; 2024; RV/SUV,"20 Arthur Porter Drive, Hamilton, 3200, New Zealand",,{_make}=MG;{_model}=5;{_year}=2024,,,,,,
33648,,2012 Toyota 86,https://www.4guys.co.nz/vehicle-details?id=3923875,https://dataapi.autoplay.co.nz/image.ashx?id=96539627&w=500&h=375&l=true,"77,965 km",2012 Toyota 86 Gt Coupe Auto 2.0L,Coupe,21800.00 NZD,,Toyota; 86; 2012; Coupe,"20 Arthur Porter Drive, Hamilton, 3200, New Zealand",,{_make}=Toyota;{_model}=86;{_year}=2012,,,,,,
33657,,2015 Toyota Aqua,https://www.4guys.co.nz/vehicle-details?id=3923879,https://dataapi.autoplay.co.nz/image.ashx?id=97573770&w=500&h=375&l=true,"58,583 km",2015 Toyota Aqua X-Urban Hybrid Auto 1.5L 5 Door 2Wd,Hatchback,17800.00 NZD,,Toyota; Aqua; 2015; Hatchback,"20 Arthur Porter Drive, Hamilton, 3200, New Zealand",,{_make}=Toyota;{_model}=Aqua;{_year}=2015,,,,,,
33664,,2018 Ford Ranger,https://www.4guys.co.nz/vehicle-details?id=3927206,https://dataapi.autoplay.co.nz/image.ashx?id=96539339&w=500&h=375&l=true,"105,470 km",2018 Ford Ranger Xlt D/Cab 2Wd (NZ New) Auto 3.2L Turbo Diesel,Utility,29800.00 NZD,,Ford; Ranger; 2018; Utility,"20 Arthur Porter Drive, Hamilton, 3200, New Zealand",,{_make}=Ford;{_model}=Ranger;{_year}=2018,,,,,,
33666,,2017 Ford Ranger,https://www.4guys.co.nz/vehicle-details?id=3927207,https://dataapi.autoplay.co.nz/image.ashx?id=96714798&w=500&h=375&l=true,"117,100 km",2017 Ford Ranger Xlt D/Cab 2Wd (NZ New) Auto 3.2L Turbo Diesel,Utility,27800.00 NZD,,Ford; Ranger; 2017; Utility,"20 Arthur Porter Drive, Hamilton, 3200, New Zealand",,{_make}=Ford;{_model}=Ranger;{_year}=2017,,,,,,
33669,,2021 Hyundai Palisade,https://www.4guys.co.nz/vehicle-details?id=3927954,https://dataapi.autoplay.co.nz/image.ashx?id=96135171&w=500&h=375&l=true,"62,260 km",2021 Hyundai Palisade Elite 8 Seater Auto 2.2L Turbo Diesel 4Wd (NZ New),RV/SUV,54800.00 NZD,,Hyundai; Palisade; 2021; RV/SUV,"20 Arthur Porter Drive, Hamilton, 3200, New Zealand",,{_make}=Hyundai;{_model}=Palisade;{_year}=2021,,,,,,
33672,,2022 Mitsubishi Triton,https://www.4guys.co.nz/vehicle-details?id=3927957,https://dataapi.autoplay.co.nz/image.ashx?id=96878809&w=500&h=375&l=true,"112,845 km",2022 Mitsubishi Triton Glxr D/Cab 2Wd Auto 2.4L Turbo Diesel,Utility,29800.00 NZD,,Mitsubishi; Triton; 2022; Utility,"20 Arthur Porter Drive, Hamilton, 3200, New Zealand",,{_make}=Mitsubishi;{_model}=Triton;{_year}=2022,,,,,,
33665,,2017 Ford Ranger,https://www.4guys.co.nz/vehicle-details?id=3928539,https://dataapi.autoplay.co.nz/image.ashx?id=96324209&w=500&h=375&l=true,"137,422 km",2017 Ford Ranger Xlt 4X4 D/Cab Auto 3.2L Turbo Diesel (NZ New),Utility,31800.00 NZD,,Ford; Ranger; 2017; Utility,"20 Arthur Porter Drive, Hamilton, 3200, New Zealand",,{_make}=Ford;{_model}=Ranger;{_year}=2017,,,,,,
33656,,2008 Lexus Is F,https://www.4guys.co.nz/vehicle-details?id=3929739,https://dataapi.autoplay.co.nz/image.ashx?id=96715567&w=500&h=375&l=true,"107,456 km",2008 Lexus Is F 5.0L V8 Auto Sedan,Sedan,34800.00 NZD,,Lexus; IS F; 2008; Sedan,"20 Arthur Porter Drive, Hamilton, 3200, New Zealand",,{_make}=Lexus;{_model}=IS_F;{_year}=2008,,,,,,
33658,,2008 Lexus Is F,https://www.4guys.co.nz/vehicle-details?id=3930636,https://dataapi.autoplay.co.nz/image.ashx?id=96715517&w=500&h=375&l=true,"163,474 km",2008 Lexus Is F 5.0L V8 Auto Sedan,Sedan,27950.00 NZD,,Lexus; IS F; 2008; Sedan,"20 Arthur Porter Drive, Hamilton, 3200, New Zealand",,{_make}=Lexus;{_model}=IS_F;{_year}=2008,,,,,,
33676,,2024 Subaru Brz,https://www.4guys.co.nz/vehicle-details?id=3930722,https://dataapi.autoplay.co.nz/image.ashx?id=97307975&w=500&h=375&l=true,"7,140 km",2024 Subaru Brz S Sti Aero Coupe Auto 2.4L,Coupe,49800.00 NZD,,Subaru; BRZ; 2024; Coupe,"20 Arthur Porter Drive, Hamilton, 3200, New Zealand",,{_make}=Subaru;{_model}=BRZ;{_year}=2024,,,,,,
33678,,2020 Toyota Commuter,https://www.4guys.co.nz/vehicle-details?id=3930723,https://dataapi.autoplay.co.nz/image.ashx?id=96077752&w=500&h=375&l=true,"3,745 km",2020 Toyota Commuter Hiace Gl Super Long 14 Seater Auto 2.7L 4 Door 2Wd,Van,59800.00 NZD,,Toyota; Commuter; 2020; Van,"20 Arthur Porter Drive, Hamilton, 3200, New Zealand",,{_make}=Toyota;{_model}=Commuter;{_year}=2020,,,,,,
33699,,2020 Ford Mustang,https://www.4guys.co.nz/vehicle-details?id=3935912,https://dataapi.autoplay.co.nz/image.ashx?id=96323040&w=500&h=375&l=true,"18,982 km",2020 Ford Mustang Roush Stage 3 (NZ New) Auto Coupe 50L V8 S/C 700Hp (Rh Steer-NZ New),Coupe,79800.00 NZD,,Ford; Mustang; 2020; Coupe,"20 Arthur Porter Drive, Hamilton, 3200, New Zealand",,{_make}=Ford;{_model}=Mustang;{_year}=2020,,,,,,
33689,,2016 Audi Sq7,https://www.4guys.co.nz/vehicle-details?id=3936702,https://dataapi.autoplay.co.nz/image.ashx?id=96538911&w=500&h=375&l=true,"142,853 km",2016 Audi Sq7 4.0L V8 Bi Tdi (320Kw) 7 Seater Auto 5 Door Twin Turbo Awd (NZ New),RV/SUV,46800.00 NZD,,Audi; SQ7; 2016; RV/SUV,"20 Arthur Porter Drive, Hamilton, 3200, New Zealand",,{_make}=Audi;{_model}=SQ7;{_year}=2016,,,,,,
33691,,2015 Subaru Levorg,https://www.4guys.co.nz/vehicle-details?id=3936756,https://dataapi.autoplay.co.nz/image.ashx?id=97113081&w=500&h=375&l=true,"162,158 km",2015 Subaru Levorg 1.6L Turbo Awd Auto 5 Door,Station Wagon,14800.00 NZD,,Subaru; Levorg; 2015; Station Wagon,"20 Arthur Porter Drive, Hamilton, 3200, New Zealand",,{_make}=Subaru;{_model}=Levorg;{_year}=2015,,,,,,
33700,,2021 Mazda 3,https://www.4guys.co.nz/vehicle-details?id=3937793,https://dataapi.autoplay.co.nz/image.ashx?id=96540963&w=500&h=375&l=true,"70,042 km",2021 Mazda 3 Gsx Hatchback (NZ New) Auto 2.0L 5 Door (Facelift),Hatchback,21800.00 NZD,,Mazda; 3; 2021; Hatchback,"20 Arthur Porter Drive, Hamilton, 3200, New Zealand",,{_make}=Mazda;{_model}=3;{_year}=2021,,,,,,
33703,,2020 Bmw X5,https://www.4guys.co.nz/vehicle-details?id=3938076,https://dataapi.autoplay.co.nz/image.ashx?id=96296090&w=500&h=375&l=true,"68,984 km",2020 Bmw X5 X Drive 50i M Sport Auto 4.4L V8 Twin Turbo 4Wd 5 Door,Station Wagon,49800.00 NZD,,BMW; X5; 2020; Station Wagon,"20 Arthur Porter Drive, Hamilton, 3200, New Zealand",,{_make}=BMW;{_model}=X5;{_year}=2020,,,,,,
33705,,2019 Nissan Navara,https://www.4guys.co.nz/vehicle-details?id=3938221,https://dataapi.autoplay.co.nz/image.ashx?id=97112708&w=500&h=375&l=true,"151,679 km",2019 Nissan Navara St D/Cab 2Wd (NZ New) 5Spd Manual 2.3L Turbo Diesel,Utility,20800.00 NZD,,Nissan; Navara; 2019; Utility,"20 Arthur Porter Drive, Hamilton, 3200, New Zealand",,{_make}=Nissan;{_model}=Navara;{_year}=2019,,,,,,
33707,,2020 Nissan Navara,https://www.4guys.co.nz/vehicle-details?id=3940257,https://dataapi.autoplay.co.nz/image.ashx?id=96714697&w=500&h=375&l=true,"106,915 km",2020 Nissan Navara St-X D/ Cab 2Wd Auto 2.3L Turbo Diesel (NZ New),Utility,29800.00 NZD,,Nissan; Navara; 2020; Utility,"20 Arthur Porter Drive, Hamilton, 3200, New Zealand",,{_make}=Nissan;{_model}=Navara;{_year}=2020,,,,,,
33711,,2022 Renault Koleos,https://www.4guys.co.nz/vehicle-details?id=3940381,https://dataapi.autoplay.co.nz/image.ashx?id=96715159&w=500&h=375&l=true,"120,885 km",2022 Renault Koleos Zen Sport 2.5L Auto 5 Door (NZ New),RV/SUV,23800.00 NZD,,Renault; Koleos; 2022; RV/SUV,"20 Arthur Porter Drive, Hamilton, 3200, New Zealand",,{_make}=Renault;{_model}=Koleos;{_year}=2022,,,,,,
33716,,2019 Mazda 3,https://www.4guys.co.nz/vehicle-details?id=3941895,https://dataapi.autoplay.co.nz/image.ashx?id=96393839&w=500&h=375&l=true,"21,734 km",2019 Mazda 3 20S L Pkg Hatch Back Auto 2.0L 5 Door,Hatchback,30800.00 NZD,,Mazda; 3; 2019; Hatchback,"20 Arthur Porter Drive, Hamilton, 3200, New Zealand",,{_make}=Mazda;{_model}=3;{_year}=2019,,,,,,
33719,,2024 Nissan Navara,https://www.4guys.co.nz/vehicle-details?id=3943276,https://dataapi.autoplay.co.nz/image.ashx?id=96538553&w=500&h=375&l=true,"39,266 km",2024 Nissan Navara Pro-4X 4Wd D/Cab Auto 2.3L Turbo Diesel (NZ New),Utility,51800.00 NZD,,Nissan; Navara; 2024; Utility,"20 Arthur Porter Drive, Hamilton, 3200, New Zealand",,{_make}=Nissan;{_model}=Navara;{_year}=2024,,,,,,
33723,,2018 Audi Sq7,https://www.4guys.co.nz/vehicle-details?id=3943515,https://dataapi.autoplay.co.nz/image.ashx?id=96541038&w=500&h=375&l=true,"75,206 km",2018 Audi Sq7 4.0L V8 Bi Tdi (320Kw) 7 Seater Auto 5 Door Twin Turbo V8 Diesel 4Wd,RV/SUV,69800.00 NZD,,Audi; SQ7; 2018; RV/SUV,"20 Arthur Porter Drive, Hamilton, 3200, New Zealand",,{_make}=Audi;{_model}=SQ7;{_year}=2018,,,,,,
33725,,2021 Mitsubishi Triton,https://www.4guys.co.nz/vehicle-details?id=3944519,https://dataapi.autoplay.co.nz/image.ashx?id=97113332&w=500&h=375&l=true,"65,395 km",2021 Mitsubishi Triton Glxr D/Cab 2Wd Auto 2.4L Turbo Diesel (NZ New),Utility,29800.00 NZD,,Mitsubishi; Triton; 2021; Utility,"20 Arthur Porter Drive, Hamilton, 3200, New Zealand",,{_make}=Mitsubishi;{_model}=Triton;{_year}=2021,,,,,,
33726,,2020 Toyota Hilux,https://www.4guys.co.nz/vehicle-details?id=3944520,https://dataapi.autoplay.co.nz/image.ashx?id=97308250&w=500&h=375&l=true,"121,895 km",2020 Toyota Hilux Sr D/Cab 2Wd Auto 2.8L Turbo Diesel (NZ New),Utility,33800.00 NZD,,Toyota; Hilux; 2020; Utility,"20 Arthur Porter Drive, Hamilton, 3200, New Zealand",,{_make}=Toyota;{_model}=Hilux;{_year}=2020,,,,,,
33632,,2018 Holden Captiva,https://www.4guys.co.nz/vehicle-details?id=3946056,https://dataapi.autoplay.co.nz/image.ashx?id=96879008&w=500&h=375&l=true,"213,000 km",2018 Holden Captiva Ls Equipe 7 Seater 2Wd 2.4L Auto Suv,RV/SUV,9800.00 NZD,,Holden; Captiva; 2018; RV/SUV,"20 Arthur Porter Drive, Hamilton, 3200, New Zealand",,{_make}=Holden;{_model}=Captiva;{_year}=2018,,,,,,
33729,,2020 Mazda 3,https://www.4guys.co.nz/vehicle-details?id=3946058,https://dataapi.autoplay.co.nz/image.ashx?id=96571639&w=500&h=375&l=true,"16,714 km",2020 Mazda 3 20S Proactive Touring Selection Auto 2.0L 5 Door Hatch Back,Hatchback,32800.00 NZD,,Mazda; 3; 2020; Hatchback,"20 Arthur Porter Drive, Hamilton, 3200, New Zealand",,{_make}=Mazda;{_model}=3;{_year}=2020,,,,,,
33731,,2021 Mazda 3,https://www.4guys.co.nz/vehicle-details?id=3948295,https://dataapi.autoplay.co.nz/image.ashx?id=96604113&w=500&h=375&l=true,"40,115 km",2021 Mazda 3 20S Proactive Touring Selection Auto 2.0L 5 Door Hatch Back,Hatchback,29800.00 NZD,,Mazda; 3; 2021; Hatchback,"20 Arthur Porter Drive, Hamilton, 3200, New Zealand",,{_make}=Mazda;{_model}=3;{_year}=2021,,,,,,
33734,,2019 Toyota Corolla,https://www.4guys.co.nz/vehicle-details?id=3951314,https://dataapi.autoplay.co.nz/image.ashx?id=96920511&w=500&h=375&l=true,"50,105 km",2019 Toyota Corolla Zr Hybrid (NZ New) Auto 1.8L 5 Door Hatch Back,Hatchback,29800.00 NZD,,Toyota; Corolla; 2019; Hatchback,"20 Arthur Porter Drive, Hamilton, 3200, New Zealand",,{_make}=Toyota;{_model}=Corolla;{_year}=2019,,,,,,
33737,,2011 Volkswagen Golf R,https://www.4guys.co.nz/vehicle-details?id=3951315,https://dataapi.autoplay.co.nz/image.ashx?id=96920823&w=500&h=375&l=true,"87,795 km",2011 Volkswagen Golf R (199Kw) Auto (Dsg) 2.0L Turbo Awd (NZ New),Hatchback,22800.00 NZD,,Volkswagen; Golf R; 2011; Hatchback,"20 Arthur Porter Drive, Hamilton, 3200, New Zealand",,{_make}=Volkswagen;{_model}=Golf_R;{_year}=2011,,,,,,
33738,,2017 Holden Colorado,https://www.4guys.co.nz/vehicle-details?id=3954107,https://dataapi.autoplay.co.nz/image.ashx?id=97573244&w=500&h=375&l=true,"154,450 km",2017 Holden Colorado Ltz D/Cab 4X2 (NZ New) Auto 2.8L Turbo Diesel 2Wd,Utility,24800.00 NZD,,Holden; Colorado; 2017; Utility,"20 Arthur Porter Drive, Hamilton, 3200, New Zealand",,{_make}=Holden;{_model}=Colorado;{_year}=2017,,,,,,
33708,,2021 Dodge Challenger,https://www.4guys.co.nz/vehicle-details?id=3954400,https://dataapi.autoplay.co.nz/image.ashx?id=96714975&w=500&h=375&l=true,"11,425 km",2021 Dodge Challenger Hellcat Redeye (797Hp) Auto 6.2L Supercharged Coupe,Coupe,184800.00 NZD,,Dodge; Challenger; 2021; Coupe,"20 Arthur Porter Drive, Hamilton, 3200, New Zealand",,{_make}=Dodge;{_model}=Challenger;{_year}=2021,,,,,,
33745,,2016 Ford Ranger,https://www.4guys.co.nz/vehicle-details?id=3956663,https://dataapi.autoplay.co.nz/image.ashx?id=97113415&w=500&h=375&l=true,"158,314 km",2016 Ford Ranger Xlt D/Cab 2Wd (NZ New) 6Spd Manual 3.2L Turbo Diesel,Utility,28950.00 NZD,,Ford; Ranger; 2016; Utility,"20 Arthur Porter Drive, Hamilton, 3200, New Zealand",,{_make}=Ford;{_model}=Ranger;{_year}=2016,,,,,,
33747,,2018 Holden Captiva,https://www.4guys.co.nz/vehicle-details?id=3957352,https://dataapi.autoplay.co.nz/image.ashx?id=97113735&w=500&h=375&l=true,"103,220 km",2018 Holden Captiva Ltz 2.2D Awd 7 Seater Auto 2.2L Turbo Diesel (NZ New),RV/SUV,15800.00 NZD,,Holden; Captiva; 2018; RV/SUV,"20 Arthur Porter Drive, Hamilton, 3200, New Zealand",,{_make}=Holden;{_model}=Captiva;{_year}=2018,,,,,,
33742,,2020 Great Wall Steed,https://www.4guys.co.nz/vehicle-details?id=3958439,https://dataapi.autoplay.co.nz/image.ashx?id=96922108&w=500&h=375&l=true,"31,165 km",2020 Great Wall Steed 2.4L D/Cab 2Wd 5Spd Manual (NZ New),Utility,19800.00 NZD,,Great Wall; Steed; 2020; Utility,"20 Arthur Porter Drive, Hamilton, 3200, New Zealand",,{_make}=Great_Wall;{_model}=Steed;{_year}=2020,,,,,,
33750,,2018 Mini Countryman,https://www.4guys.co.nz/vehicle-details?id=3958442,https://dataapi.autoplay.co.nz/image.ashx?id=96922172&w=500&h=375&l=true,"57,780 km",2018 Mini Countryman Jcw 4Wd 2.0L Auto 2.0L Turbo 5 Door,Hatchback,32800.00 NZD,,MINI; Countryman; 2018; Hatchback,"20 Arthur Porter Drive, Hamilton, 3200, New Zealand",,{_make}=MINI;{_model}=Countryman;{_year}=2018,,,,,,
33754,,2020 Nissan X-Trail,https://www.4guys.co.nz/vehicle-details?id=3960538,https://dataapi.autoplay.co.nz/image.ashx?id=96950035&w=500&h=375&l=true,"59,100 km",2020 Nissan X-Trail St-L 7 Seater 2.5L Auto 5 Door 2Wd (NZ New),RV/SUV,26800.00 NZD,,Nissan; X-Trail; 2020; RV/SUV,"20 Arthur Porter Drive, Hamilton, 3200, New Zealand",,{_make}=Nissan;{_model}=X-Trail;{_year}=2020,,,,,,
33755,,2007 Holden Commodore,https://www.4guys.co.nz/vehicle-details?id=3961943,https://dataapi.autoplay.co.nz/image.ashx?id=97572802&w=500&h=375&l=true,"189,000 km",2007 Holden Commodore Vz Sv6 Utility Auto 3.6L S/Cab Canopy,Utility,14800.00 NZD,,Holden; Commodore; 2007; Utility,"20 Arthur Porter Drive, Hamilton, 3200, New Zealand",,{_make}=Holden;{_model}=Commodore;{_year}=2007,,,,,,
33757,,2016 Mazda Axela,https://www.4guys.co.nz/vehicle-details?id=3962109,https://dataapi.autoplay.co.nz/image.ashx?id=97112552&w=500&h=375&l=true,"79,480 km",2016 Mazda Axela 1.6L Sedan (Facelift) 6Spd Manual,Sedan,15800.00 NZD,,Mazda; Axela; 2016; Sedan,"20 Arthur Porter Drive, Hamilton, 3200, New Zealand",,{_make}=Mazda;{_model}=Axela;{_year}=2016,,,,,,
33759,,2022 Audi Rs4,https://www.4guys.co.nz/vehicle-details?id=3964187,https://dataapi.autoplay.co.nz/image.ashx?id=97113875&w=500&h=375&l=true,"45,634 km",2022 Audi Rs4 Avant 450Hp Auto 2.9L Twin Turbo (NZ New),Station Wagon,109800.00 NZD,,Audi; RS4; 2022; Station Wagon,"20 Arthur Porter Drive, Hamilton, 3200, New Zealand",,{_make}=Audi;{_model}=RS4;{_year}=2022,,,,,,
33756,,2014 Ford Ranger,https://www.4guys.co.nz/vehicle-details?id=3965528,https://dataapi.autoplay.co.nz/image.ashx?id=97572937&w=500&h=375&l=true,"245,750 km",2014 Ford Ranger Xl D/Cab 2Wd (NZ New) Auto 3.2L Turbo Diesel,Utility,16800.00 NZD,,Ford; Ranger; 2014; Utility,"20 Arthur Porter Drive, Hamilton, 3200, New Zealand",,{_make}=Ford;{_model}=Ranger;{_year}=2014,,,,,,
33761,,2017 Nissan X-Trail,https://www.4guys.co.nz/vehicle-details?id=3965529,https://dataapi.autoplay.co.nz/image.ashx?id=97081870&w=500&h=375&l=true,"78,756 km",2017 Nissan X-Trail 20X 4Wd Auto 2.0L 5 Door,RV/SUV,18800.00 NZD,,Nissan; X-Trail; 2017; RV/SUV,"20 Arthur Porter Drive, Hamilton, 3200, New Zealand",,{_make}=Nissan;{_model}=X-Trail;{_year}=2017,,,,,,
33762,,2019 Ldv T60,https://www.4guys.co.nz/vehicle-details?id=3965530,https://dataapi.autoplay.co.nz/image.ashx?id=97573396&w=500&h=375&l=true,"84,438 km",2019 Ldv T60 Luxury 4Wd D/Cab Auto 2.8L Turbo Diesel,Utility,26800.00 NZD,,LDV; T60; 2019; Utility,"20 Arthur Porter Drive, Hamilton, 3200, New Zealand",,{_make}=LDV;{_model}=T60;{_year}=2019,,,,,,
33767,,2023 Toyota Rav4,https://www.4guys.co.nz/vehicle-details?id=3965532,https://dataapi.autoplay.co.nz/image.ashx?id=97308039&w=500&h=375&l=true,"45,264 km",2023 Toyota Rav4 2.5L Limited Hybrid (NZ New) Auto 5 Door 4Wd,RV/SUV,54800.00 NZD,,Toyota; RAV4; 2023; RV/SUV,"20 Arthur Porter Drive, Hamilton, 3200, New Zealand",,{_make}=Toyota;{_model}=RAV4;{_year}=2023,,,,,,
33770,,2020 Ford Ranger,https://www.4guys.co.nz/vehicle-details?id=3965948,https://dataapi.autoplay.co.nz/image.ashx?id=97308106&w=500&h=375&l=true,"103,300 km",2020 Ford Ranger Xlt D/Cab 2Wd (NZ New) Auto 3.2L Turbo Diesel,Utility,30800.00 NZD,,Ford; Ranger; 2020; Utility,"20 Arthur Porter Drive, Hamilton, 3200, New Zealand",,{_make}=Ford;{_model}=Ranger;{_year}=2020,,,,,,
33772,,2021 Ford Ranger,https://www.4guys.co.nz/vehicle-details?id=3966793,https://dataapi.autoplay.co.nz/image.ashx?id=97114648&w=500&h=375&l=true,"127,480 km",2021 Ford Ranger Wildtrak 3.2L 4X4 Auto 3.2L Turbo Diesel (NZ New),Utility,39800.00 NZD,,Ford; Ranger; 2021; Utility,"20 Arthur Porter Drive, Hamilton, 3200, New Zealand",,{_make}=Ford;{_model}=Ranger;{_year}=2021,,,,,,
33773,,2007 Holden Commodore,https://www.4guys.co.nz/vehicle-details?id=3967772,https://dataapi.autoplay.co.nz/image.ashx?id=97181836&w=500&h=375&l=true,"226,825 km",2007 Holden Commodore Ss-V 6.0L Auto V8 Sedan,Sedan,23850.00 NZD,,Holden; Commodore; 2007; Sedan,"20 Arthur Porter Drive, Hamilton, 3200, New Zealand",,{_make}=Holden;{_model}=Commodore;{_year}=2007,,,,,,
33769,,2017 Volkswagen Tiguan,https://www.4guys.co.nz/vehicle-details?id=3969155,https://dataapi.autoplay.co.nz/image.ashx?id=97573825&w=500&h=375&l=true,"128,446 km",2017 Volkswagen Tiguan Highline 4Motion Auto 2.0L Tsi Turbo 4Wd 5 Door (NZ New),RV/SUV,18950.00 NZD,,Volkswagen; Tiguan; 2017; RV/SUV,"20 Arthur Porter Drive, Hamilton, 3200, New Zealand",,{_make}=Volkswagen;{_model}=Tiguan;{_year}=2017,,,,,,
33743,,2015 Holden Cruze,https://www.4guys.co.nz/vehicle-details?id=3970045,https://dataapi.autoplay.co.nz/image.ashx?id=97573211&w=500&h=375&l=true,"49,620 km",2015 Holden Cruze Equipe Hatch Back (Facelift) Auto 1.8L 5 Door,Hatchback,13800.00 NZD,,Holden; Cruze; 2015; Hatchback,"20 Arthur Porter Drive, Hamilton, 3200, New Zealand",,{_make}=Holden;{_model}=Cruze;{_year}=2015,,,,,,
33779,,2014 Mitsubishi Lancer,https://www.4guys.co.nz/vehicle-details?id=3970047,https://dataapi.autoplay.co.nz/image.ashx?id=97240118&w=500&h=375&l=true,"100,899 km",2014 Mitsubishi Lancer Gsr 2.0L (NZ New) Auto Sedan,Sedan,14800.00 NZD,,Mitsubishi; Lancer; 2014; Sedan,"20 Arthur Porter Drive, Hamilton, 3200, New Zealand",,{_make}=Mitsubishi;{_model}=Lancer;{_year}=2014,,,,,,
33780,,2020 Mazda 3,https://www.4guys.co.nz/vehicle-details?id=3970502,https://dataapi.autoplay.co.nz/image.ashx?id=97319878&w=500&h=375&l=true,"23,520 km",2020 Mazda 3 20S L Pkg Hatch Back Auto 2.0L 5 Door,Hatchback,32950.00 NZD,,Mazda; 3; 2020; Hatchback,"20 Arthur Porter Drive, Hamilton, 3200, New Zealand",,{_make}=Mazda;{_model}=3;{_year}=2020,,,,,,
33775,,2011 Nissan Juke,https://www.4guys.co.nz/vehicle-details?id=3971141,https://dataapi.autoplay.co.nz/image.ashx?id=97308630&w=500&h=375&l=true,"126,226 km",2011 Nissan Juke St 1.5L Auto 1.5L 5 Door Hatchback,Hatchback,8900.00 NZD,,Nissan; Juke; 2011; Hatchback,"20 Arthur Porter Drive, Hamilton, 3200, New Zealand",,{_make}=Nissan;{_model}=Juke;{_year}=2011,,,,,,
33785,,2018 Holden Captiva,https://www.4guys.co.nz/vehicle-details?id=3971142,https://dataapi.autoplay.co.nz/image.ashx?id=97308701&w=500&h=375&l=true,"95,267 km",2018 Holden Captiva Ltz 7 3.0L 4Wd 7 Seater Auto 5 Door Lwb,RV/SUV,19800.00 NZD,,Holden; Captiva; 2018; RV/SUV,"20 Arthur Porter Drive, Hamilton, 3200, New Zealand",,{_make}=Holden;{_model}=Captiva;{_year}=2018,,,,,,
33786,,2021 Ford Ranger,https://www.4guys.co.nz/vehicle-details?id=3971143,https://dataapi.autoplay.co.nz/image.ashx?id=97573434&w=500&h=375&l=true,"132,012 km",2021 Ford Ranger Xlt D/Cab 2Wd (NZ New) Auto 3.2L Turbo Diesel,Utility,29800.00 NZD,,Ford; Ranger; 2021; Utility,"20 Arthur Porter Drive, Hamilton, 3200, New Zealand",,{_make}=Ford;{_model}=Ranger;{_year}=2021,,,,,,
33774,,2013 Jeep Wrangler,https://www.4guys.co.nz/vehicle-details?id=3972745,https://dataapi.autoplay.co.nz/image.ashx?id=97308787&w=500&h=375&l=true,"166,405 km",2013 Jeep Wrangler Sport Unlimted Auto 3.6L 5 Door 4Wd,RV/SUV,23800.00 NZD,,Jeep; Wrangler; 2013; RV/SUV,"20 Arthur Porter Drive, Hamilton, 3200, New Zealand",,{_make}=Jeep;{_model}=Wrangler;{_year}=2013,,,,,,
33788,,2019 Mazda 6,https://www.4guys.co.nz/vehicle-details?id=3972746,https://dataapi.autoplay.co.nz/image.ashx?id=97573049&w=500&h=375&l=true,"127,165 km",2019 Mazda 6 Gsx 2.5L Auto Sedan (NZ New),Sedan,19800.00 NZD,,Mazda; 6; 2019; Sedan,"20 Arthur Porter Drive, Hamilton, 3200, New Zealand",,{_make}=Mazda;{_model}=6;{_year}=2019,,,,,,
33789,,2016 Holden Captiva,https://www.4guys.co.nz/vehicle-details?id=3972747,https://dataapi.autoplay.co.nz/image.ashx?id=97308735&w=500&h=375&l=true,"110,095 km",2016 Holden Captiva Lt 3.0L 4Wd 7 Seater Auto 5 Door (NZ New),RV/SUV,16800.00 NZD,,Holden; Captiva; 2016; RV/SUV,"20 Arthur Porter Drive, Hamilton, 3200, New Zealand",,{_make}=Holden;{_model}=Captiva;{_year}=2016,,,,,,
33784,,2015 Holden Commodore,https://www.4guys.co.nz/vehicle-details?id=3973115,https://dataapi.autoplay.co.nz/image.ashx?id=97573281&w=500&h=375&l=true,"128,650 km",2015 Holden Commodore Vf Sv6 Auto 3.6L Sedan (NZ New),Sedan,22800.00 NZD,,Holden; Commodore; 2015; Sedan,"20 Arthur Porter Drive, Hamilton, 3200, New Zealand",,{_make}=Holden;{_model}=Commodore;{_year}=2015,,,,,,
33790,,2019 Ford Ranger,https://www.4guys.co.nz/vehicle-details?id=3973116,https://dataapi.autoplay.co.nz/image.ashx?id=97371999&w=500&h=375&l=true,"87,785 km",2019 Ford Ranger Xlt 4X4 D/Cab Auto 3.2L Turbo Diesel,Utility,35800.00 NZD,,Ford; Ranger; 2019; Utility,"20 Arthur Porter Drive, Hamilton, 3200, New Zealand",,{_make}=Ford;{_model}=Ranger;{_year}=2019,,,,,,
33792,,2014 Toyota Aqua,https://www.4guys.co.nz/vehicle-details?id=3973822,https://dataapi.autoplay.co.nz/image.ashx?id=97372025&w=500&h=375&l=true,"88,748 km",2014 Toyota Aqua S 1.5L Hybrid Auto 5 Door,Hatchback,12800.00 NZD,,Toyota; Aqua; 2014; Hatchback,"20 Arthur Porter Drive, Hamilton, 3200, New Zealand",,{_make}=Toyota;{_model}=Aqua;{_year}=2014,,,,,,
33778,,2016 Volkswagen Golf,https://www.4guys.co.nz/vehicle-details?id=3980580,https://dataapi.autoplay.co.nz/image.ashx?id=97427462&w=500&h=375&l=true,"136,948 km",2016 Volkswagen Golf Tsi Comfortline Auto 1.4L Turbo 5 Door Hatchback,Hatchback,11800.00 NZD,,Volkswagen; Golf; 2016; Hatchback,"20 Arthur Porter Drive, Hamilton, 3200, New Zealand",,{_make}=Volkswagen;{_model}=Golf;{_year}=2016,,,,,,
33794,,2022 Ford Ranger,https://www.4guys.co.nz/vehicle-details?id=3980581,https://dataapi.autoplay.co.nz/image.ashx?id=97427469&w=500&h=375&l=true,"73,550 km",2022 Ford Ranger Xlt D/Cab 2Wd (NZ New) Auto (10Spd) 2.0L Bi-Turbo Diesel,Utility,31950.00 NZD,,Ford; Ranger; 2022; Utility,"20 Arthur Porter Drive, Hamilton, 3200, New Zealand",,{_make}=Ford;{_model}=Ranger;{_year}=2022,,,,,,
33795,,2015 Mitsubishi Lancer,https://www.4guys.co.nz/vehicle-details?id=3980582,https://dataapi.autoplay.co.nz/image.ashx?id=97427480&w=500&h=375&l=true,"41,380 km",2015 Mitsubishi Lancer Gsr 2.0L (NZ New) Auto Sedan,Sedan,19800.00 NZD,,Mitsubishi; Lancer; 2015; Sedan,"20 Arthur Porter Drive, Hamilton, 3200, New Zealand",,{_make}=Mitsubishi;{_model}=Lancer;{_year}=2015,,,,,,
33796,,2022 Ford Ranger,https://www.4guys.co.nz/vehicle-details?id=3980583,https://dataapi.autoplay.co.nz/image.ashx?id=97427481&w=500&h=375&l=true,"70,642 km",2022 Ford Ranger Xlt D/Cab 2Wd (NZ New) Auto (10Spd) 2.0L Bi-Turbo Diesel,Utility,32800.00 NZD,,Ford; Ranger; 2022; Utility,"20 Arthur Porter Drive, Hamilton, 3200, New Zealand",,{_make}=Ford;{_model}=Ranger;{_year}=2022,,,,,,
33797,,2022 Ford Ranger,https://www.4guys.co.nz/vehicle-details?id=3980584,https://dataapi.autoplay.co.nz/image.ashx?id=97573633&w=500&h=375&l=true,"60,732 km",2022 Ford Ranger Xlt D/Cab 2Wd (NZ New) Auto (10Spd) 2.0L Bi-Turbo Diesel,Utility,33800.00 NZD,,Ford; Ranger; 2022; Utility,"20 Arthur Porter Drive, Hamilton, 3200, New Zealand",,{_make}=Ford;{_model}=Ranger;{_year}=2022,,,,,,
33798,,2022 Ford Ranger,https://www.4guys.co.nz/vehicle-details?id=3980585,https://dataapi.autoplay.co.nz/image.ashx?id=97427483&w=500&h=375&l=true,"75,090 km",2022 Ford Ranger Xlt D/Cab 2Wd (NZ New) Auto (10Spd) 2.0L Bi-Turbo Diesel,Utility,32800.00 NZD,,Ford; Ranger; 2022; Utility,"20 Arthur Porter Drive, Hamilton, 3200, New Zealand",,{_make}=Ford;{_model}=Ranger;{_year}=2022,,,,,,
33799,,2022 Hyundai Kona,https://www.4guys.co.nz/vehicle-details?id=3980586,https://dataapi.autoplay.co.nz/image.ashx?id=97427495&w=500&h=375&l=true,"57,262 km",2022 Hyundai Kona Elite 1.6T Awd Autoi 1.6L Turbo 5 Door (NZ New),Hatchback,27800.00 NZD,,Hyundai; Kona; 2022; Hatchback,"20 Arthur Porter Drive, Hamilton, 3200, New Zealand",,{_make}=Hyundai;{_model}=Kona;{_year}=2022,,,,,,
33800,,2015 Mercedes-Benz A 45,https://www.4guys.co.nz/vehicle-details?id=3981147,https://dataapi.autoplay.co.nz/image.ashx?id=97442886&w=500&h=375&l=true,"50,215 km",2015 Mercedes-Benz A 45 Amg A-Class Auto 2.0L Turbo 5 Door 4Wd,Hatchback,29950.00 NZD,,Mercedes-Benz; A 45; 2015; Hatchback,"20 Arthur Porter Drive, Hamilton, 3200, New Zealand",,{_make}=Mercedes-Benz;{_model}=A_45;{_year}=2015,,,,,,
33801,,2017 Audi S3,https://www.4guys.co.nz/vehicle-details?id=3981148,https://dataapi.autoplay.co.nz/image.ashx?id=97442903&w=500&h=375&l=true,"50,300 km",2017 Audi S3 2.0T Quattro Sedan Auto 4 Door,Sedan,34800.00 NZD,,Audi; S3; 2017; Sedan,"20 Arthur Porter Drive, Hamilton, 3200, New Zealand",,{_make}=Audi;{_model}=S3;{_year}=2017,,,,,,
33802,,2016 Audi S3,https://www.4guys.co.nz/vehicle-details?id=3981149,https://dataapi.autoplay.co.nz/image.ashx?id=97442938&w=500&h=375&l=true,"37,420 km",2016 Audi S3 2.0T Quattro Sportback Auto 2.0L Turbo 5 Door 4Wd,Hatchback,34800.00 NZD,,Audi; S3; 2016; Hatchback,"20 Arthur Porter Drive, Hamilton, 3200, New Zealand",,{_make}=Audi;{_model}=S3;{_year}=2016,,,,,,
33803,,2013 Ford Mustang,https://www.4guys.co.nz/vehicle-details?id=3981684,https://dataapi.autoplay.co.nz/image.ashx?id=97572588&w=500&h=375&l=true,"38,003 km",2013 Ford Mustang Shelby Gt500 (662Hp) 6Spd Manual 5.8Ltr Supercharged Coupe,Coupe,94800.00 NZD,,Ford; Mustang; 2013; Coupe,"20 Arthur Porter Drive, Hamilton, 3200, New Zealand",,{_make}=Ford;{_model}=Mustang;{_year}=2013,,,,,,
33805,,2014 Bmw 116i,https://www.4guys.co.nz/vehicle-details?id=3982508,https://dataapi.autoplay.co.nz/image.ashx?id=97494586&w=500&h=375&l=true,"56,935 km",2014 Bmw 116i M Sport Hatch Back (Facelift) Auto 1.6L 5 Door,Hatchback,13800.00 NZD,,BMW; 116i; 2014; Hatchback,"20 Arthur Porter Drive, Hamilton, 3200, New Zealand",,{_make}=BMW;{_model}=116i;{_year}=2014,,,,,,
33809,,2018 Mercedes-Benz A 45,https://www.4guys.co.nz/vehicle-details?id=3982509,https://dataapi.autoplay.co.nz/image.ashx?id=97494518&w=500&h=375&l=true,"36,862 km",2018 Mercedes-Benz A 45 Amg A-Class Auto 2.0L Turbo 5 Door,Hatchback,38600.00 NZD,,Mercedes-Benz; A 45; 2018; Hatchback,"20 Arthur Porter Drive, Hamilton, 3200, New Zealand",,{_make}=Mercedes-Benz;{_model}=A_45;{_year}=2018,,,,,,
33811,,2019 Chevrolet Corvette,https://www.4guys.co.nz/vehicle-details?id=3983077,https://dataapi.autoplay.co.nz/image.ashx?id=97572723&w=500&h=375&l=true,"29,096 km",2019 Chevrolet Corvette C7 Z51 3Lt Grand Sport Auto 6.2L V8 (470hp) Coupe,Coupe,129800.00 NZD,,Chevrolet; Corvette; 2019; Coupe,"20 Arthur Porter Drive, Hamilton, 3200, New Zealand",,{_make}=Chevrolet;{_model}=Corvette;{_year}=2019,,,,,,
33791,,2021 Hyundai Tucson,https://www.4guys.co.nz/vehicle-details?id=3983083,https://dataapi.autoplay.co.nz/image.ashx?id=97499867&w=500&h=375&l=true,"36,647 km",2021 Hyundai Tucson Elite Mpi 2.0L (NZ New) Auto 5 Door,RV/SUV,32800.00 NZD,,Hyundai; Tucson; 2021; RV/SUV,"20 Arthur Porter Drive, Hamilton, 3200, New Zealand",,{_make}=Hyundai;{_model}=Tucson;{_year}=2021,,,,,,
33810,,2017 Toyota C-Hr,https://www.4guys.co.nz/vehicle-details?id=3983085,https://dataapi.autoplay.co.nz/image.ashx?id=97499268&w=500&h=375&l=true,"72,377 km",2017 Toyota C-Hr G 1.8L Hybrid Auto 5 Door 2Wd,RV/SUV,24800.00 NZD,,Toyota; C-HR; 2017; RV/SUV,"20 Arthur Porter Drive, Hamilton, 3200, New Zealand",,{_make}=Toyota;{_model}=C-HR;{_year}=2017,,,,,,
33758,,2011 Kia Optima,https://www.4guys.co.nz/vehicle-details?id=3983217,https://dataapi.autoplay.co.nz/image.ashx?id=97499877&w=500&h=375&l=true,"129,000 km",2011 Kia Optima Ex 2.4L (Facelift) Auto Sedan,Sedan,13800.00 NZD,,Kia; Optima; 2011; Sedan,"20 Arthur Porter Drive, Hamilton, 3200, New Zealand",,{_make}=Kia;{_model}=Optima;{_year}=2011,,,,,,
33807,,2022 Mitsubishi Outlander,https://www.4guys.co.nz/vehicle-details?id=3983219,https://dataapi.autoplay.co.nz/image.ashx?id=97499886&w=500&h=375&l=true,"62,116 km",2022 Mitsubishi Outlander Vrx 2.5L 7 Seater Auto 5 Door 4Wd 9NZ New),RV/SUV,38950.00 NZD,,Mitsubishi; Outlander; 2022; RV/SUV,"20 Arthur Porter Drive, Hamilton, 3200, New Zealand",,{_make}=Mitsubishi;{_model}=Outlander;{_year}=2022,,,,,,
33812,,2021 Mitsubishi Outlander,https://www.4guys.co.nz/vehicle-details?id=3983220,https://dataapi.autoplay.co.nz/image.ashx?id=97499890&w=500&h=375&l=true,"92,500 km",2021 Mitsubishi Outlander Ls 2.4L 7 Seater (NZ New) Auto 5 Door,RV/SUV,24800.00 NZD,,Mitsubishi; Outlander; 2021; RV/SUV,"20 Arthur Porter Drive, Hamilton, 3200, New Zealand",,{_make}=Mitsubishi;{_model}=Outlander;{_year}=2021,,,,,,
33804,,2019 Toyota Highlander,https://www.4guys.co.nz/vehicle-details?id=3983500,https://dataapi.autoplay.co.nz/image.ashx?id=97566386&w=500&h=375&l=true,"184,100 km",2019 Toyota Highlander Gxl 3.5L 7 Seater Auto (8Spd) 5 Door 4Wd (NZ New),RV/SUV,29800.00 NZD,,Toyota; Highlander; 2019; RV/SUV,"20 Arthur Porter Drive, Hamilton, 3200, New Zealand",,{_make}=Toyota;{_model}=Highlander;{_year}=2019,,,,,,
33813,,2016 Chevrolet Camaro,https://www.4guys.co.nz/vehicle-details?id=3985522,https://dataapi.autoplay.co.nz/image.ashx?id=97574174&w=500&h=375&l=true,"31,140 km",2016 Chevrolet Camaro 2Ss Coupe (2016) Auto 6.2L V8 (455hp) Coupe,Coupe,72800.00 NZD,,Chevrolet; Camaro; 2016; Coupe,"20 Arthur Porter Drive, Hamilton, 3200, New Zealand",,{_make}=Chevrolet;{_model}=Camaro;{_year}=2016,,,,,,
33814,,2016 Ford Ranger,https://www.4guys.co.nz/vehicle-details?id=3985823,https://dataapi.autoplay.co.nz/image.ashx?id=97574173&w=500&h=375&l=true,"122,500 km",2016 Ford Ranger Wildtrak 3.2L 4X4 Auto 3.2L Turbo Diesel D/Cab (NZ New),Utility,34800.00 NZD,,Ford; Ranger; 2016; Utility,"20 Arthur Porter Drive, Hamilton, 3200, New Zealand",,{_make}=Ford;{_model}=Ranger;{_year}=2016,,,,,,
33563,,2023 Hyundai Santa Fe,https://www.4guys.co.nz/vehicle-details?id=3986180,https://dataapi.autoplay.co.nz/image.ashx?id=97611518&w=500&h=375&l=true,"26,140 km",2023 Hyundai Santa Fe Limited 7 Seater (NZ New) Auto 2.2L Turbo Diesel,RV/SUV,59800.00 NZD,,Hyundai; Santa Fe; 2023; RV/SUV,"20 Arthur Porter Drive, Hamilton, 3200, New Zealand",,{_make}=Hyundai;{_model}=Santa_Fe;{_year}=2023,,,,,,
