"vehicle_id","title","description","url","make","model","year","mileage.value","mileage.unit","image_link","transmission","body_style","drivetrain","price","exterior_color","state_of_vehicle","fuel_type","sale_price","availability","vehicle_type","address.addr1","address.city","address.region","address.country","latitude","longitude","dealer_name"
"29856","2019 Dodge Challenger Hellcat Widebody Auto 6.2L V8 (717hp) Supercharged Coupe","2019 Dodge Challenger Hellcat Widebody Auto 6.2L V8 (717hp) Supercharged Coupe","https://www.4guys.co.nz/vehicle-details?id=2517017","Dodge","Challenger","2019","34900","KM","https://data.autoplay.co.nz/image.ashx?id=66667469&w=800&h=600&l=true","Automatic","COUPE","","164800 NZD","Pitch Black","Used","GASOLINE","","available","car_truck","20 Arthur Porter Drive","Hamilton","Waikato","New Zealand","-37.753925","175.229511","4Guys Autobarn"
"30040","2019 Holden Colorado Ltz 4WD D/Cab (NZ New) Auto 2.8L Turbo Diesel","2019 Holden Colorado Ltz 4WD D/Cab (NZ New) Auto 2.8L Turbo Diesel","https://www.4guys.co.nz/vehicle-details?id=2575786","Holden","Colorado","2019","60201","KM","https://data.autoplay.co.nz/image.ashx?id=91325230&w=800&h=600&l=true","Automatic","OTHER","4X4","39800 NZD","Grey","Used","DIESEL","","available","car_truck","20 Arthur Porter Drive","Hamilton","Waikato","New Zealand","-37.753925","175.229511","4Guys Autobarn"
"30264","2020 Chevrolet Silverado 2500Hd Ltz 4WD Z71 Auto 6.6L Turbo Diesel Crewcab","2020 Chevrolet Silverado 2500Hd Ltz 4WD Z71 Auto 6.6L Turbo Diesel Crewcab","https://www.4guys.co.nz/vehicle-details?id=2675889","Chevrolet","Silverado","2020","52437","KM","https://data.autoplay.co.nz/image.ashx?id=96957478&w=800&h=600&l=true","Automatic","OTHER","4X4","124800 NZD","White","Used","DIESEL","","available","car_truck","20 Arthur Porter Drive","Hamilton","Waikato","New Zealand","-37.753925","175.229511","4Guys Autobarn"
"31133","2016 Chevrolet Camaro 2SS (2016 Facelift) 6Spd Manual 6.2L V8 (455hp) RS Coupe","2016 Chevrolet Camaro 2SS (2016 Facelift) 6Spd Manual 6.2L V8 (455hp) RS Coupe","https://www.4guys.co.nz/vehicle-details?id=2963073","Chevrolet","Camaro","2016","46540","KM","https://data.autoplay.co.nz/image.ashx?id=72563921&w=800&h=600&l=true","Manual","COUPE","","79800 NZD","Black","Used","GASOLINE","74800 NZD","available","car_truck","20 Arthur Porter Drive","Hamilton","Waikato","New Zealand","-37.753925","175.229511","4Guys Autobarn"
"31362","2020 Mazda Cx-5 25T L Package 4WD Auto 2.5L Turbo 5 Door","2020 Mazda Cx-5 25T L Package 4WD Auto 2.5L Turbo 5 Door","https://www.4guys.co.nz/vehicle-details?id=3046456","Mazda","CX-5","2020","37550","KM","https://data.autoplay.co.nz/image.ashx?id=75314276&w=800&h=600&l=true","Automatic","SUV","4X4","34800 NZD","White","Used","GASOLINE","","available","car_truck","20 Arthur Porter Drive","Hamilton","Waikato","New Zealand","-37.753925","175.229511","4Guys Autobarn"
"31487","2022 Mazda Cx-5 25S Exclusive Mode Auto 2.5L 5 Door","2022 Mazda Cx-5 25S Exclusive Mode Auto 2.5L 5 Door","https://www.4guys.co.nz/vehicle-details?id=3093484","Mazda","CX-5","2022","19250","KM","https://data.autoplay.co.nz/image.ashx?id=75665531&w=800&h=600&l=true","Automatic","SUV","","39800 NZD","White","Used","GASOLINE","","available","car_truck","20 Arthur Porter Drive","Hamilton","Waikato","New Zealand","-37.753925","175.229511","4Guys Autobarn"
"31654","2019 Chevrolet Corvette C7 Z51 3Lt Grand Sport Auto 6.2L V8 (460hp) Coupe","2019 Chevrolet Corvette C7 Z51 3Lt Grand Sport Auto 6.2L V8 (460hp) Coupe","https://www.4guys.co.nz/vehicle-details?id=3142234","Chevrolet","Corvette","2019","29162","KM","https://data.autoplay.co.nz/image.ashx?id=76110641&w=800&h=600&l=true","Automatic","COUPE","","139800 NZD","Elkhart Lake Blue Metallic","Used","GASOLINE","","available","car_truck","20 Arthur Porter Drive","Hamilton","Waikato","New Zealand","-37.753925","175.229511","4Guys Autobarn"
"31907","2014 Holden Barina RS Hatchback (NZ New) Auto 1.4L Turbo 5 Door","2014 Holden Barina RS Hatchback (NZ New) Auto 1.4L Turbo 5 Door","https://www.4guys.co.nz/vehicle-details?id=3244432","Holden","Barina","2014","71420","KM","https://data.autoplay.co.nz/image.ashx?id=78467307&w=800&h=600&l=true","Automatic","HATCHBACK","","12800 NZD","Tigre Orange","Used","GASOLINE","","available","car_truck","20 Arthur Porter Drive","Hamilton","Waikato","New Zealand","-37.753925","175.229511","4Guys Autobarn"
"32021","2019 Mini Cooper Crossover 4WD Hybrid Auto 1.5L Turbo 5 Door","2019 Mini Cooper Crossover 4WD Hybrid Auto 1.5L Turbo 5 Door","https://www.4guys.co.nz/vehicle-details?id=3292461","MINI","Cooper","2019","26691","KM","https://data.autoplay.co.nz/image.ashx?id=80365780&w=800&h=600&l=true","Automatic","HATCHBACK","4X4","36800 NZD","Grey","Used","HYBRID","","available","car_truck","20 Arthur Porter Drive","Hamilton","Waikato","New Zealand","-37.753925","175.229511","4Guys Autobarn"
"32024","2022 Dodge Challenger Scat Pack Widebody Auto 6.4L V8 (485hp) Shaker Coupe","2022 Dodge Challenger Scat Pack Widebody Auto 6.4L V8 (485hp) Shaker Coupe","https://www.4guys.co.nz/vehicle-details?id=3295401","Dodge","Challenger","2022","788","KM","https://data.autoplay.co.nz/image.ashx?id=81244702&w=800&h=600&l=true","Automatic","COUPE","","139800 NZD","TorRed","Used","GASOLINE","","available","car_truck","20 Arthur Porter Drive","Hamilton","Waikato","New Zealand","-37.753925","175.229511","4Guys Autobarn"
"32036","2023 Dodge Challenger Scat Pack Widebody Auto 6.4L V8 (485hp) Coupe","2023 Dodge Challenger Scat Pack Widebody Auto 6.4L V8 (485hp) Coupe","https://www.4guys.co.nz/vehicle-details?id=3302827","Dodge","Challenger","2023","2356","KM","https://data.autoplay.co.nz/image.ashx?id=82048076&w=800&h=600&l=true","Automatic","COUPE","","139800 NZD","Sublime Green","Used","GASOLINE","","available","car_truck","20 Arthur Porter Drive","Hamilton","Waikato","New Zealand","-37.753925","175.229511","4Guys Autobarn"
"32062","2018 Kia Sorento Ltd 4WD 7 Seater Auto 2.2L Turbo Diesel 5 Door","2018 Kia Sorento Ltd 4WD 7 Seater Auto 2.2L Turbo Diesel 5 Door","https://www.4guys.co.nz/vehicle-details?id=3316878","Kia","Sorento","2018","45976","KM","https://data.autoplay.co.nz/image.ashx?id=79893857&w=800&h=600&l=true","Automatic","SUV","4X4","39950 NZD","White","Used","DIESEL","","available","car_truck","20 Arthur Porter Drive","Hamilton","Waikato","New Zealand","-37.753925","175.229511","4Guys Autobarn"
"32075","2023 Bmw X3 Xdrive 20D M Sport Auto 2.0L Turbo Diesel 4WD","2023 Bmw X3 Xdrive 20D M Sport Auto 2.0L Turbo Diesel 4WD","https://www.4guys.co.nz/vehicle-details?id=3325319","BMW","X3","2023","27860","KM","https://data.autoplay.co.nz/image.ashx?id=81585585&w=800&h=600&l=true","Automatic","SUV","4X4","67800 NZD","White","Used","DIESEL","","available","car_truck","20 Arthur Porter Drive","Hamilton","Waikato","New Zealand","-37.753925","175.229511","4Guys Autobarn"
"32105","2015 Holden Cruze Equipe (Facelift) Sedan Auto 1.8L (NZ New)","2015 Holden Cruze Equipe (Facelift) Sedan Auto 1.8L (NZ New)","https://www.4guys.co.nz/vehicle-details?id=3344288","Holden","Cruze","2015","77440","KM","https://data.autoplay.co.nz/image.ashx?id=83391562&w=800&h=600&l=true","Automatic","SEDAN","","13800 NZD","Silver","Used","GASOLINE","","available","car_truck","20 Arthur Porter Drive","Hamilton","Waikato","New Zealand","-37.753925","175.229511","4Guys Autobarn"
"32128","2014 Bmw 523i Touring S/W M Sport Auto 2.0L Turbo","2014 Bmw 523i Touring S/W M Sport Auto 2.0L Turbo","https://www.4guys.co.nz/vehicle-details?id=3356050","BMW","523i","2014","52780","KM","https://data.autoplay.co.nz/image.ashx?id=97113669&w=800&h=600&l=true","Automatic","OTHER","","24800 NZD","Black","Used","GASOLINE","","available","car_truck","20 Arthur Porter Drive","Hamilton","Waikato","New Zealand","-37.753925","175.229511","4Guys Autobarn"
"32210","2015 Bmw 320i M Sport Touring Auto 2.0L Turbo S/W","2015 Bmw 320i M Sport Touring Auto 2.0L Turbo S/W","https://www.4guys.co.nz/vehicle-details?id=3388841","BMW","320i","2015","33960","KM","https://data.autoplay.co.nz/image.ashx?id=82515040&w=800&h=600&l=true","Automatic","OTHER","","25800 NZD","Black","Used","GASOLINE","","available","car_truck","20 Arthur Porter Drive","Hamilton","Waikato","New Zealand","-37.753925","175.229511","4Guys Autobarn"
"32265","2018 Volkswagen Tiguan Allspace 2.0L 4WD 7 Seater Auto 5 Door (NZ New)","2018 Volkswagen Tiguan Allspace 2.0L 4WD 7 Seater Auto 5 Door (NZ New)","https://www.4guys.co.nz/vehicle-details?id=3399063","Volkswagen","Tiguan Allspace","2018","71140","KM","https://data.autoplay.co.nz/image.ashx?id=91507080&w=800&h=600&l=true","Automatic","SUV","4X4","35800 NZD","Black","Used","GASOLINE","","available","car_truck","20 Arthur Porter Drive","Hamilton","Waikato","New Zealand","-37.753925","175.229511","4Guys Autobarn"
"32270","2020 Volkswagen Tiguan Auto Allspace 2.0L Turbo 7Sts 4WD","2020 Volkswagen Tiguan Auto Allspace 2.0L Turbo 7Sts 4WD","https://www.4guys.co.nz/vehicle-details?id=3399064","Volkswagen","Tiguan","2020","56450","KM","https://data.autoplay.co.nz/image.ashx?id=82151306&w=800&h=600&l=true","Automatic","SUV","4X4","39800 NZD","Blue","Used","GASOLINE","","available","car_truck","20 Arthur Porter Drive","Hamilton","Waikato","New Zealand","-37.753925","175.229511","4Guys Autobarn"
"32274","2016 Holden Cruze Equipe Sedan (Facelift) Auto 1.8L (NZ New)","2016 Holden Cruze Equipe Sedan (Facelift) Auto 1.8L (NZ New)","https://www.4guys.co.nz/vehicle-details?id=3402764","Holden","Cruze","2016","64852","KM","https://data.autoplay.co.nz/image.ashx?id=82309911&w=800&h=600&l=true","Automatic","SEDAN","","13800 NZD","Black","Used","GASOLINE","","available","car_truck","20 Arthur Porter Drive","Hamilton","Waikato","New Zealand","-37.753925","175.229511","4Guys Autobarn"
"32287","2015 Bmw 320i M Sport Touring Auto 2.0L Turbo 5 Door 2WD","2015 Bmw 320i M Sport Touring Auto 2.0L Turbo 5 Door 2WD","https://www.4guys.co.nz/vehicle-details?id=3408713","BMW","320i","2015","34100","KM","https://data.autoplay.co.nz/image.ashx?id=82851631&w=800&h=600&l=true","Automatic","OTHER","","25800 NZD","White","Used","GASOLINE","","available","car_truck","20 Arthur Porter Drive","Hamilton","Waikato","New Zealand","-37.753925","175.229511","4Guys Autobarn"
"32293","2021 Mazda Cx-5 25S L Package Auto 2.5L 5 Door","2021 Mazda Cx-5 25S L Package Auto 2.5L 5 Door","https://www.4guys.co.nz/vehicle-details?id=3410139","Mazda","CX-5","2021","28640","KM","https://data.autoplay.co.nz/image.ashx?id=82851466&w=800&h=600&l=true","Automatic","SUV","","34800 NZD","Grey","Used","GASOLINE","","available","car_truck","20 Arthur Porter Drive","Hamilton","Waikato","New Zealand","-37.753925","175.229511","4Guys Autobarn"
"32298","2015 Holden Captiva Ltz 2.2D AWD 7 Seater Auto 2.2L Turbo Diesel 5 Door","2015 Holden Captiva Ltz 2.2D AWD 7 Seater Auto 2.2L Turbo Diesel 5 Door","https://www.4guys.co.nz/vehicle-details?id=3410142","Holden","Captiva","2015","79223","KM","https://data.autoplay.co.nz/image.ashx?id=82514805&w=800&h=600&l=true","Automatic","SUV","AWD","18950 NZD","Black","Used","DIESEL","","available","car_truck","20 Arthur Porter Drive","Hamilton","Waikato","New Zealand","-37.753925","175.229511","4Guys Autobarn"
"32310","2018 Holden Barina Ls 1.6L Hatch Back Auto 5 Door (NZ New)","2018 Holden Barina Ls 1.6L Hatch Back Auto 5 Door (NZ New)","https://www.4guys.co.nz/vehicle-details?id=3413040","Holden","Barina","2018","63290","KM","https://data.autoplay.co.nz/image.ashx?id=82674297&w=800&h=600&l=true","Automatic","HATCHBACK","","13800 NZD","Black","Used","GASOLINE","","available","car_truck","20 Arthur Porter Drive","Hamilton","Waikato","New Zealand","-37.753925","175.229511","4Guys Autobarn"
"32322","2014 Mercedes-Benz A 180 Sport Hatch Back Auto 1.6L Turbo 5 Door","2014 Mercedes-Benz A 180 Sport Hatch Back Auto 1.6L Turbo 5 Door","https://www.4guys.co.nz/vehicle-details?id=3418960","Mercedes-Benz","A 180","2014","74060","KM","https://data.autoplay.co.nz/image.ashx?id=83725282&w=800&h=600&l=true","Automatic","HATCHBACK","","17800 NZD","White","Used","GASOLINE","","available","car_truck","20 Arthur Porter Drive","Hamilton","Waikato","New Zealand","-37.753925","175.229511","4Guys Autobarn"
"32323","2014 Mercedes-Benz A 180 Sport Hatch Back Auto 1.6L Turbo 5 Door","2014 Mercedes-Benz A 180 Sport Hatch Back Auto 1.6L Turbo 5 Door","https://www.4guys.co.nz/vehicle-details?id=3418961","Mercedes-Benz","A 180","2014","64045","KM","https://data.autoplay.co.nz/image.ashx?id=83889771&w=800&h=600&l=true","Automatic","HATCHBACK","","19800 NZD","Black","Used","GASOLINE","","available","car_truck","20 Arthur Porter Drive","Hamilton","Waikato","New Zealand","-37.753925","175.229511","4Guys Autobarn"
"32337","2016 Mercedes-Benz A 180 Amg Sport Auto 1.6L Turbo 5 Door Hatch Back","2016 Mercedes-Benz A 180 Amg Sport Auto 1.6L Turbo 5 Door Hatch Back","https://www.4guys.co.nz/vehicle-details?id=3421583","Mercedes-Benz","A 180","2016","48510","KM","https://data.autoplay.co.nz/image.ashx?id=83725501&w=800&h=600&l=true","Automatic","HATCHBACK","","21800 NZD","White","Used","GASOLINE","","available","car_truck","20 Arthur Porter Drive","Hamilton","Waikato","New Zealand","-37.753925","175.229511","4Guys Autobarn"
"32339","2023 Mazda Cx-60 Xd Hybrid Exclusive 4WD Auto 3.3L Turbo Diesel 5 Door","2023 Mazda Cx-60 Xd Hybrid Exclusive 4WD Auto 3.3L Turbo Diesel 5 Door","https://www.4guys.co.nz/vehicle-details?id=3421585","Mazda","CX-60","2023","20156","KM","https://data.autoplay.co.nz/image.ashx?id=83723361&w=800&h=600&l=true","Automatic","SUV","4X4","52800 NZD","White","Used","HYBRID","","available","car_truck","20 Arthur Porter Drive","Hamilton","Waikato","New Zealand","-37.753925","175.229511","4Guys Autobarn"
"32361","2015 Bmw 320i Sedan M Sport Auto 2.0L Turbo","2015 Bmw 320i Sedan M Sport Auto 2.0L Turbo","https://www.4guys.co.nz/vehicle-details?id=3429281","BMW","320i","2015","47200","KM","https://data.autoplay.co.nz/image.ashx?id=97112675&w=800&h=600&l=true","Automatic","SEDAN","","26800 NZD","White","Used","GASOLINE","","available","car_truck","20 Arthur Porter Drive","Hamilton","Waikato","New Zealand","-37.753925","175.229511","4Guys Autobarn"
"32369","2015 Mercedes-Benz A 180 Sport Hatch Back Auto 1.6L Turbo 5 Door","2015 Mercedes-Benz A 180 Sport Hatch Back Auto 1.6L Turbo 5 Door","https://www.4guys.co.nz/vehicle-details?id=3429607","Mercedes-Benz","A 180","2015","46930","KM","https://data.autoplay.co.nz/image.ashx?id=83724940&w=800&h=600&l=true","Automatic","HATCHBACK","","19800 NZD","Black","Used","GASOLINE","","available","car_truck","20 Arthur Porter Drive","Hamilton","Waikato","New Zealand","-37.753925","175.229511","4Guys Autobarn"
"32414","2021 Renault Koleos Zen Sport 2.5L Auto 2.5L 5 Door (NZ New)","2021 Renault Koleos Zen Sport 2.5L Auto 2.5L 5 Door (NZ New)","https://www.4guys.co.nz/vehicle-details?id=3439506","Renault","Koleos","2021","52652","KM","https://data.autoplay.co.nz/image.ashx?id=97981686&w=800&h=600&l=true","Automatic","SUV","","32800 NZD","Grey","Used","GASOLINE","","available","car_truck","20 Arthur Porter Drive","Hamilton","Waikato","New Zealand","-37.753925","175.229511","4Guys Autobarn"
"32436","2020 Mazda Cx-5 25S L Package 2WD Auto 2.5L 5 Door","2020 Mazda Cx-5 25S L Package 2WD Auto 2.5L 5 Door","https://www.4guys.co.nz/vehicle-details?id=3445087","Mazda","CX-5","2020","27845","KM","https://data.autoplay.co.nz/image.ashx?id=97114155&w=800&h=600&l=true","Automatic","SUV","","35800 NZD","Grey","Used","GASOLINE","","available","car_truck","20 Arthur Porter Drive","Hamilton","Waikato","New Zealand","-37.753925","175.229511","4Guys Autobarn"
"32457","2017 Holden Captiva Ltz 7 Seater Diesel Auto 2.2L Turbo 5 Door 4WD","2017 Holden Captiva Ltz 7 Seater Diesel Auto 2.2L Turbo 5 Door 4WD","https://www.4guys.co.nz/vehicle-details?id=3450875","Holden","Captiva","2017","117540","KM","https://data.autoplay.co.nz/image.ashx?id=83391668&w=800&h=600&l=true","Automatic","SUV","4X4","18950 NZD","Silver","Used","DIESEL","","available","car_truck","20 Arthur Porter Drive","Hamilton","Waikato","New Zealand","-37.753925","175.229511","4Guys Autobarn"
"32470","2018 Holden Trax Lt (NZ New) Facelift Auto 1.4L Turbo 5 Door","2018 Holden Trax Lt (NZ New) Facelift Auto 1.4L Turbo 5 Door","https://www.4guys.co.nz/vehicle-details?id=3454478","Holden","Trax","2018","90320","KM","https://data.autoplay.co.nz/image.ashx?id=92420080&w=800&h=600&l=true","Automatic","SUV","","16800 NZD","Black","Used","GASOLINE","","available","car_truck","20 Arthur Porter Drive","Hamilton","Waikato","New Zealand","-37.753925","175.229511","4Guys Autobarn"
"32472","2020 Volkswagen Tiguan Auto Allspace Tsi 2.0L Turbo 7Sts 4WD","2020 Volkswagen Tiguan Auto Allspace Tsi 2.0L Turbo 7Sts 4WD","https://www.4guys.co.nz/vehicle-details?id=3454960","Volkswagen","Tiguan","2020","56780","KM","https://data.autoplay.co.nz/image.ashx?id=83576240&w=800&h=600&l=true","Automatic","SUV","4X4","39800 NZD","Black","Used","GASOLINE","","available","car_truck","20 Arthur Porter Drive","Hamilton","Waikato","New Zealand","-37.753925","175.229511","4Guys Autobarn"
"32474","2015 Audi A4 Avant 2.0L Tfsi S-Line Auto 5 Door 2WD","2015 Audi A4 Avant 2.0L Tfsi S-Line Auto 5 Door 2WD","https://www.4guys.co.nz/vehicle-details?id=3456823","Audi","A4","2015","57628","KM","https://data.autoplay.co.nz/image.ashx?id=89311323&w=800&h=600&l=true","Automatic","OTHER","","24800 NZD","Black","Used","GASOLINE","","available","car_truck","20 Arthur Porter Drive","Hamilton","Waikato","New Zealand","-37.753925","175.229511","4Guys Autobarn"
"32434","2021 Subaru Xv 2.0E-L Eyesight (Hybrid) Auto 2.0L 5 Door 4WD","2021 Subaru Xv 2.0E-L Eyesight (Hybrid) Auto 2.0L 5 Door 4WD","https://www.4guys.co.nz/vehicle-details?id=3460153","Subaru","XV","2021","47910","KM","https://data.autoplay.co.nz/image.ashx?id=83383982&w=800&h=600&l=true","Automatic","OTHER","4X4","29950 NZD","White","Used","HYBRID","","available","car_truck","20 Arthur Porter Drive","Hamilton","Waikato","New Zealand","-37.753925","175.229511","4Guys Autobarn"
"32496","2020 Mazda Cx-3 Lower Kit 2WD Auto 2.0L 5 Door","2020 Mazda Cx-3 Lower Kit 2WD Auto 2.0L 5 Door","https://www.4guys.co.nz/vehicle-details?id=3464251","Mazda","CX-3","2020","27670","KM","https://data.autoplay.co.nz/image.ashx?id=92420280&w=800&h=600&l=true","Automatic","SUV","","29800 NZD","Red","Used","GASOLINE","27800 NZD","available","car_truck","20 Arthur Porter Drive","Hamilton","Waikato","New Zealand","-37.753925","175.229511","4Guys Autobarn"
"32503","2022 Mazda Cx-60 Xd Hybrid Exclusive 4WD Auto 3.3L Diesel Hybrid 5 Door","2022 Mazda Cx-60 Xd Hybrid Exclusive 4WD Auto 3.3L Diesel Hybrid 5 Door","https://www.4guys.co.nz/vehicle-details?id=3464592","Mazda","CX-60","2022","24639","KM","https://data.autoplay.co.nz/image.ashx?id=92420152&w=800&h=600&l=true","Automatic","SUV","4X4","52800 NZD","Red","Used","HYBRID","","available","car_truck","20 Arthur Porter Drive","Hamilton","Waikato","New Zealand","-37.753925","175.229511","4Guys Autobarn"
"32508","2018 Chevrolet Camaro 2SS (2018) Auto 6.2L V8 (470hp) Coupe","2018 Chevrolet Camaro 2SS (2018) Auto 6.2L V8 (470hp) Coupe","https://www.4guys.co.nz/vehicle-details?id=3467264","Chevrolet","Camaro","2018","26517","KM","https://data.autoplay.co.nz/image.ashx?id=83575600&w=800&h=600&l=true","Automatic","COUPE","","89800 NZD","Hyper Blue Metallic","Used","GASOLINE","","available","car_truck","20 Arthur Porter Drive","Hamilton","Waikato","New Zealand","-37.753925","175.229511","4Guys Autobarn"
"32515","2023 Lexus Is 500 F Sport Performance Auto 5.0L V8 Sedan","2023 Lexus Is 500 F Sport Performance Auto 5.0L V8 Sedan","https://www.4guys.co.nz/vehicle-details?id=3471729","Lexus","IS 500","2023","734","KM","https://data.autoplay.co.nz/image.ashx?id=92928749&w=800&h=600&l=true","Automatic","SEDAN","","104800 NZD","White","Used","GASOLINE","99800 NZD","available","car_truck","20 Arthur Porter Drive","Hamilton","Waikato","New Zealand","-37.753925","175.229511","4Guys Autobarn"
"32345","2021 Ford F250 Platinum Sd 4WD Crewcab Auto 6.7L Turbo Diesel Utility","2021 Ford F250 Platinum Sd 4WD Crewcab Auto 6.7L Turbo Diesel Utility","https://www.4guys.co.nz/vehicle-details?id=3477528","Ford","F250","2021","23755","KM","https://data.autoplay.co.nz/image.ashx?id=83580403&w=800&h=600&l=true","Automatic","OTHER","4X4","179800 NZD","Blue","Used","DIESEL","","available","car_truck","20 Arthur Porter Drive","Hamilton","Waikato","New Zealand","-37.753925","175.229511","4Guys Autobarn"
"32526","2017 Nissan Qashqai ST-L (NZ New) Auto 2.0L 5 Door 2WD","2017 Nissan Qashqai ST-L (NZ New) Auto 2.0L 5 Door 2WD","https://www.4guys.co.nz/vehicle-details?id=3486622","Nissan","Qashqai","2017","124452","KM","https://data.autoplay.co.nz/image.ashx?id=84316280&w=800&h=600&l=true","Automatic","SUV","","18950 NZD","Black","Used","GASOLINE","","available","car_truck","20 Arthur Porter Drive","Hamilton","Waikato","New Zealand","-37.753925","175.229511","4Guys Autobarn"
"32588","2015 Audi A4 Tfsi Sedan S Line Auto 2.0L Turbo 2WD","2015 Audi A4 Tfsi Sedan S Line Auto 2.0L Turbo 2WD","https://www.4guys.co.nz/vehicle-details?id=3498518","Audi","A4","2015","18260","KM","https://data.autoplay.co.nz/image.ashx?id=94131651&w=800&h=600&l=true","Automatic","SEDAN","","24800 NZD","Black","Used","GASOLINE","","available","car_truck","20 Arthur Porter Drive","Hamilton","Waikato","New Zealand","-37.753925","175.229511","4Guys Autobarn"
"32637","2011 Audi A4 Avant 1.8L Tfsi Auto 1.8L Turbo S/W","2011 Audi A4 Avant 1.8L Tfsi Auto 1.8L Turbo S/W","https://www.4guys.co.nz/vehicle-details?id=3524688","Audi","A4","2011","103460","KM","https://data.autoplay.co.nz/image.ashx?id=97573899&w=800&h=600&l=true","Automatic","OTHER","","12800 NZD","White","Used","GASOLINE","","available","car_truck","20 Arthur Porter Drive","Hamilton","Waikato","New Zealand","-37.753925","175.229511","4Guys Autobarn"
"32647","2019 Holden Astra RS-V 1.6L 5 Door Auto Turbo Hatch Back","2019 Holden Astra RS-V 1.6L 5 Door Auto Turbo Hatch Back","https://www.4guys.co.nz/vehicle-details?id=3527237","Holden","Astra","2019","48850","KM","https://data.autoplay.co.nz/image.ashx?id=90802728&w=800&h=600&l=true","Automatic","HATCHBACK","","21800 NZD","Black","Used","GASOLINE","","available","car_truck","20 Arthur Porter Drive","Hamilton","Waikato","New Zealand","-37.753925","175.229511","4Guys Autobarn"
"32684","2009 Volkswagen Beetle 2.0L Hatch Back Auto 3 Door","2009 Volkswagen Beetle 2.0L Hatch Back Auto 3 Door","https://www.4guys.co.nz/vehicle-details?id=3545304","Volkswagen","Beetle","2009","78445","KM","https://data.autoplay.co.nz/image.ashx?id=97573001&w=800&h=600&l=true","Automatic","HATCHBACK","","11800 NZD","Silver","Used","GASOLINE","","available","car_truck","20 Arthur Porter Drive","Hamilton","Waikato","New Zealand","-37.753925","175.229511","4Guys Autobarn"
"32746","2019 Holden Astra RS-V (NZ New) Auto 1.6L Turbo 5 Door","2019 Holden Astra RS-V (NZ New) Auto 1.6L Turbo 5 Door","https://www.4guys.co.nz/vehicle-details?id=3565186","Holden","Astra","2019","48685","KM","https://data.autoplay.co.nz/image.ashx?id=86288613&w=800&h=600&l=true","Automatic","HATCHBACK","","20800 NZD","Black","Used","GASOLINE","","available","car_truck","20 Arthur Porter Drive","Hamilton","Waikato","New Zealand","-37.753925","175.229511","4Guys Autobarn"
"32751","2019 Audi Q5 40TDI Quattro S-Line Auto 2.0L Turbo Diesel 5 Door 4WD","2019 Audi Q5 40TDI Quattro S-Line Auto 2.0L Turbo Diesel 5 Door 4WD","https://www.4guys.co.nz/vehicle-details?id=3565778","Audi","Q5","2019","27566","KM","https://data.autoplay.co.nz/image.ashx?id=88885039&w=800&h=600&l=true","Automatic","SUV","4X4","44800 NZD","Grey","Used","DIESEL","","available","car_truck","20 Arthur Porter Drive","Hamilton","Waikato","New Zealand","-37.753925","175.229511","4Guys Autobarn"
"32789","2017 Holden Barina Lt 1.6L Hatch Back Auto 5 Door (NZ New)","2017 Holden Barina Lt 1.6L Hatch Back Auto 5 Door (NZ New)","https://www.4guys.co.nz/vehicle-details?id=3582038","Holden","Barina","2017","66985","KM","https://data.autoplay.co.nz/image.ashx?id=87421666&w=800&h=600&l=true","Automatic","HATCHBACK","","14800 NZD","White","Used","GASOLINE","","available","car_truck","20 Arthur Porter Drive","Hamilton","Waikato","New Zealand","-37.753925","175.229511","4Guys Autobarn"
"32805","2022 Suzuki Swift 1.3L Hatch Back 5 Speed Manual (NZ New)","2022 Suzuki Swift 1.3L Hatch Back 5 Speed Manual (NZ New)","https://www.4guys.co.nz/vehicle-details?id=3586747","Suzuki","Swift","2022","37656","KM","https://data.autoplay.co.nz/image.ashx?id=86776292&w=800&h=600&l=true","Manual","HATCHBACK","","18950 NZD","White","Used","GASOLINE","","available","car_truck","20 Arthur Porter Drive","Hamilton","Waikato","New Zealand","-37.753925","175.229511","4Guys Autobarn"
"32820","2018 Nissan X-Trail ST-L 7 Seater 2.5L Auto 5 Door 2WD (NZ New)","2018 Nissan X-Trail ST-L 7 Seater 2.5L Auto 5 Door 2WD (NZ New)","https://www.4guys.co.nz/vehicle-details?id=3590410","Nissan","X-Trail","2018","23940","KM","https://data.autoplay.co.nz/image.ashx?id=87421812&w=800&h=600&l=true","Automatic","SUV","","28800 NZD","White","Used","GASOLINE","","available","car_truck","20 Arthur Porter Drive","Hamilton","Waikato","New Zealand","-37.753925","175.229511","4Guys Autobarn"
"32842","2019 Audi Q5 40TDI Quattro S-Line Auto 2.0L Turbo Diesel 5 Door 4WD","2019 Audi Q5 40TDI Quattro S-Line Auto 2.0L Turbo Diesel 5 Door 4WD","https://www.4guys.co.nz/vehicle-details?id=3602460","Audi","Q5","2019","48735","KM","https://data.autoplay.co.nz/image.ashx?id=90976357&w=800&h=600&l=true","Automatic","SUV","4X4","42800 NZD","Black","Used","DIESEL","","available","car_truck","20 Arthur Porter Drive","Hamilton","Waikato","New Zealand","-37.753925","175.229511","4Guys Autobarn"
"32912","2019 Nissan Infiniti Qx30 2.0L T 4WD (NZ New) Auto 2.0L Turbo 5 Door","2019 Nissan Infiniti Qx30 2.0L T 4WD (NZ New) Auto 2.0L Turbo 5 Door","https://www.4guys.co.nz/vehicle-details?id=3622059","Nissan","Infiniti","2019","107615","KM","https://data.autoplay.co.nz/image.ashx?id=97770387&w=800&h=600&l=true","Automatic","SUV","4X4","17800 NZD","Silver","Used","GASOLINE","","available","car_truck","20 Arthur Porter Drive","Hamilton","Waikato","New Zealand","-37.753925","175.229511","4Guys Autobarn"
"32934","2017 Audi Q2 S-Line 1ST Edition Auto 1.4L Turbo 5 Door 2WD","2017 Audi Q2 S-Line 1ST Edition Auto 1.4L Turbo 5 Door 2WD","https://www.4guys.co.nz/vehicle-details?id=3634025","Audi","Q2","2017","30645","KM","https://data.autoplay.co.nz/image.ashx?id=89310259&w=800&h=600&l=true","Automatic","SUV","","25800 NZD","Red","Used","GASOLINE","","available","car_truck","20 Arthur Porter Drive","Hamilton","Waikato","New Zealand","-37.753925","175.229511","4Guys Autobarn"
"32965","2016 Ford Focus Titanium Hatch Back (NZ New) Auto 1.5L Turbo 5 Door","2016 Ford Focus Titanium Hatch Back (NZ New) Auto 1.5L Turbo 5 Door","https://www.4guys.co.nz/vehicle-details?id=3644350","Ford","Focus","2016","111390","KM","https://data.autoplay.co.nz/image.ashx?id=89502834&w=800&h=600&l=true","Automatic","HATCHBACK","","15800 NZD","Red","Used","GASOLINE","","available","car_truck","20 Arthur Porter Drive","Hamilton","Waikato","New Zealand","-37.753925","175.229511","4Guys Autobarn"
"32984","2018 Holden Captiva Ltz 2.2D AWD 7 Seater Auto 2.2L Turbo Diesel (NZ New)","2018 Holden Captiva Ltz 2.2D AWD 7 Seater Auto 2.2L Turbo Diesel (NZ New)","https://www.4guys.co.nz/vehicle-details?id=3648746","Holden","Captiva","2018","101355","KM","https://data.autoplay.co.nz/image.ashx?id=89501483&w=800&h=600&l=true","Automatic","SUV","AWD","19800 NZD","Black","Used","DIESEL","","available","car_truck","20 Arthur Porter Drive","Hamilton","Waikato","New Zealand","-37.753925","175.229511","4Guys Autobarn"
"33025","2019 Ford Mustang Shelby GT350R (2019) 6Spd (Tremec) 5.2L V8 (526Hp) Coupe","2019 Ford Mustang Shelby GT350R (2019) 6Spd (Tremec) 5.2L V8 (526Hp) Coupe","https://www.4guys.co.nz/vehicle-details?id=3667220","Ford","Mustang","2019","3321","KM","https://data.autoplay.co.nz/image.ashx?id=89310606&w=800&h=600&l=true","Manual","COUPE","","189800 NZD","Oxford White","Used","GASOLINE","179800 NZD","available","car_truck","20 Arthur Porter Drive","Hamilton","Waikato","New Zealand","-37.753925","175.229511","4Guys Autobarn"
"33067","2018 Chevrolet Camaro Zl1 (650hp) Coupe Auto(10spd) 6.2L V8 Supercharged","2018 Chevrolet Camaro Zl1 (650hp) Coupe Auto(10spd) 6.2L V8 Supercharged","https://www.4guys.co.nz/vehicle-details?id=3684594","Chevrolet","Camaro","2018","37251","KM","https://data.autoplay.co.nz/image.ashx?id=89878625&w=800&h=600&l=true","Automatic","COUPE","","129800 NZD","Black","Used","GASOLINE","","available","car_truck","20 Arthur Porter Drive","Hamilton","Waikato","New Zealand","-37.753925","175.229511","4Guys Autobarn"
"33084","2020 Audi A1 35Tfsi Advanced Auto 1.5L Turbo 5 Door","2020 Audi A1 35Tfsi Advanced Auto 1.5L Turbo 5 Door","https://www.4guys.co.nz/vehicle-details?id=3689188","Audi","A1","2020","18127","KM","https://data.autoplay.co.nz/image.ashx?id=91506921&w=800&h=600&l=true","Automatic","HATCHBACK","","28800 NZD","Yellow","Used","GASOLINE","","available","car_truck","20 Arthur Porter Drive","Hamilton","Waikato","New Zealand","-37.753925","175.229511","4Guys Autobarn"
"33085","2019 Kia Carnival Ex 2.2L 8 Seater Coach Auto 2.2L Turbo Diesel 5 Door","2019 Kia Carnival Ex 2.2L 8 Seater Coach Auto 2.2L Turbo Diesel 5 Door","https://www.4guys.co.nz/vehicle-details?id=3692555","Kia","Carnival","2019","89499","KM","https://data.autoplay.co.nz/image.ashx?id=90439882&w=800&h=600&l=true","Automatic","VAN","","37800 NZD","White","Used","DIESEL","","available","car_truck","20 Arthur Porter Drive","Hamilton","Waikato","New Zealand","-37.753925","175.229511","4Guys Autobarn"
"33090","2014 Toyota 86 GT Coupe Auto 2.0L","2014 Toyota 86 GT Coupe Auto 2.0L","https://www.4guys.co.nz/vehicle-details?id=3694550","Toyota","86","2014","30830","KM","https://data.autoplay.co.nz/image.ashx?id=90438903&w=800&h=600&l=true","Automatic","COUPE","","25800 NZD","Silver","Used","GASOLINE","","available","car_truck","20 Arthur Porter Drive","Hamilton","Waikato","New Zealand","-37.753925","175.229511","4Guys Autobarn"
"33100","2015 Bmw 320i M Sport S/W Auto 2.0L Turbo 5 Door","2015 Bmw 320i M Sport S/W Auto 2.0L Turbo 5 Door","https://www.4guys.co.nz/vehicle-details?id=3697150","BMW","320i","2015","58652","KM","https://data.autoplay.co.nz/image.ashx?id=91506312&w=800&h=600&l=true","Automatic","OTHER","","23800 NZD","White","Used","GASOLINE","","available","car_truck","20 Arthur Porter Drive","Hamilton","Waikato","New Zealand","-37.753925","175.229511","4Guys Autobarn"
"33119","2024 Bmw X7 Xdrive 40D M Sport 4WD Auto (8Spd) 3.0L Twin Turbo Diesel Mild Hybrid","2024 Bmw X7 Xdrive 40D M Sport 4WD Auto (8Spd) 3.0L Twin Turbo Diesel Mild Hybrid","https://www.4guys.co.nz/vehicle-details?id=3706926","BMW","X7","2024","18896","KM","https://data.autoplay.co.nz/image.ashx?id=90440109&w=800&h=600&l=true","Automatic","SUV","4X4","144800 NZD","Grey","Used","HYBRID","","available","car_truck","20 Arthur Porter Drive","Hamilton","Waikato","New Zealand","-37.753925","175.229511","4Guys Autobarn"
"33137","2012 Chevrolet Camaro 2SS/RS (426hp) Coupe Auto 6.2L V8 (Facelift)","2012 Chevrolet Camaro 2SS/RS (426hp) Coupe Auto 6.2L V8 (Facelift)","https://www.4guys.co.nz/vehicle-details?id=3715035","Chevrolet","Camaro","2012","66120","KM","https://data.autoplay.co.nz/image.ashx?id=90802430&w=800&h=600&l=true","Automatic","COUPE","","59800 NZD","White","Used","GASOLINE","","available","car_truck","20 Arthur Porter Drive","Hamilton","Waikato","New Zealand","-37.753925","175.229511","4Guys Autobarn"
"33142","2012 Mercedes-Benz A 180 Sport Hatch Back Auto 1.6L 5 Door 2WD","2012 Mercedes-Benz A 180 Sport Hatch Back Auto 1.6L 5 Door 2WD","https://www.4guys.co.nz/vehicle-details?id=3719156","Mercedes-Benz","A 180","2012","39785","KM","https://data.autoplay.co.nz/image.ashx?id=90802564&w=800&h=600&l=true","Automatic","HATCHBACK","","15800 NZD","Red","Used","GASOLINE","","available","car_truck","20 Arthur Porter Drive","Hamilton","Waikato","New Zealand","-37.753925","175.229511","4Guys Autobarn"
"33147","2018 Ford Mustang Shelby GT350 (2018) 6Spd Manual 5.2L V8 (520hp) Coupe","2018 Ford Mustang Shelby GT350 (2018) 6Spd Manual 5.2L V8 (520hp) Coupe","https://www.4guys.co.nz/vehicle-details?id=3720295","Ford","Mustang","2018","19022","KM","https://data.autoplay.co.nz/image.ashx?id=90976210&w=800&h=600&l=true","Manual","COUPE","","129800 NZD","Lead Foot Gray","Used","GASOLINE","126800 NZD","available","car_truck","20 Arthur Porter Drive","Hamilton","Waikato","New Zealand","-37.753925","175.229511","4Guys Autobarn"
"33145","2024 Bmw 118i M Sport Hatch Back (NZ New) Auto 1.5L Turbo 5 Door","2024 Bmw 118i M Sport Hatch Back (NZ New) Auto 1.5L Turbo 5 Door","https://www.4guys.co.nz/vehicle-details?id=3728268","BMW","118i","2024","7545","KM","https://data.autoplay.co.nz/image.ashx?id=91147021&w=800&h=600&l=true","Automatic","HATCHBACK","","44800 NZD","Red","Used","GASOLINE","","available","car_truck","20 Arthur Porter Drive","Hamilton","Waikato","New Zealand","-37.753925","175.229511","4Guys Autobarn"
"33152","2018 Holden Trax Ltz 1.4L (NZ New) Auto SUV","2018 Holden Trax Ltz 1.4L (NZ New) Auto SUV","https://www.4guys.co.nz/vehicle-details?id=3732372","Holden","Trax","2018","65553","KM","https://data.autoplay.co.nz/image.ashx?id=93264601&w=800&h=600&l=true","Automatic","SUV","","17800 NZD","Black","Used","GASOLINE","","available","car_truck","20 Arthur Porter Drive","Hamilton","Waikato","New Zealand","-37.753925","175.229511","4Guys Autobarn"
"33171","2019 Holden Trailblazer Ltz Auto 2.8L Turbo Diesel 7 Seater SUV","2019 Holden Trailblazer Ltz Auto 2.8L Turbo Diesel 7 Seater SUV","https://www.4guys.co.nz/vehicle-details?id=3733734","Holden","Trailblazer","2019","66868","KM","https://data.autoplay.co.nz/image.ashx?id=91506267&w=800&h=600&l=true","Automatic","SUV","","40800 NZD","Red","Used","DIESEL","","available","car_truck","20 Arthur Porter Drive","Hamilton","Waikato","New Zealand","-37.753925","175.229511","4Guys Autobarn"
"33181","2020 Hyundai iMax 2.5L Crdi 8 Seater Coach Auto 5 Door","2020 Hyundai iMax 2.5L Crdi 8 Seater Coach Auto 5 Door","https://www.4guys.co.nz/vehicle-details?id=3735992","Hyundai","iMax","2020","62200","KM","https://data.autoplay.co.nz/image.ashx?id=91147970&w=800&h=600&l=true","Automatic","VAN","","44800 NZD","White","Used","GASOLINE","","available","car_truck","20 Arthur Porter Drive","Hamilton","Waikato","New Zealand","-37.753925","175.229511","4Guys Autobarn"
"33182","2016 SsangYong Actyon Sports D/Cab 4WD Auto 2.0L Turbo Diesel (NZ New)","2016 SsangYong Actyon Sports D/Cab 4WD Auto 2.0L Turbo Diesel (NZ New)","https://www.4guys.co.nz/vehicle-details?id=3735993","SsangYong","Actyon Sports","2016","113380","KM","https://data.autoplay.co.nz/image.ashx?id=91507399&w=800&h=600&l=true","Automatic","OTHER","4X4","23800 NZD","Grey","Used","DIESEL","","available","car_truck","20 Arthur Porter Drive","Hamilton","Waikato","New Zealand","-37.753925","175.229511","4Guys Autobarn"
"33186","2021 Ram 1500 Trx Crewcab WD (702hp) Auto 6.2L V8 Super Charged","2021 Ram 1500 Trx Crewcab WD (702hp) Auto 6.2L V8 Super Charged","https://www.4guys.co.nz/vehicle-details?id=3737641","RAM","1500","2021","12600","KM","https://data.autoplay.co.nz/image.ashx?id=91147941&w=800&h=600&l=true","Automatic","OTHER","","189800 NZD","Black","Used","GASOLINE","","available","car_truck","20 Arthur Porter Drive","Hamilton","Waikato","New Zealand","-37.753925","175.229511","4Guys Autobarn"
"33198","2019 Holden Trailblazer Ltz 7 Seater (NZ New) Auto 2.8L Turbo Diesel 5 Door 4WD","2019 Holden Trailblazer Ltz 7 Seater (NZ New) Auto 2.8L Turbo Diesel 5 Door 4WD","https://www.4guys.co.nz/vehicle-details?id=3741926","Holden","Trailblazer","2019","69150","KM","https://data.autoplay.co.nz/image.ashx?id=91506948&w=800&h=600&l=true","Automatic","SUV","4X4","39800 NZD","White","Used","DIESEL","","available","car_truck","20 Arthur Porter Drive","Hamilton","Waikato","New Zealand","-37.753925","175.229511","4Guys Autobarn"
"32619","2016 Ford Focus Sport H/Back (NZ New) Auto 1.5L Turbo 5 Door","2016 Ford Focus Sport H/Back (NZ New) Auto 1.5L Turbo 5 Door","https://www.4guys.co.nz/vehicle-details?id=3746928","Ford","Focus","2016","52859","KM","https://data.autoplay.co.nz/image.ashx?id=91506415&w=800&h=600&l=true","Automatic","HATCHBACK","","18950 NZD","Silver","Used","GASOLINE","","available","car_truck","20 Arthur Porter Drive","Hamilton","Waikato","New Zealand","-37.753925","175.229511","4Guys Autobarn"
"33214","2017 Mitsubishi Asx Xls 2.0L (NZ New) Auto 5 Door 2WD","2017 Mitsubishi Asx Xls 2.0L (NZ New) Auto 5 Door 2WD","https://www.4guys.co.nz/vehicle-details?id=3747084","Mitsubishi","ASX","2017","65780","KM","https://data.autoplay.co.nz/image.ashx?id=91506358&w=800&h=600&l=true","Automatic","SUV","","20800 NZD","Red","Used","GASOLINE","","available","car_truck","20 Arthur Porter Drive","Hamilton","Waikato","New Zealand","-37.753925","175.229511","4Guys Autobarn"
"33222","2019 Holden Equinox Ltz 2.0L 4WD Auto 5 Door (NZ New)","2019 Holden Equinox Ltz 2.0L 4WD Auto 5 Door (NZ New)","https://www.4guys.co.nz/vehicle-details?id=3750639","Holden","Equinox","2019","60895","KM","https://data.autoplay.co.nz/image.ashx?id=91980668&w=800&h=600&l=true","Automatic","SUV","4X4","27800 NZD","Blue","Used","GASOLINE","","available","car_truck","20 Arthur Porter Drive","Hamilton","Waikato","New Zealand","-37.753925","175.229511","4Guys Autobarn"
"33223","2022 Kia Sportage Urban Lx+ (NZ New) Auto 2.0L 5 Door 2WD","2022 Kia Sportage Urban Lx+ (NZ New) Auto 2.0L 5 Door 2WD","https://www.4guys.co.nz/vehicle-details?id=3750640","Kia","Sportage","2022","41108","KM","https://data.autoplay.co.nz/image.ashx?id=91932744&w=800&h=600&l=true","Automatic","SUV","","37800 NZD","White","Used","GASOLINE","","available","car_truck","20 Arthur Porter Drive","Hamilton","Waikato","New Zealand","-37.753925","175.229511","4Guys Autobarn"
"33224","2022 Kia Sportage Urban Lx+ (NZ New) Auto 2.0L 5 Door 2WD","2022 Kia Sportage Urban Lx+ (NZ New) Auto 2.0L 5 Door 2WD","https://www.4guys.co.nz/vehicle-details?id=3750641","Kia","Sportage","2022","54860","KM","https://data.autoplay.co.nz/image.ashx?id=91931421&w=800&h=600&l=true","Automatic","SUV","","36800 NZD","White","Used","GASOLINE","","available","car_truck","20 Arthur Porter Drive","Hamilton","Waikato","New Zealand","-37.753925","175.229511","4Guys Autobarn"
"33238","2008 Mitsubishi Lancer Evo X Auto 2.0L Mivec Turbo Sedan","2008 Mitsubishi Lancer Evo X Auto 2.0L Mivec Turbo Sedan","https://www.4guys.co.nz/vehicle-details?id=3757263","Mitsubishi","Lancer","2008","117395","KM","https://data.autoplay.co.nz/image.ashx?id=91933217&w=800&h=600&l=true","Automatic","SEDAN","","36800 NZD","Red","Used","GASOLINE","","available","car_truck","20 Arthur Porter Drive","Hamilton","Waikato","New Zealand","-37.753925","175.229511","4Guys Autobarn"
"33245","2021 Toyota Highlander Limited Zr 4WD Auto 2.L Hybrid 5 Door (NZ New)","2021 Toyota Highlander Limited Zr 4WD Auto 2.L Hybrid 5 Door (NZ New)","https://www.4guys.co.nz/vehicle-details?id=3758615","Toyota","Highlander","2021","65495","KM","https://data.autoplay.co.nz/image.ashx?id=92098392&w=800&h=600&l=true","Automatic","SUV","4X4","59800 NZD","Grey","Used","HYBRID","","available","car_truck","20 Arthur Porter Drive","Hamilton","Waikato","New Zealand","-37.753925","175.229511","4Guys Autobarn"
"33256","2020 Holden Equinox Ltz 2.0L 4WD Auto 5 Door (NZ New)","2020 Holden Equinox Ltz 2.0L 4WD Auto 5 Door (NZ New)","https://www.4guys.co.nz/vehicle-details?id=3762071","Holden","Equinox","2020","62040","KM","https://data.autoplay.co.nz/image.ashx?id=91931852&w=800&h=600&l=true","Automatic","SUV","4X4","28600 NZD","Black","Used","GASOLINE","","available","car_truck","20 Arthur Porter Drive","Hamilton","Waikato","New Zealand","-37.753925","175.229511","4Guys Autobarn"
"33259","2021 Nissan X-Trail 20Xi Hybrid 4WD Auto 2.0L 5 Door","2021 Nissan X-Trail 20Xi Hybrid 4WD Auto 2.0L 5 Door","https://www.4guys.co.nz/vehicle-details?id=3763390","Nissan","X-Trail","2021","31240","KM","https://data.autoplay.co.nz/image.ashx?id=93097556&w=800&h=600&l=true","Automatic","SUV","4X4","33600 NZD","Tigre Orange","Used","HYBRID","","available","car_truck","20 Arthur Porter Drive","Hamilton","Waikato","New Zealand","-37.753925","175.229511","4Guys Autobarn"
"33273","2018 Ldv T60 Luxury 4WD D/Cab Auto 2.8L Turbo Diesel","2018 Ldv T60 Luxury 4WD D/Cab Auto 2.8L Turbo Diesel","https://www.4guys.co.nz/vehicle-details?id=3768984","LDV","T60","2018","134410","KM","https://data.autoplay.co.nz/image.ashx?id=96540856&w=800&h=600&l=true","Automatic","OTHER","4X4","26800 NZD","Blue","Used","DIESEL","","available","car_truck","20 Arthur Porter Drive","Hamilton","Waikato","New Zealand","-37.753925","175.229511","4Guys Autobarn"
"33285","2020 Honda Hr-V Active Auto 1.8L 5 Door","2020 Honda Hr-V Active Auto 1.8L 5 Door","https://www.4guys.co.nz/vehicle-details?id=3776648","Honda","HR-V","2020","68238","KM","https://data.autoplay.co.nz/image.ashx?id=92610900&w=800&h=600&l=true","Automatic","SUV","","23800 NZD","Silver","Used","GASOLINE","","available","car_truck","20 Arthur Porter Drive","Hamilton","Waikato","New Zealand","-37.753925","175.229511","4Guys Autobarn"
"33298","2022 Haval Jolion Ultra (NZ New) Auto 1.5L Turbo 5 Door 2WD","2022 Haval Jolion Ultra (NZ New) Auto 1.5L Turbo 5 Door 2WD","https://www.4guys.co.nz/vehicle-details?id=3777492","Haval","Jolion","2022","33574","KM","https://data.autoplay.co.nz/image.ashx?id=92264207&w=800&h=600&l=true","Automatic","SUV","","28800 NZD","Blue","Used","GASOLINE","","available","car_truck","20 Arthur Porter Drive","Hamilton","Waikato","New Zealand","-37.753925","175.229511","4Guys Autobarn"
"33301","2016 Holden Captiva Ltz 7 Seater Diesel Auto 2.2L Turbo Diesel 4WD 5 Door","2016 Holden Captiva Ltz 7 Seater Diesel Auto 2.2L Turbo Diesel 4WD 5 Door","https://www.4guys.co.nz/vehicle-details?id=3780735","Holden","Captiva","2016","86635","KM","https://data.autoplay.co.nz/image.ashx?id=92610921&w=800&h=600&l=true","Automatic","SUV","4X4","19800 NZD","Silver","Used","DIESEL","","available","car_truck","20 Arthur Porter Drive","Hamilton","Waikato","New Zealand","-37.753925","175.229511","4Guys Autobarn"
"33311","2018 Nissan Navara Rx 2WD Double Cab Auto 2.3L Turbo Diesel (NZ New)","2018 Nissan Navara Rx 2WD Double Cab Auto 2.3L Turbo Diesel (NZ New)","https://www.4guys.co.nz/vehicle-details?id=3784198","Nissan","Navara","2018","90885","KM","https://data.autoplay.co.nz/image.ashx?id=92789050&w=800&h=600&l=true","Automatic","OTHER","","29800 NZD","Grey","Used","DIESEL","","available","car_truck","20 Arthur Porter Drive","Hamilton","Waikato","New Zealand","-37.753925","175.229511","4Guys Autobarn"
"33308","2021 Kia Seltos Lx+ Auto 2.0L 5 Door (NZ New)","2021 Kia Seltos Lx+ Auto 2.0L 5 Door (NZ New)","https://www.4guys.co.nz/vehicle-details?id=3784452","Kia","Seltos","2021","38643","KM","https://data.autoplay.co.nz/image.ashx?id=92788887&w=800&h=600&l=true","Automatic","SUV","","26960 NZD","Orange","Used","GASOLINE","","available","car_truck","20 Arthur Porter Drive","Hamilton","Waikato","New Zealand","-37.753925","175.229511","4Guys Autobarn"
"33313","2022 Mazda Cx-5 Gsx 2.5L 4WD (NZ New) Auto 5 Door","2022 Mazda Cx-5 Gsx 2.5L 4WD (NZ New) Auto 5 Door","https://www.4guys.co.nz/vehicle-details?id=3787440","Mazda","CX-5","2022","58630","KM","https://data.autoplay.co.nz/image.ashx?id=92611569&w=800&h=600&l=true","Automatic","SUV","4X4","36800 NZD","Silver","Used","GASOLINE","","available","car_truck","20 Arthur Porter Drive","Hamilton","Waikato","New Zealand","-37.753925","175.229511","4Guys Autobarn"
"33316","2024 Mitsubishi Eclipse Cross Vrx (NZ New) Auto 1.5L Turbo 2WD","2024 Mitsubishi Eclipse Cross Vrx (NZ New) Auto 1.5L Turbo 2WD","https://www.4guys.co.nz/vehicle-details?id=3788459","Mitsubishi","Eclipse Cross","2024","49640","KM","https://data.autoplay.co.nz/image.ashx?id=92610860&w=800&h=600&l=true","Automatic","SUV","","35800 NZD","Blue","Used","GASOLINE","","available","car_truck","20 Arthur Porter Drive","Hamilton","Waikato","New Zealand","-37.753925","175.229511","4Guys Autobarn"
"33319","2021 Toyota Corolla Sports Gz Hybrid Auto 1.8L 5 Door","2021 Toyota Corolla Sports Gz Hybrid Auto 1.8L 5 Door","https://www.4guys.co.nz/vehicle-details?id=3789266","Toyota","Corolla","2021","42641","KM","https://data.autoplay.co.nz/image.ashx?id=93836928&w=800&h=600&l=true","Automatic","HATCHBACK","","31800 NZD","Black","Used","HYBRID","","available","car_truck","20 Arthur Porter Drive","Hamilton","Waikato","New Zealand","-37.753925","175.229511","4Guys Autobarn"
"33323","2022 Skoda Kodiaq Style Tsi (132kw) 4WD Auto 2.0L Turbo 7 Seater","2022 Skoda Kodiaq Style Tsi (132kw) 4WD Auto 2.0L Turbo 7 Seater","https://www.4guys.co.nz/vehicle-details?id=3790912","Skoda","Kodiaq","2022","62365","KM","https://data.autoplay.co.nz/image.ashx?id=92927968&w=800&h=600&l=true","Automatic","SUV","4X4","42800 NZD","Grey","Used","GASOLINE","","available","car_truck","20 Arthur Porter Drive","Hamilton","Waikato","New Zealand","-37.753925","175.229511","4Guys Autobarn"
"33327","2023 Toyota Land Cruiser Prado Tx L Pkg 7Sts Auto 2.8L Turbo Diesel 4WD 5 Door","2023 Toyota Land Cruiser Prado Tx L Pkg 7Sts Auto 2.8L Turbo Diesel 4WD 5 Door","https://www.4guys.co.nz/vehicle-details?id=3790913","Toyota","Land Cruiser Prado","2023","25035","KM","https://data.autoplay.co.nz/image.ashx?id=95279149&w=800&h=600&l=true","Automatic","SUV","4X4","82280 NZD","Matt Black","Used","DIESEL","","available","car_truck","20 Arthur Porter Drive","Hamilton","Waikato","New Zealand","-37.753925","175.229511","4Guys Autobarn"
"33333","2023 Toyota Land Cruiser Prado Tx L Pkg 7Sts Auto 2.8L Turbo Diesel 5 Door 4WD","2023 Toyota Land Cruiser Prado Tx L Pkg 7Sts Auto 2.8L Turbo Diesel 5 Door 4WD","https://www.4guys.co.nz/vehicle-details?id=3792614","Toyota","Land Cruiser Prado","2023","31221","KM","https://data.autoplay.co.nz/image.ashx?id=94131939&w=800&h=600&l=true","Automatic","SUV","4X4","75800 NZD","Matt Black","Used","DIESEL","","available","car_truck","20 Arthur Porter Drive","Hamilton","Waikato","New Zealand","-37.753925","175.229511","4Guys Autobarn"
"33343","2023 Toyota Land Cruiser Prado Tx L Pkg 7Sts Auto 2.8L Turbo Diesel 4WD 5 Door","2023 Toyota Land Cruiser Prado Tx L Pkg 7Sts Auto 2.8L Turbo Diesel 4WD 5 Door","https://www.4guys.co.nz/vehicle-details?id=3796301","Toyota","Land Cruiser Prado","2023","34410","KM","https://data.autoplay.co.nz/image.ashx?id=94335526&w=800&h=600&l=true","Automatic","SUV","4X4","75800 NZD","Pearl White","Used","DIESEL","","available","car_truck","20 Arthur Porter Drive","Hamilton","Waikato","New Zealand","-37.753925","175.229511","4Guys Autobarn"
"33349","2020 Kia Carnival Premium (8 Seater) NZ New Auto 2.2L Turbo Diesel 5 Door","2020 Kia Carnival Premium (8 Seater) NZ New Auto 2.2L Turbo Diesel 5 Door","https://www.4guys.co.nz/vehicle-details?id=3798524","Kia","Carnival","2020","62195","KM","https://data.autoplay.co.nz/image.ashx?id=93263132&w=800&h=600&l=true","Automatic","VAN","","46800 NZD","White","Used","DIESEL","","available","car_truck","20 Arthur Porter Drive","Hamilton","Waikato","New Zealand","-37.753925","175.229511","4Guys Autobarn"
"33353","2018 Ford Ranger Xlt D/Cab 2WD (NZ New) Auto 3.2L Turbo Diesel","2018 Ford Ranger Xlt D/Cab 2WD (NZ New) Auto 3.2L Turbo Diesel","https://www.4guys.co.nz/vehicle-details?id=3800117","Ford","Ranger","2018","86325","KM","https://data.autoplay.co.nz/image.ashx?id=96324192&w=800&h=600&l=true","Automatic","OTHER","","32800 NZD","Silver","Used","DIESEL","","available","car_truck","20 Arthur Porter Drive","Hamilton","Waikato","New Zealand","-37.753925","175.229511","4Guys Autobarn"
"33354","2022 Haval Jolion Ultra (NZ New) Auto 1.5L Turbo 5 Door 2WD","2022 Haval Jolion Ultra (NZ New) Auto 1.5L Turbo 5 Door 2WD","https://www.4guys.co.nz/vehicle-details?id=3802442","Haval","Jolion","2022","13922","KM","https://data.autoplay.co.nz/image.ashx?id=93262908&w=800&h=600&l=true","Automatic","SUV","","28800 NZD","Red","Used","GASOLINE","","available","car_truck","20 Arthur Porter Drive","Hamilton","Waikato","New Zealand","-37.753925","175.229511","4Guys Autobarn"
"33360","2023 Toyota Land Cruiser Prado Tx L Pkg 7Sts Auto 2.8L Turbo Diesel","2023 Toyota Land Cruiser Prado Tx L Pkg 7Sts Auto 2.8L Turbo Diesel","https://www.4guys.co.nz/vehicle-details?id=3804792","Toyota","Land Cruiser Prado","2023","24230","KM","https://data.autoplay.co.nz/image.ashx?id=97308234&w=800&h=600&l=true","Automatic","SUV","","82800 NZD","Pearl White","Used","DIESEL","","available","car_truck","20 Arthur Porter Drive","Hamilton","Waikato","New Zealand","-37.753925","175.229511","4Guys Autobarn"
"33367","2022 Mg 5 Zs Excite 1.5L Auto Door 2WD (NZ New)","2022 Mg 5 Zs Excite 1.5L Auto Door 2WD (NZ New)","https://www.4guys.co.nz/vehicle-details?id=3806243","MG","5","2022","25158","KM","https://data.autoplay.co.nz/image.ashx?id=93265183&w=800&h=600&l=true","Automatic","SUV","","22800 NZD","Black","Used","GASOLINE","","available","car_truck","20 Arthur Porter Drive","Hamilton","Waikato","New Zealand","-37.753925","175.229511","4Guys Autobarn"
"33368","2019 Audi Sq7 4.0L V8 Bi TDI (320Kw) 7 Seater Auto Twin Turbo V8 Diesel 5 Door (NZ New)","2019 Audi Sq7 4.0L V8 Bi TDI (320Kw) 7 Seater Auto Twin Turbo V8 Diesel 5 Door (NZ New)","https://www.4guys.co.nz/vehicle-details?id=3806244","Audi","SQ7","2019","76860","KM","https://data.autoplay.co.nz/image.ashx?id=93264439&w=800&h=600&l=true","Automatic","SUV","","79800 NZD","Grey","Used","DIESEL","","available","car_truck","20 Arthur Porter Drive","Hamilton","Waikato","New Zealand","-37.753925","175.229511","4Guys Autobarn"
"33377","2019 Hyundai iMax 2.5L Crdi 8 Seater Coach Auto 2.5L Turbo Diesel 5 Door (NZ New)","2019 Hyundai iMax 2.5L Crdi 8 Seater Coach Auto 2.5L Turbo Diesel 5 Door (NZ New)","https://www.4guys.co.nz/vehicle-details?id=3808138","Hyundai","iMax","2019","51825","KM","https://data.autoplay.co.nz/image.ashx?id=93435801&w=800&h=600&l=true","Automatic","VAN","","39800 NZD","Black","Used","DIESEL","","available","car_truck","20 Arthur Porter Drive","Hamilton","Waikato","New Zealand","-37.753925","175.229511","4Guys Autobarn"
"33382","2021 Toyota Corolla Sport Hybrid G Style Auto 1.8L 5 Door Hatch Back","2021 Toyota Corolla Sport Hybrid G Style Auto 1.8L 5 Door Hatch Back","https://www.4guys.co.nz/vehicle-details?id=3810174","Toyota","Corolla","2021","31150","KM","https://data.autoplay.co.nz/image.ashx?id=95043787&w=800&h=600&l=true","Automatic","HATCHBACK","","32800 NZD","Black","Used","HYBRID","","available","car_truck","20 Arthur Porter Drive","Hamilton","Waikato","New Zealand","-37.753925","175.229511","4Guys Autobarn"
"33383","2021 Toyota Corolla Sport Hybrid G Style Auto 1.8L 5 Door Hatch Back","2021 Toyota Corolla Sport Hybrid G Style Auto 1.8L 5 Door Hatch Back","https://www.4guys.co.nz/vehicle-details?id=3811518","Toyota","Corolla","2021","22610","KM","https://data.autoplay.co.nz/image.ashx?id=94335900&w=800&h=600&l=true","Automatic","HATCHBACK","","33800 NZD","Grey","Used","HYBRID","","available","car_truck","20 Arthur Porter Drive","Hamilton","Waikato","New Zealand","-37.753925","175.229511","4Guys Autobarn"
"33386","2021 Toyota Corolla Sport Hybrid G Style Auto 1.8L 5 Dor Hatch Back","2021 Toyota Corolla Sport Hybrid G Style Auto 1.8L 5 Dor Hatch Back","https://www.4guys.co.nz/vehicle-details?id=3811775","Toyota","Corolla","2021","56202","KM","https://data.autoplay.co.nz/image.ashx?id=95961305&w=800&h=600&l=true","Automatic","HATCHBACK","","29800 NZD","White","Used","HYBRID","","available","car_truck","20 Arthur Porter Drive","Hamilton","Waikato","New Zealand","-37.753925","175.229511","4Guys Autobarn"
"33374","2018 Hyundai Tucson Crdi 4WD Auto 2.0L Turbo Diesel 5 Door","2018 Hyundai Tucson Crdi 4WD Auto 2.0L Turbo Diesel 5 Door","https://www.4guys.co.nz/vehicle-details?id=3811968","Hyundai","Tucson","2018","149387","KM","https://data.autoplay.co.nz/image.ashx?id=93263711&w=800&h=600&l=true","Automatic","SUV","4X4","18950 NZD","White","Used","DIESEL","","available","car_truck","20 Arthur Porter Drive","Hamilton","Waikato","New Zealand","-37.753925","175.229511","4Guys Autobarn"
"33381","2022 Chevrolet Corvette C8 3Lt Z51 Convertible Auto 6.2L V8 (495hp) Factory Rhd","2022 Chevrolet Corvette C8 3Lt Z51 Convertible Auto 6.2L V8 (495hp) Factory Rhd","https://www.4guys.co.nz/vehicle-details?id=3812148","Chevrolet","Corvette","2022","19361","KM","https://data.autoplay.co.nz/image.ashx?id=93262822&w=800&h=600&l=true","Automatic","COUPE","","179800 NZD","Amplify Orange","Used","GASOLINE","","available","car_truck","20 Arthur Porter Drive","Hamilton","Waikato","New Zealand","-37.753925","175.229511","4Guys Autobarn"
"33375","2010 Bentley Continental Supersport Auto 6.0L W12 Coupe (621hp)","2010 Bentley Continental Supersport Auto 6.0L W12 Coupe (621hp)","https://www.4guys.co.nz/vehicle-details?id=3812157","Bentley","Continental","2010","65450","KM","https://data.autoplay.co.nz/image.ashx?id=94889421&w=800&h=600&l=true","Automatic","COUPE","","89800 NZD","White","Used","GASOLINE","","available","car_truck","20 Arthur Porter Drive","Hamilton","Waikato","New Zealand","-37.753925","175.229511","4Guys Autobarn"
"33391","2022 Mitsubishi Outlander Xls 4WD 7 Seater Auto 2.5L 5 Door (NZ New)","2022 Mitsubishi Outlander Xls 4WD 7 Seater Auto 2.5L 5 Door (NZ New)","https://www.4guys.co.nz/vehicle-details?id=3812355","Mitsubishi","Outlander","2022","53675","KM","https://data.autoplay.co.nz/image.ashx?id=93263170&w=800&h=600&l=true","Automatic","SUV","4X4","39800 NZD","Blue","Used","GASOLINE","","available","car_truck","20 Arthur Porter Drive","Hamilton","Waikato","New Zealand","-37.753925","175.229511","4Guys Autobarn"
"33392","2020 Land Rover Range Rover Evoque R P250 Auto 2.0L Turbo Dynamic Se 4WD (NZ New)","2020 Land Rover Range Rover Evoque R P250 Auto 2.0L Turbo Dynamic Se 4WD (NZ New)","https://www.4guys.co.nz/vehicle-details?id=3821570","Land Rover","Range Rover Evoque","2020","62730","KM","https://data.autoplay.co.nz/image.ashx?id=93436606&w=800&h=600&l=true","Automatic","SUV","4X4","62800 NZD","Silver","Used","GASOLINE","59990 NZD","available","car_truck","20 Arthur Porter Drive","Hamilton","Waikato","New Zealand","-37.753925","175.229511","4Guys Autobarn"
"33379","2019 Kia Stinger GT Sport 3.3L (NZ New) Auto 3.3L Twin Turbo Liftback","2019 Kia Stinger GT Sport 3.3L (NZ New) Auto 3.3L Twin Turbo Liftback","https://www.4guys.co.nz/vehicle-details?id=3822922","Kia","Stinger","2019","68864","KM","https://data.autoplay.co.nz/image.ashx?id=93264100&w=800&h=600&l=true","Automatic","SEDAN","","44800 NZD","White","Used","GASOLINE","","available","car_truck","20 Arthur Porter Drive","Hamilton","Waikato","New Zealand","-37.753925","175.229511","4Guys Autobarn"
"33396","2014 Chevrolet Camaro 2SS/RS (2014) Coupe Auto 6.2L V8 (410hp) Coupe (Facelift)","2014 Chevrolet Camaro 2SS/RS (2014) Coupe Auto 6.2L V8 (410hp) Coupe (Facelift)","https://www.4guys.co.nz/vehicle-details?id=3824674","Chevrolet","Camaro","2014","18455","KM","https://data.autoplay.co.nz/image.ashx?id=93435637&w=800&h=600&l=true","Automatic","COUPE","","64800 NZD","White","Used","GASOLINE","","available","car_truck","20 Arthur Porter Drive","Hamilton","Waikato","New Zealand","-37.753925","175.229511","4Guys Autobarn"
"33395","2024 Mercedes-Benz Glb 200 Amg Line Auto 1.3L Turbo 2WD (NZ New)","2024 Mercedes-Benz Glb 200 Amg Line Auto 1.3L Turbo 2WD (NZ New)","https://www.4guys.co.nz/vehicle-details?id=3824684","Mercedes-Benz","GLB 200","2024","30550","KM","https://data.autoplay.co.nz/image.ashx?id=93436820&w=800&h=600&l=true","Automatic","SUV","","62800 NZD","Grey","Used","GASOLINE","","available","car_truck","20 Arthur Porter Drive","Hamilton","Waikato","New Zealand","-37.753925","175.229511","4Guys Autobarn"
"33400","2018 Kia Carnival Premium (8 Seater) NZ New Auto 2.2L Turbo Diesel","2018 Kia Carnival Premium (8 Seater) NZ New Auto 2.2L Turbo Diesel","https://www.4guys.co.nz/vehicle-details?id=3824686","Kia","Carnival","2018","69795","KM","https://data.autoplay.co.nz/image.ashx?id=93436218&w=800&h=600&l=true","Automatic","VAN","","41800 NZD","Grey","Used","DIESEL","","available","car_truck","20 Arthur Porter Drive","Hamilton","Waikato","New Zealand","-37.753925","175.229511","4Guys Autobarn"
"33401","2019 Nissan Serena Highway Star 8 Str Coach Auto 2.0L Hybrid 5 Door 2WD","2019 Nissan Serena Highway Star 8 Str Coach Auto 2.0L Hybrid 5 Door 2WD","https://www.4guys.co.nz/vehicle-details?id=3824687","Nissan","Serena","2019","51550","KM","https://data.autoplay.co.nz/image.ashx?id=94890000&w=800&h=600&l=true","Automatic","VAN","","29800 NZD","Pearl White","Used","HYBRID","","available","car_truck","20 Arthur Porter Drive","Hamilton","Waikato","New Zealand","-37.753925","175.229511","4Guys Autobarn"
"33411","2023 Mazda Cx-60 Xd Exclusive Mode Auto 3.3L Turbo Diesel Hybrid 5 Door 2WD","2023 Mazda Cx-60 Xd Exclusive Mode Auto 3.3L Turbo Diesel Hybrid 5 Door 2WD","https://www.4guys.co.nz/vehicle-details?id=3829272","Mazda","CX-60","2023","9595","KM","https://data.autoplay.co.nz/image.ashx?id=95408118&w=800&h=600&l=true","Automatic","SUV","","52800 NZD","Black","Used","HYBRID","","available","car_truck","20 Arthur Porter Drive","Hamilton","Waikato","New Zealand","-37.753925","175.229511","4Guys Autobarn"
"33412","2022 Mazda Cx-60 Xd Hybrid Exclusive 4WD Auto 3.3L Turbo Diesel Hybrid","2022 Mazda Cx-60 Xd Hybrid Exclusive 4WD Auto 3.3L Turbo Diesel Hybrid","https://www.4guys.co.nz/vehicle-details?id=3831386","Mazda","CX-60","2022","12265","KM","https://data.autoplay.co.nz/image.ashx?id=95406678&w=800&h=600&l=true","Automatic","SUV","4X4","52800 NZD","Grey","Used","HYBRID","","available","car_truck","20 Arthur Porter Drive","Hamilton","Waikato","New Zealand","-37.753925","175.229511","4Guys Autobarn"
"33413","2023 Toyota Land Cruiser Prado Tx L Pkg 7Sts Auto 2.8L Turbo Diesel 4WD 5 Door","2023 Toyota Land Cruiser Prado Tx L Pkg 7Sts Auto 2.8L Turbo Diesel 4WD 5 Door","https://www.4guys.co.nz/vehicle-details?id=3831387","Toyota","Land Cruiser Prado","2023","29295","KM","https://data.autoplay.co.nz/image.ashx?id=94890051&w=800&h=600&l=true","Automatic","SUV","4X4","82800 NZD","Pearl White","Used","DIESEL","","available","car_truck","20 Arthur Porter Drive","Hamilton","Waikato","New Zealand","-37.753925","175.229511","4Guys Autobarn"
"33417","2016 Audi A4 Avant 2.0L Tfsi S-Line Auto 5 Door 2WD","2016 Audi A4 Avant 2.0L Tfsi S-Line Auto 5 Door 2WD","https://www.4guys.co.nz/vehicle-details?id=3832155","Audi","A4","2016","47860","KM","https://data.autoplay.co.nz/image.ashx?id=94890117&w=800&h=600&l=true","Automatic","OTHER","","22800 NZD","Black","Used","GASOLINE","","available","car_truck","20 Arthur Porter Drive","Hamilton","Waikato","New Zealand","-37.753925","175.229511","4Guys Autobarn"
"33419","2013 Chrysler 300C 3.6L Luxury Auto Sedan","2013 Chrysler 300C 3.6L Luxury Auto Sedan","https://www.4guys.co.nz/vehicle-details?id=3832157","Chrysler","300C","2013","47687","KM","https://data.autoplay.co.nz/image.ashx?id=94742621&w=800&h=600&l=true","Automatic","SEDAN","","25800 NZD","White","Used","GASOLINE","","available","car_truck","20 Arthur Porter Drive","Hamilton","Waikato","New Zealand","-37.753925","175.229511","4Guys Autobarn"
"31937","2017 Holden Trax Ls 1.4L Facelift (NZ New) Auto 1.4L Turbo 5 Door","2017 Holden Trax Ls 1.4L Facelift (NZ New) Auto 1.4L Turbo 5 Door","https://www.4guys.co.nz/vehicle-details?id=3835772","Holden","Trax","2017","59515","KM","https://data.autoplay.co.nz/image.ashx?id=93464375&w=800&h=600&l=true","Automatic","SUV","","16800 NZD","Silver","Used","GASOLINE","","available","car_truck","20 Arthur Porter Drive","Hamilton","Waikato","New Zealand","-37.753925","175.229511","4Guys Autobarn"
"33433","2019 Nissan Serena Highway Star Hybrid Auto 2.0L 8 Seater 5 Door","2019 Nissan Serena Highway Star Hybrid Auto 2.0L 8 Seater 5 Door","https://www.4guys.co.nz/vehicle-details?id=3838193","Nissan","Serena","2019","20232","KM","https://data.autoplay.co.nz/image.ashx?id=95044361&w=800&h=600&l=true","Automatic","VAN","","29800 NZD","Pearl White","Used","HYBRID","","available","car_truck","20 Arthur Porter Drive","Hamilton","Waikato","New Zealand","-37.753925","175.229511","4Guys Autobarn"
"33434","2015 Audi A6 2.8Fsi Quattro S-Line Sedan Auto 2.8L 4WD","2015 Audi A6 2.8Fsi Quattro S-Line Sedan Auto 2.8L 4WD","https://www.4guys.co.nz/vehicle-details?id=3838194","Audi","A6","2015","45210","KM","https://data.autoplay.co.nz/image.ashx?id=95194584&w=800&h=600&l=true","Automatic","SEDAN","4X4","24800 NZD","White","Used","GASOLINE","","available","car_truck","20 Arthur Porter Drive","Hamilton","Waikato","New Zealand","-37.753925","175.229511","4Guys Autobarn"
"33435","2018 Nissan Serena Autech Hybrid Auto 2.0L 8 Seater 5 Door","2018 Nissan Serena Autech Hybrid Auto 2.0L 8 Seater 5 Door","https://www.4guys.co.nz/vehicle-details?id=3838195","Nissan","Serena","2018","56590","KM","https://data.autoplay.co.nz/image.ashx?id=94889746&w=800&h=600&l=true","Automatic","VAN","","27800 NZD","Blue","Used","HYBRID","","available","car_truck","20 Arthur Porter Drive","Hamilton","Waikato","New Zealand","-37.753925","175.229511","4Guys Autobarn"
"33440","2019 Nissan Serena Highway Star Hybrid Auto 2.0L 5 Door 8 Seater","2019 Nissan Serena Highway Star Hybrid Auto 2.0L 5 Door 8 Seater","https://www.4guys.co.nz/vehicle-details?id=3838488","Nissan","Serena","2019","39015","KM","https://data.autoplay.co.nz/image.ashx?id=94889956&w=800&h=600&l=true","Automatic","VAN","","29800 NZD","Pearl White","Used","HYBRID","","available","car_truck","20 Arthur Porter Drive","Hamilton","Waikato","New Zealand","-37.753925","175.229511","4Guys Autobarn"
"33398","2021 Mg 5 Zs Excite 1.5L Auto Door 2WD (NZ New)","2021 Mg 5 Zs Excite 1.5L Auto Door 2WD (NZ New)","https://www.4guys.co.nz/vehicle-details?id=3838847","MG","5","2021","16580","KM","https://data.autoplay.co.nz/image.ashx?id=94132001&w=800&h=600&l=true","Automatic","HATCHBACK","","22800 NZD","White","Used","GASOLINE","","available","car_truck","20 Arthur Porter Drive","Hamilton","Waikato","New Zealand","-37.753925","175.229511","4Guys Autobarn"
"33427","2015 Bmw 116i Hatch Back (Facelift) Auto 1.6L Turbo 5 Door","2015 Bmw 116i Hatch Back (Facelift) Auto 1.6L Turbo 5 Door","https://www.4guys.co.nz/vehicle-details?id=3840520","BMW","116i","2015","67715","KM","https://data.autoplay.co.nz/image.ashx?id=93774915&w=800&h=600&l=true","Automatic","HATCHBACK","","15800 NZD","White","Used","GASOLINE","","available","car_truck","20 Arthur Porter Drive","Hamilton","Waikato","New Zealand","-37.753925","175.229511","4Guys Autobarn"
"33451","2020 Toyota Corolla Sport Hybrid G Style Auto 1.8L 5 Door 2WD","2020 Toyota Corolla Sport Hybrid G Style Auto 1.8L 5 Door 2WD","https://www.4guys.co.nz/vehicle-details?id=3842275","Toyota","Corolla","2020","27040","KM","https://data.autoplay.co.nz/image.ashx?id=95044882&w=800&h=600&l=true","Automatic","HATCHBACK","","33800 NZD","Red","Used","HYBRID","","available","car_truck","20 Arthur Porter Drive","Hamilton","Waikato","New Zealand","-37.753925","175.229511","4Guys Autobarn"
"33454","2016 Ford Kuga Titanium 2.0L AWD (NZ New) Auto 5 Door","2016 Ford Kuga Titanium 2.0L AWD (NZ New) Auto 5 Door","https://www.4guys.co.nz/vehicle-details?id=3842881","Ford","KUGA","2016","90720","KM","https://data.autoplay.co.nz/image.ashx?id=94335322&w=800&h=600&l=true","Automatic","SUV","AWD","19800 NZD","Grey","Used","GASOLINE","","available","car_truck","20 Arthur Porter Drive","Hamilton","Waikato","New Zealand","-37.753925","175.229511","4Guys Autobarn"
"33455","2021 Nissan Serena Highway Star Hybrid Auto 2.0L 5 Door 8 Seater 2WD","2021 Nissan Serena Highway Star Hybrid Auto 2.0L 5 Door 8 Seater 2WD","https://www.4guys.co.nz/vehicle-details?id=3843150","Nissan","Serena","2021","59200","KM","https://data.autoplay.co.nz/image.ashx?id=95407515&w=800&h=600&l=true","Automatic","VAN","","34800 NZD","Black","Used","HYBRID","","available","car_truck","20 Arthur Porter Drive","Hamilton","Waikato","New Zealand","-37.753925","175.229511","4Guys Autobarn"
"33456","2022 Nissan Serena Highway Star Hybrid Auto 2.0L 5 Door 8 Seater 2WD","2022 Nissan Serena Highway Star Hybrid Auto 2.0L 5 Door 8 Seater 2WD","https://www.4guys.co.nz/vehicle-details?id=3843151","Nissan","Serena","2022","34590","KM","https://data.autoplay.co.nz/image.ashx?id=95406729&w=800&h=600&l=true","Automatic","VAN","","34800 NZD","Pearl White","Used","HYBRID","","available","car_truck","20 Arthur Porter Drive","Hamilton","Waikato","New Zealand","-37.753925","175.229511","4Guys Autobarn"
"33457","2021 Toyota Corolla Touring Hybrid Wxb Auto 1.8L 5 Door","2021 Toyota Corolla Touring Hybrid Wxb Auto 1.8L 5 Door","https://www.4guys.co.nz/vehicle-details?id=3844673","Toyota","Corolla","2021","12765","KM","https://data.autoplay.co.nz/image.ashx?id=96323242&w=800&h=600&l=true","Automatic","HATCHBACK","","34800 NZD","Pearl White","Used","HYBRID","","available","car_truck","20 Arthur Porter Drive","Hamilton","Waikato","New Zealand","-37.753925","175.229511","4Guys Autobarn"
"33458","2020 Toyota Corolla Touring Hybrid Wxb Auto 1.8L 5 Door 2WD","2020 Toyota Corolla Touring Hybrid Wxb Auto 1.8L 5 Door 2WD","https://www.4guys.co.nz/vehicle-details?id=3844674","Toyota","Corolla","2020","36160","KM","https://data.autoplay.co.nz/image.ashx?id=97606927&w=800&h=600&l=true","Automatic","HATCHBACK","","32800 NZD","Pearl White","Used","HYBRID","","available","car_truck","20 Arthur Porter Drive","Hamilton","Waikato","New Zealand","-37.753925","175.229511","4Guys Autobarn"
"33461","2018 Audi A1 Sportsback (NZ New-Facelift) Auto 1.4L Turbo 5 Door 2WD","2018 Audi A1 Sportsback (NZ New-Facelift) Auto 1.4L Turbo 5 Door 2WD","https://www.4guys.co.nz/vehicle-details?id=3847430","Audi","A1","2018","44070","KM","https://data.autoplay.co.nz/image.ashx?id=93956859&w=800&h=600&l=true","Automatic","HATCHBACK","","19800 NZD","Silver","Used","GASOLINE","","available","car_truck","20 Arthur Porter Drive","Hamilton","Waikato","New Zealand","-37.753925","175.229511","4Guys Autobarn"
"33467","2020 Toyota C-Hr Limited 1.2L Turbo Auto 5 Door (NZ New)","2020 Toyota C-Hr Limited 1.2L Turbo Auto 5 Door (NZ New)","https://www.4guys.co.nz/vehicle-details?id=3850280","Toyota","C-HR","2020","51850","KM","https://data.autoplay.co.nz/image.ashx?id=94131539&w=800&h=600&l=true","Automatic","HATCHBACK","","31800 NZD","White","Used","GASOLINE","","available","car_truck","20 Arthur Porter Drive","Hamilton","Waikato","New Zealand","-37.753925","175.229511","4Guys Autobarn"
"33468","2020 Toyota Corolla Touring Wxb Auto 1.8L 5 Door 2WD","2020 Toyota Corolla Touring Wxb Auto 1.8L 5 Door 2WD","https://www.4guys.co.nz/vehicle-details?id=3850281","Toyota","Corolla","2020","6430","KM","https://data.autoplay.co.nz/image.ashx?id=96540615&w=800&h=600&l=true","Automatic","HATCHBACK","","34800 NZD","Black","Used","GASOLINE","","available","car_truck","20 Arthur Porter Drive","Hamilton","Waikato","New Zealand","-37.753925","175.229511","4Guys Autobarn"
"33471","2024 Bmw X7 M60i X Drive 4WD 6Sts Auto 4.4L V8 Twin Turbo 5 Door","2024 Bmw X7 M60i X Drive 4WD 6Sts Auto 4.4L V8 Twin Turbo 5 Door","https://www.4guys.co.nz/vehicle-details?id=3851129","BMW","X7","2024","23900","KM","https://data.autoplay.co.nz/image.ashx?id=95757431&w=800&h=600&l=true","Automatic","SUV","4X4","159800 NZD","White","Used","GASOLINE","","available","car_truck","20 Arthur Porter Drive","Hamilton","Waikato","New Zealand","-37.753925","175.229511","4Guys Autobarn"
"33473","2025 Mitsubishi Outlander Sports 7 Seater Auto 5 Door 2WD (NZ New)","2025 Mitsubishi Outlander Sports 7 Seater Auto 5 Door 2WD (NZ New)","https://www.4guys.co.nz/vehicle-details?id=3851581","Mitsubishi","Outlander","2025","13980","KM","https://data.autoplay.co.nz/image.ashx?id=94335065&w=800&h=600&l=true","Automatic","SUV","","46800 NZD","Grey","Used","GASOLINE","","available","car_truck","20 Arthur Porter Drive","Hamilton","Waikato","New Zealand","-37.753925","175.229511","4Guys Autobarn"
"33397","2013 Jeep Grand Cherokee Laredo Auto 3.6L 5 Door 4WD","2013 Jeep Grand Cherokee Laredo Auto 3.6L 5 Door 4WD","https://www.4guys.co.nz/vehicle-details?id=3853394","Jeep","Grand Cherokee","2013","121998","KM","https://data.autoplay.co.nz/image.ashx?id=94742405&w=800&h=600&l=true","Automatic","SUV","4X4","18800 NZD","White","Used","GASOLINE","","available","car_truck","20 Arthur Porter Drive","Hamilton","Waikato","New Zealand","-37.753925","175.229511","4Guys Autobarn"
"33476","2022 Mitsubishi Triton Glxr D/Cab 2WD Auto 2.4L Turbo Diesel (NZ New)","2022 Mitsubishi Triton Glxr D/Cab 2WD Auto 2.4L Turbo Diesel (NZ New)","https://www.4guys.co.nz/vehicle-details?id=3853396","Mitsubishi","Triton","2022","120360","KM","https://data.autoplay.co.nz/image.ashx?id=94742859&w=800&h=600&l=true","Automatic","OTHER","","31800 NZD","White","Used","DIESEL","","available","car_truck","20 Arthur Porter Drive","Hamilton","Waikato","New Zealand","-37.753925","175.229511","4Guys Autobarn"
"33482","2024 Kia Carnival Ex 2.2L 8 Seater Coach Auto 2.2L Turbo Diesel (Facelift)","2024 Kia Carnival Ex 2.2L 8 Seater Coach Auto 2.2L Turbo Diesel (Facelift)","https://www.4guys.co.nz/vehicle-details?id=3856478","Kia","Carnival","2024","63110","KM","https://data.autoplay.co.nz/image.ashx?id=94527548&w=800&h=600&l=true","Automatic","VAN","","47800 NZD","White","Used","DIESEL","","available","car_truck","20 Arthur Porter Drive","Hamilton","Waikato","New Zealand","-37.753925","175.229511","4Guys Autobarn"
"33483","2017 Audi A6 2.0Tfsi Quattro S-Line Auto 2.0L Turbo Sedan 4WD","2017 Audi A6 2.0Tfsi Quattro S-Line Auto 2.0L Turbo Sedan 4WD","https://www.4guys.co.nz/vehicle-details?id=3856479","Audi","A6","2017","45779","KM","https://data.autoplay.co.nz/image.ashx?id=96323792&w=800&h=600&l=true","Automatic","SEDAN","4X4","27800 NZD","Silver","Used","GASOLINE","","available","car_truck","20 Arthur Porter Drive","Hamilton","Waikato","New Zealand","-37.753925","175.229511","4Guys Autobarn"
"33489","2020 Great Wall Cannon Luxury 4X4 Auto 2.0L Turbo Diesel D/Cab (NZ New)","2020 Great Wall Cannon Luxury 4X4 Auto 2.0L Turbo Diesel D/Cab (NZ New)","https://www.4guys.co.nz/vehicle-details?id=3864303","Great Wall","Cannon","2020","79010","KM","https://data.autoplay.co.nz/image.ashx?id=94742064&w=800&h=600&l=true","Automatic","OTHER","4X4","28600 NZD","White","Used","DIESEL","","available","car_truck","20 Arthur Porter Drive","Hamilton","Waikato","New Zealand","-37.753925","175.229511","4Guys Autobarn"
"33494","2021 Nissan X-Trail 20Xi Hybrid 2WD Auto 2.0L 5 Door","2021 Nissan X-Trail 20Xi Hybrid 2WD Auto 2.0L 5 Door","https://www.4guys.co.nz/vehicle-details?id=3864304","Nissan","X-Trail","2021","59708","KM","https://data.autoplay.co.nz/image.ashx?id=96135501&w=800&h=600&l=true","Automatic","SUV","","29950 NZD","Blue","Used","HYBRID","","available","car_truck","20 Arthur Porter Drive","Hamilton","Waikato","New Zealand","-37.753925","175.229511","4Guys Autobarn"
"33500","2016 Audi A1 Sportsback (NZ New-Facelift) Auto 1.4Tfsi Turbo 5 Door","2016 Audi A1 Sportsback (NZ New-Facelift) Auto 1.4Tfsi Turbo 5 Door","https://www.4guys.co.nz/vehicle-details?id=3864406","Audi","A1","2016","77154","KM","https://data.autoplay.co.nz/image.ashx?id=94888714&w=800&h=600&l=true","Automatic","HATCHBACK","","16800 NZD","White","Used","GASOLINE","","available","car_truck","20 Arthur Porter Drive","Hamilton","Waikato","New Zealand","-37.753925","175.229511","4Guys Autobarn"
"33501","2024 Mitsubishi Outlander Vrx 2.5L 7 Seater Auto 5 Door 2WD (NZ New)","2024 Mitsubishi Outlander Vrx 2.5L 7 Seater Auto 5 Door 2WD (NZ New)","https://www.4guys.co.nz/vehicle-details?id=3865700","Mitsubishi","Outlander","2024","35105","KM","https://data.autoplay.co.nz/image.ashx?id=94527044&w=800&h=600&l=true","Automatic","SUV","","48600 NZD","White","Used","GASOLINE","","available","car_truck","20 Arthur Porter Drive","Hamilton","Waikato","New Zealand","-37.753925","175.229511","4Guys Autobarn"
"33513","2024 Mitsubishi Eclipse Cross Vrx (NZ New) Auto (8Spd) 1.5L Turbo 5 Door","2024 Mitsubishi Eclipse Cross Vrx (NZ New) Auto (8Spd) 1.5L Turbo 5 Door","https://www.4guys.co.nz/vehicle-details?id=3868663","Mitsubishi","Eclipse Cross","2024","34330","KM","https://data.autoplay.co.nz/image.ashx?id=94527478&w=800&h=600&l=true","Automatic","SUV","","32800 NZD","White","Used","GASOLINE","","available","car_truck","20 Arthur Porter Drive","Hamilton","Waikato","New Zealand","-37.753925","175.229511","4Guys Autobarn"
"33517","2024 Mitsubishi Outlander Vrx 2.5L 7 Seater Auto 5 Door 4WD (NZ New)","2024 Mitsubishi Outlander Vrx 2.5L 7 Seater Auto 5 Door 4WD (NZ New)","https://www.4guys.co.nz/vehicle-details?id=3871025","Mitsubishi","Outlander","2024","54100","KM","https://data.autoplay.co.nz/image.ashx?id=94742882&w=800&h=600&l=true","Automatic","SUV","4X4","44800 NZD","Grey","Used","GASOLINE","","available","car_truck","20 Arthur Porter Drive","Hamilton","Waikato","New Zealand","-37.753925","175.229511","4Guys Autobarn"
"33512","2014 Dodge Journey R/T 3.6L 7 Seater Auto 5 Door (NZ New)","2014 Dodge Journey R/T 3.6L 7 Seater Auto 5 Door (NZ New)","https://www.4guys.co.nz/vehicle-details?id=3871964","Dodge","Journey","2014","142390","KM","https://data.autoplay.co.nz/image.ashx?id=96715206&w=800&h=600&l=true","Automatic","SUV","","15800 NZD","Black","Used","GASOLINE","","available","car_truck","20 Arthur Porter Drive","Hamilton","Waikato","New Zealand","-37.753925","175.229511","4Guys Autobarn"
"33524","2024 Mitsubishi Outlander Sport 2.5L 7Sts Auto 5 Door 4WD (NZ New)","2024 Mitsubishi Outlander Sport 2.5L 7Sts Auto 5 Door 4WD (NZ New)","https://www.4guys.co.nz/vehicle-details?id=3873249","Mitsubishi","Outlander","2024","54824","KM","https://data.autoplay.co.nz/image.ashx?id=94743156&w=800&h=600&l=true","Automatic","SUV","4X4","41800 NZD","Red","Used","GASOLINE","","available","car_truck","20 Arthur Porter Drive","Hamilton","Waikato","New Zealand","-37.753925","175.229511","4Guys Autobarn"
"33525","2024 Mitsubishi Outlander Vrx 2.5L 7 Seater Auto 5 Door 4WD (NZ New)","2024 Mitsubishi Outlander Vrx 2.5L 7 Seater Auto 5 Door 4WD (NZ New)","https://www.4guys.co.nz/vehicle-details?id=3873885","Mitsubishi","Outlander","2024","57845","KM","https://data.autoplay.co.nz/image.ashx?id=94889837&w=800&h=600&l=true","Automatic","SUV","4X4","44800 NZD","White","Used","GASOLINE","","available","car_truck","20 Arthur Porter Drive","Hamilton","Waikato","New Zealand","-37.753925","175.229511","4Guys Autobarn"
"33536","2016 Audi A6 2.0Tfsi Quattro S Line Auto 2.0L Turbo Sedan 4WD","2016 Audi A6 2.0Tfsi Quattro S Line Auto 2.0L Turbo Sedan 4WD","https://www.4guys.co.nz/vehicle-details?id=3878062","Audi","A6","2016","34798","KM","https://data.autoplay.co.nz/image.ashx?id=95960966&w=800&h=600&l=true","Automatic","SEDAN","4X4","29800 NZD","White","Used","GASOLINE","","available","car_truck","20 Arthur Porter Drive","Hamilton","Waikato","New Zealand","-37.753925","175.229511","4Guys Autobarn"
"33537","2016 Mitsubishi Lancer Gsr 2.0L (NZ New) Auto Sedan (Facelift)","2016 Mitsubishi Lancer Gsr 2.0L (NZ New) Auto Sedan (Facelift)","https://www.4guys.co.nz/vehicle-details?id=3878403","Mitsubishi","Lancer","2016","96136","KM","https://data.autoplay.co.nz/image.ashx?id=95044757&w=800&h=600&l=true","Automatic","SEDAN","","17800 NZD","Black","Used","GASOLINE","","available","car_truck","20 Arthur Porter Drive","Hamilton","Waikato","New Zealand","-37.753925","175.229511","4Guys Autobarn"
"33558","2018 Mitsubishi Triton Glx 4WD X/Cab Auto 2.4L Turbo Diesel (NZ New)","2018 Mitsubishi Triton Glx 4WD X/Cab Auto 2.4L Turbo Diesel (NZ New)","https://www.4guys.co.nz/vehicle-details?id=3889479","Mitsubishi","Triton","2018","103817","KM","https://data.autoplay.co.nz/image.ashx?id=95618858&w=800&h=600&l=true","Automatic","OTHER","4X4","29800 NZD","Grey","Used","DIESEL","","available","car_truck","20 Arthur Porter Drive","Hamilton","Waikato","New Zealand","-37.753925","175.229511","4Guys Autobarn"
"33559","2018 Toyota Land Cruiser Lx 4.5Td 4WD 5Spd Manual 4.5L V8 Turbo Diesel F/Deck","2018 Toyota Land Cruiser Lx 4.5Td 4WD 5Spd Manual 4.5L V8 Turbo Diesel F/Deck","https://www.4guys.co.nz/vehicle-details?id=3889480","Toyota","Land Cruiser","2018","62000","KM","https://data.autoplay.co.nz/image.ashx?id=95279168&w=800&h=600&l=true","Manual","OTHER","4X4","109800 NZD","White","Used","DIESEL","104800 NZD","available","car_truck","20 Arthur Porter Drive","Hamilton","Waikato","New Zealand","-37.753925","175.229511","4Guys Autobarn"
"33575","2017 Mitsubishi Lancer Gsr 2.0L (NZ New) Auto Sedan","2017 Mitsubishi Lancer Gsr 2.0L (NZ New) Auto Sedan","https://www.4guys.co.nz/vehicle-details?id=3893180","Mitsubishi","Lancer","2017","49940","KM","https://data.autoplay.co.nz/image.ashx?id=95619111&w=800&h=600&l=true","Automatic","SEDAN","","21800 NZD","Red","Used","GASOLINE","","available","car_truck","20 Arthur Porter Drive","Hamilton","Waikato","New Zealand","-37.753925","175.229511","4Guys Autobarn"
"33579","2022 Kia Sportage Urban Lx+ (NZ New) Auto 2.0L 5 Door 2WD","2022 Kia Sportage Urban Lx+ (NZ New) Auto 2.0L 5 Door 2WD","https://www.4guys.co.nz/vehicle-details?id=3893184","Kia","Sportage","2022","50854","KM","https://data.autoplay.co.nz/image.ashx?id=95194279&w=800&h=600&l=true","Automatic","SUV","","36800 NZD","Black","Used","GASOLINE","","available","car_truck","20 Arthur Porter Drive","Hamilton","Waikato","New Zealand","-37.753925","175.229511","4Guys Autobarn"
"33582","2016 Porsche Macan 4WD Auto 2.0L Turbo 5 Door","2016 Porsche Macan 4WD Auto 2.0L Turbo 5 Door","https://www.4guys.co.nz/vehicle-details?id=3893782","Porsche","Macan","2016","66140","KM","https://data.autoplay.co.nz/image.ashx?id=96922556&w=800&h=600&l=true","Automatic","SUV","4X4","35800 NZD","Grey","Used","GASOLINE","","available","car_truck","20 Arthur Porter Drive","Hamilton","Waikato","New Zealand","-37.753925","175.229511","4Guys Autobarn"
"33583","2014 Audi A6 2.8Fsi Quattro S-Line Sedan Auto 4 Door 4WD","2014 Audi A6 2.8Fsi Quattro S-Line Sedan Auto 4 Door 4WD","https://www.4guys.co.nz/vehicle-details?id=3893783","Audi","A6","2014","49940","KM","https://data.autoplay.co.nz/image.ashx?id=97113976&w=800&h=600&l=true","Automatic","SEDAN","4X4","23800 NZD","White","Used","GASOLINE","","available","car_truck","20 Arthur Porter Drive","Hamilton","Waikato","New Zealand","-37.753925","175.229511","4Guys Autobarn"
"33587","2024 Kia Carnival Ex 2.2L 8 Seater Coach Auto 2.2L Turbo Diesel (Facelift)","2024 Kia Carnival Ex 2.2L 8 Seater Coach Auto 2.2L Turbo Diesel (Facelift)","https://www.4guys.co.nz/vehicle-details?id=3895093","Kia","Carnival","2024","68789","KM","https://data.autoplay.co.nz/image.ashx?id=95406826&w=800&h=600&l=true","Automatic","VAN","","46800 NZD","White","Used","DIESEL","","available","car_truck","20 Arthur Porter Drive","Hamilton","Waikato","New Zealand","-37.753925","175.229511","4Guys Autobarn"
"33599","2019 Mitsubishi Triton Glxr D/Cab 2WD Auto 2.4L Turbo Diesel (NZ New)","2019 Mitsubishi Triton Glxr D/Cab 2WD Auto 2.4L Turbo Diesel (NZ New)","https://www.4guys.co.nz/vehicle-details?id=3898683","Mitsubishi","Triton","2019","51780","KM","https://data.autoplay.co.nz/image.ashx?id=95960535&w=800&h=600&l=true","Automatic","OTHER","","30950 NZD","White","Used","DIESEL","","available","car_truck","20 Arthur Porter Drive","Hamilton","Waikato","New Zealand","-37.753925","175.229511","4Guys Autobarn"
"33596","2015 Holden Astra Gtc Sport Auto 1.6L Turbo 5 Door (NZ New)","2015 Holden Astra Gtc Sport Auto 1.6L Turbo 5 Door (NZ New)","https://www.4guys.co.nz/vehicle-details?id=3900801","Holden","Astra","2015","84000","KM","https://data.autoplay.co.nz/image.ashx?id=95618828&w=800&h=600&l=true","Automatic","HATCHBACK","","12800 NZD","Black","Used","GASOLINE","","available","car_truck","20 Arthur Porter Drive","Hamilton","Waikato","New Zealand","-37.753925","175.229511","4Guys Autobarn"
"33592","2009 Holden Commodore Ve SS (NZ New) Auto 6.0L V8 Sedan","2009 Holden Commodore Ve SS (NZ New) Auto 6.0L V8 Sedan","https://www.4guys.co.nz/vehicle-details?id=3903196","Holden","Commodore","2009","101050","KM","https://data.autoplay.co.nz/image.ashx?id=95960928&w=800&h=600&l=true","Automatic","SEDAN","","29950 NZD","Black","Used","GASOLINE","","available","car_truck","20 Arthur Porter Drive","Hamilton","Waikato","New Zealand","-37.753925","175.229511","4Guys Autobarn"
"33613","2020 Dodge Challenger R/T Scatpack Widebody Auto 6.4L V8 (485hp) Shaker Coupe","2020 Dodge Challenger R/T Scatpack Widebody Auto 6.4L V8 (485hp) Shaker Coupe","https://www.4guys.co.nz/vehicle-details?id=3905880","Dodge","Challenger","2020","16582","KM","https://data.autoplay.co.nz/image.ashx?id=95618797&w=800&h=600&l=true","Automatic","COUPE","","119800 NZD","Gold Rush","Used","GASOLINE","","available","car_truck","20 Arthur Porter Drive","Hamilton","Waikato","New Zealand","-37.753925","175.229511","4Guys Autobarn"
"33614","2020 Toyota Corolla Wxb Touring Auto 1.8L 5 Door","2020 Toyota Corolla Wxb Touring Auto 1.8L 5 Door","https://www.4guys.co.nz/vehicle-details?id=3905886","Toyota","Corolla","2020","39522","KM","https://data.autoplay.co.nz/image.ashx?id=95619460&w=800&h=600&l=true","Automatic","HATCHBACK","","29800 NZD","Black","Used","GASOLINE","","available","car_truck","20 Arthur Porter Drive","Hamilton","Waikato","New Zealand","-37.753925","175.229511","4Guys Autobarn"
"33616","2022 Ford Everest Sport 7Sts Auto (10Spd) 2.0L Twin Turbo Diesel 4WD","2022 Ford Everest Sport 7Sts Auto (10Spd) 2.0L Twin Turbo Diesel 4WD","https://www.4guys.co.nz/vehicle-details?id=3907144","Ford","Everest","2022","60120","KM","https://data.autoplay.co.nz/image.ashx?id=95960415&w=800&h=600&l=true","Automatic","SUV","4X4","49800 NZD","White","Used","DIESEL","","available","car_truck","20 Arthur Porter Drive","Hamilton","Waikato","New Zealand","-37.753925","175.229511","4Guys Autobarn"
"33624","2020 Dodge Charger R/T Scat Pack Widebody Auto 6.4L V8 (485hp) Sedan","2020 Dodge Charger R/T Scat Pack Widebody Auto 6.4L V8 (485hp) Sedan","https://www.4guys.co.nz/vehicle-details?id=3912842","Dodge","Charger","2020","39701","KM","https://data.autoplay.co.nz/image.ashx?id=96260899&w=800&h=600&l=true","Automatic","SEDAN","","99800 NZD","Hellraisin","Used","GASOLINE","","available","car_truck","20 Arthur Porter Drive","Hamilton","Waikato","New Zealand","-37.753925","175.229511","4Guys Autobarn"
"33627","2018 Dodge Challenger Hellcat Widebody Auto 6.2L V8 (707Hp) Coupe","2018 Dodge Challenger Hellcat Widebody Auto 6.2L V8 (707Hp) Coupe","https://www.4guys.co.nz/vehicle-details?id=3912843","Dodge","Challenger","2018","20485","KM","https://data.autoplay.co.nz/image.ashx?id=95757370&w=800&h=600&l=true","Automatic","COUPE","","144800 NZD","Destroyer Grey","Used","GASOLINE","","available","car_truck","20 Arthur Porter Drive","Hamilton","Waikato","New Zealand","-37.753925","175.229511","4Guys Autobarn"
"33630","2019 Ford Ranger Xlt D/Cab 2WD (NZ New) Auto 3.2L Turbo Diesel","2019 Ford Ranger Xlt D/Cab 2WD (NZ New) Auto 3.2L Turbo Diesel","https://www.4guys.co.nz/vehicle-details?id=3912854","Ford","Ranger","2019","127592","KM","https://data.autoplay.co.nz/image.ashx?id=96324201&w=800&h=600&l=true","Automatic","OTHER","","30800 NZD","Silver","Used","DIESEL","","available","car_truck","20 Arthur Porter Drive","Hamilton","Waikato","New Zealand","-37.753925","175.229511","4Guys Autobarn"
"33634","2020 Dodge Challenger Hellcat Redeye (797Hp) Auto 6.2L V8 Supercharged Coupe","2020 Dodge Challenger Hellcat Redeye (797Hp) Auto 6.2L V8 Supercharged Coupe","https://www.4guys.co.nz/vehicle-details?id=3912912","Dodge","Challenger","2020","9619","KM","https://data.autoplay.co.nz/image.ashx?id=95757017&w=800&h=600&l=true","Automatic","COUPE","","179800 NZD","Pitch Black","Used","GASOLINE","","available","car_truck","20 Arthur Porter Drive","Hamilton","Waikato","New Zealand","-37.753925","175.229511","4Guys Autobarn"
"33635","2017 Mitsubishi Lancer Gsr 2.0L (NZ New) Auto Sedan (Facelift)","2017 Mitsubishi Lancer Gsr 2.0L (NZ New) Auto Sedan (Facelift)","https://www.4guys.co.nz/vehicle-details?id=3914363","Mitsubishi","Lancer","2017","102140","KM","https://data.autoplay.co.nz/image.ashx?id=97071692&w=800&h=600&l=true","Automatic","SEDAN","","16800 NZD","Silver","Used","GASOLINE","","available","car_truck","20 Arthur Porter Drive","Hamilton","Waikato","New Zealand","-37.753925","175.229511","4Guys Autobarn"
"33636","2019 Mazda Bt-50 Gsx Double Cab 2WD Auto 3.2L Turbo Diesel (NZ New)","2019 Mazda Bt-50 Gsx Double Cab 2WD Auto 3.2L Turbo Diesel (NZ New)","https://www.4guys.co.nz/vehicle-details?id=3914364","Mazda","BT-50","2019","54000","KM","https://data.autoplay.co.nz/image.ashx?id=95960814&w=800&h=600&l=true","Automatic","OTHER","","34800 NZD","Black","Used","DIESEL","","available","car_truck","20 Arthur Porter Drive","Hamilton","Waikato","New Zealand","-37.753925","175.229511","4Guys Autobarn"
"33639","2023 Mazda Cx-8 25S Exclusive Mode Auto 2.5L 7 Seater","2023 Mazda Cx-8 25S Exclusive Mode Auto 2.5L 7 Seater","https://www.4guys.co.nz/vehicle-details?id=3916301","Mazda","CX-8","2023","7432","KM","https://data.autoplay.co.nz/image.ashx?id=96921737&w=800&h=600&l=true","Automatic","SUV","","46800 NZD","Grey","Used","GASOLINE","","available","car_truck","20 Arthur Porter Drive","Hamilton","Waikato","New Zealand","-37.753925","175.229511","4Guys Autobarn"
"33640","2021 Mazda Cx-8 25S Black Tone Edition Auto 2.5L 5 Door 7 Seater 2WD","2021 Mazda Cx-8 25S Black Tone Edition Auto 2.5L 5 Door 7 Seater 2WD","https://www.4guys.co.nz/vehicle-details?id=3918253","Mazda","CX-8","2021","28952","KM","https://data.autoplay.co.nz/image.ashx?id=96921064&w=800&h=600&l=true","Automatic","SUV","","39800 NZD","Grey","Used","GASOLINE","","available","car_truck","20 Arthur Porter Drive","Hamilton","Waikato","New Zealand","-37.753925","175.229511","4Guys Autobarn"
"33642","2024 Mg 5 Zs Excite 1.5L Auto Door 2WD (NZ New)","2024 Mg 5 Zs Excite 1.5L Auto Door 2WD (NZ New)","https://www.4guys.co.nz/vehicle-details?id=3918254","MG","5","2024","41405","KM","https://data.autoplay.co.nz/image.ashx?id=96323900&w=800&h=600&l=true","Automatic","SUV","","23800 NZD","Black","Used","GASOLINE","","available","car_truck","20 Arthur Porter Drive","Hamilton","Waikato","New Zealand","-37.753925","175.229511","4Guys Autobarn"
"33657","2015 Toyota Aqua X-Urban Hybrid Auto 1.5L 5 Door 2WD","2015 Toyota Aqua X-Urban Hybrid Auto 1.5L 5 Door 2WD","https://www.4guys.co.nz/vehicle-details?id=3923879","Toyota","Aqua","2015","58583","KM","https://data.autoplay.co.nz/image.ashx?id=97573770&w=800&h=600&l=true","Automatic","HATCHBACK","","17800 NZD","Green","Used","HYBRID","","available","car_truck","20 Arthur Porter Drive","Hamilton","Waikato","New Zealand","-37.753925","175.229511","4Guys Autobarn"
"33664","2018 Ford Ranger Xlt D/Cab 2WD (NZ New) Auto 3.2L Turbo Diesel","2018 Ford Ranger Xlt D/Cab 2WD (NZ New) Auto 3.2L Turbo Diesel","https://www.4guys.co.nz/vehicle-details?id=3927206","Ford","Ranger","2018","105470","KM","https://data.autoplay.co.nz/image.ashx?id=96539339&w=800&h=600&l=true","Automatic","OTHER","","29800 NZD","Grey","Used","DIESEL","","available","car_truck","20 Arthur Porter Drive","Hamilton","Waikato","New Zealand","-37.753925","175.229511","4Guys Autobarn"
"33666","2017 Ford Ranger Xlt D/Cab 2WD (NZ New) Auto 3.2L Turbo Diesel","2017 Ford Ranger Xlt D/Cab 2WD (NZ New) Auto 3.2L Turbo Diesel","https://www.4guys.co.nz/vehicle-details?id=3927207","Ford","Ranger","2017","117100","KM","https://data.autoplay.co.nz/image.ashx?id=96714798&w=800&h=600&l=true","Automatic","OTHER","","27800 NZD","White","Used","DIESEL","","available","car_truck","20 Arthur Porter Drive","Hamilton","Waikato","New Zealand","-37.753925","175.229511","4Guys Autobarn"
"33669","2021 Hyundai Palisade Elite 8 Seater Auto 2.2L Turbo Diesel 4WD (NZ New)","2021 Hyundai Palisade Elite 8 Seater Auto 2.2L Turbo Diesel 4WD (NZ New)","https://www.4guys.co.nz/vehicle-details?id=3927954","Hyundai","Palisade","2021","62260","KM","https://data.autoplay.co.nz/image.ashx?id=96135171&w=800&h=600&l=true","Automatic","SUV","4X4","54800 NZD","Blue","Used","DIESEL","","available","car_truck","20 Arthur Porter Drive","Hamilton","Waikato","New Zealand","-37.753925","175.229511","4Guys Autobarn"
"33672","2022 Mitsubishi Triton Glxr D/Cab 2WD Auto 2.4L Turbo Diesel","2022 Mitsubishi Triton Glxr D/Cab 2WD Auto 2.4L Turbo Diesel","https://www.4guys.co.nz/vehicle-details?id=3927957","Mitsubishi","Triton","2022","112845","KM","https://data.autoplay.co.nz/image.ashx?id=96878809&w=800&h=600&l=true","Automatic","OTHER","","29800 NZD","White","Used","DIESEL","","available","car_truck","20 Arthur Porter Drive","Hamilton","Waikato","New Zealand","-37.753925","175.229511","4Guys Autobarn"
"33665","2017 Ford Ranger Xlt 4X4 D/Cab Auto 3.2L Turbo Diesel (NZ New)","2017 Ford Ranger Xlt 4X4 D/Cab Auto 3.2L Turbo Diesel (NZ New)","https://www.4guys.co.nz/vehicle-details?id=3928539","Ford","Ranger","2017","137422","KM","https://data.autoplay.co.nz/image.ashx?id=96324209&w=800&h=600&l=true","Automatic","OTHER","4X4","31800 NZD","White","Used","DIESEL","","available","car_truck","20 Arthur Porter Drive","Hamilton","Waikato","New Zealand","-37.753925","175.229511","4Guys Autobarn"
"33656","2008 Lexus Is F 5.0L V8 Auto Sedan","2008 Lexus Is F 5.0L V8 Auto Sedan","https://www.4guys.co.nz/vehicle-details?id=3929739","Lexus","IS F","2008","107456","KM","https://data.autoplay.co.nz/image.ashx?id=96715567&w=800&h=600&l=true","Automatic","SEDAN","","34800 NZD","Black","Used","GASOLINE","","available","car_truck","20 Arthur Porter Drive","Hamilton","Waikato","New Zealand","-37.753925","175.229511","4Guys Autobarn"
"33676","2024 Subaru Brz S Sti Aero Coupe Auto 2.4L","2024 Subaru Brz S Sti Aero Coupe Auto 2.4L","https://www.4guys.co.nz/vehicle-details?id=3930722","Subaru","BRZ","2024","7140","KM","https://data.autoplay.co.nz/image.ashx?id=97307975&w=800&h=600&l=true","Automatic","COUPE","","49800 NZD","Black","Used","GASOLINE","","available","car_truck","20 Arthur Porter Drive","Hamilton","Waikato","New Zealand","-37.753925","175.229511","4Guys Autobarn"
"33678","2020 Toyota Commuter Hiace Gl Super Long 14 Seater Auto 2.7L 4 Door 2WD","2020 Toyota Commuter Hiace Gl Super Long 14 Seater Auto 2.7L 4 Door 2WD","https://www.4guys.co.nz/vehicle-details?id=3930723","Toyota","Commuter","2020","3745","KM","https://data.autoplay.co.nz/image.ashx?id=96077752&w=800&h=600&l=true","Automatic","VAN","","59800 NZD","White","Used","GASOLINE","","available","car_truck","20 Arthur Porter Drive","Hamilton","Waikato","New Zealand","-37.753925","175.229511","4Guys Autobarn"
"33699","2020 Ford Mustang Roush Stage 3 (NZ New) Auto Coupe 50L V8 S/C 700Hp (Rh Steer-NZ New)","2020 Ford Mustang Roush Stage 3 (NZ New) Auto Coupe 50L V8 S/C 700Hp (Rh Steer-NZ New)","https://www.4guys.co.nz/vehicle-details?id=3935912","Ford","Mustang","2020","18982","KM","https://data.autoplay.co.nz/image.ashx?id=96323040&w=800&h=600&l=true","Automatic","COUPE","","79800 NZD","Silver","Used","GASOLINE","","available","car_truck","20 Arthur Porter Drive","Hamilton","Waikato","New Zealand","-37.753925","175.229511","4Guys Autobarn"
"33691","2015 Subaru Levorg 1.6L Turbo AWD Auto 5 Door","2015 Subaru Levorg 1.6L Turbo AWD Auto 5 Door","https://www.4guys.co.nz/vehicle-details?id=3936756","Subaru","Levorg","2015","162158","KM","https://data.autoplay.co.nz/image.ashx?id=97113081&w=800&h=600&l=true","Automatic","OTHER","AWD","15800 NZD","Blue","Used","GASOLINE","","available","car_truck","20 Arthur Porter Drive","Hamilton","Waikato","New Zealand","-37.753925","175.229511","4Guys Autobarn"
"33703","2020 Bmw X5 X Drive 50i M Sport Auto 4.4L V8 Twin Turbo 4WD 5 Door","2020 Bmw X5 X Drive 50i M Sport Auto 4.4L V8 Twin Turbo 4WD 5 Door","https://www.4guys.co.nz/vehicle-details?id=3938076","BMW","X5","2020","68984","KM","https://data.autoplay.co.nz/image.ashx?id=96296090&w=800&h=600&l=true","Automatic","OTHER","4X4","49800 NZD","Black","Used","GASOLINE","","available","car_truck","20 Arthur Porter Drive","Hamilton","Waikato","New Zealand","-37.753925","175.229511","4Guys Autobarn"
"33711","2022 Renault Koleos Zen Sport 2.5L Auto 5 Door (NZ New)","2022 Renault Koleos Zen Sport 2.5L Auto 5 Door (NZ New)","https://www.4guys.co.nz/vehicle-details?id=3940381","Renault","Koleos","2022","120885","KM","https://data.autoplay.co.nz/image.ashx?id=96715159&w=800&h=600&l=true","Automatic","SUV","","23800 NZD","White","Used","GASOLINE","","available","car_truck","20 Arthur Porter Drive","Hamilton","Waikato","New Zealand","-37.753925","175.229511","4Guys Autobarn"
"33716","2019 Mazda 3 20S L Pkg Hatch Back Auto 2.0L 5 Door","2019 Mazda 3 20S L Pkg Hatch Back Auto 2.0L 5 Door","https://www.4guys.co.nz/vehicle-details?id=3941895","Mazda","3","2019","21734","KM","https://data.autoplay.co.nz/image.ashx?id=97771157&w=800&h=600&l=true","Automatic","HATCHBACK","","30800 NZD","Black","Used","GASOLINE","","available","car_truck","20 Arthur Porter Drive","Hamilton","Waikato","New Zealand","-37.753925","175.229511","4Guys Autobarn"
"33719","2024 Nissan Navara Pro-4X 4WD D/Cab Auto 2.3L Turbo Diesel (NZ New)","2024 Nissan Navara Pro-4X 4WD D/Cab Auto 2.3L Turbo Diesel (NZ New)","https://www.4guys.co.nz/vehicle-details?id=3943276","Nissan","Navara","2024","39266","KM","https://data.autoplay.co.nz/image.ashx?id=96538553&w=800&h=600&l=true","Automatic","OTHER","4X4","51800 NZD","Black","Used","DIESEL","","available","car_truck","20 Arthur Porter Drive","Hamilton","Waikato","New Zealand","-37.753925","175.229511","4Guys Autobarn"
"33723","2018 Audi Sq7 4.0L V8 Bi TDI (320Kw) 7 Seater Auto 5 Door Twin Turbo V8 Diesel 4WD","2018 Audi Sq7 4.0L V8 Bi TDI (320Kw) 7 Seater Auto 5 Door Twin Turbo V8 Diesel 4WD","https://www.4guys.co.nz/vehicle-details?id=3943515","Audi","SQ7","2018","75206","KM","https://data.autoplay.co.nz/image.ashx?id=96541038&w=800&h=600&l=true","Automatic","SUV","4X4","69800 NZD","Blue","Used","DIESEL","","available","car_truck","20 Arthur Porter Drive","Hamilton","Waikato","New Zealand","-37.753925","175.229511","4Guys Autobarn"
"33725","2021 Mitsubishi Triton Glxr D/Cab 2WD Auto 2.4L Turbo Diesel (NZ New)","2021 Mitsubishi Triton Glxr D/Cab 2WD Auto 2.4L Turbo Diesel (NZ New)","https://www.4guys.co.nz/vehicle-details?id=3944519","Mitsubishi","Triton","2021","65395","KM","https://data.autoplay.co.nz/image.ashx?id=97113332&w=800&h=600&l=true","Automatic","OTHER","","29800 NZD","Grey","Used","DIESEL","","available","car_truck","20 Arthur Porter Drive","Hamilton","Waikato","New Zealand","-37.753925","175.229511","4Guys Autobarn"
"33726","2020 Toyota Hilux Sr D/Cab 2WD Auto 2.8L Turbo Diesel (NZ New)","2020 Toyota Hilux Sr D/Cab 2WD Auto 2.8L Turbo Diesel (NZ New)","https://www.4guys.co.nz/vehicle-details?id=3944520","Toyota","Hilux","2020","121895","KM","https://data.autoplay.co.nz/image.ashx?id=97308250&w=800&h=600&l=true","Automatic","OTHER","","33800 NZD","White","Used","DIESEL","","available","car_truck","20 Arthur Porter Drive","Hamilton","Waikato","New Zealand","-37.753925","175.229511","4Guys Autobarn"
"33632","2018 Holden Captiva Ls Equipe 7 Seater 2WD 2.4L Auto SUV","2018 Holden Captiva Ls Equipe 7 Seater 2WD 2.4L Auto SUV","https://www.4guys.co.nz/vehicle-details?id=3946056","Holden","Captiva","2018","213000","KM","https://data.autoplay.co.nz/image.ashx?id=98284737&w=800&h=600&l=true","Automatic","SUV","","10800 NZD","Black","Used","GASOLINE","","available","car_truck","20 Arthur Porter Drive","Hamilton","Waikato","New Zealand","-37.753925","175.229511","4Guys Autobarn"
"33729","2020 Mazda 3 20S Proactive Touring Selection Auto 2.0L 5 Door Hatch Back","2020 Mazda 3 20S Proactive Touring Selection Auto 2.0L 5 Door Hatch Back","https://www.4guys.co.nz/vehicle-details?id=3946058","Mazda","3","2020","16725","KM","https://data.autoplay.co.nz/image.ashx?id=97982592&w=800&h=600&l=true","Automatic","HATCHBACK","","32800 NZD","Grey","Used","GASOLINE","","available","car_truck","20 Arthur Porter Drive","Hamilton","Waikato","New Zealand","-37.753925","175.229511","4Guys Autobarn"
"33731","2021 Mazda 3 20S Proactive Touring Selection Auto 2.0L 5 Door Hatch Back","2021 Mazda 3 20S Proactive Touring Selection Auto 2.0L 5 Door Hatch Back","https://www.4guys.co.nz/vehicle-details?id=3948295","Mazda","3","2021","40120","KM","https://data.autoplay.co.nz/image.ashx?id=97982843&w=800&h=600&l=true","Automatic","HATCHBACK","","29800 NZD","Black","Used","GASOLINE","","available","car_truck","20 Arthur Porter Drive","Hamilton","Waikato","New Zealand","-37.753925","175.229511","4Guys Autobarn"
"33734","2019 Toyota Corolla Zr Hybrid (NZ New) Auto 1.8L 5 Door Hatch Back","2019 Toyota Corolla Zr Hybrid (NZ New) Auto 1.8L 5 Door Hatch Back","https://www.4guys.co.nz/vehicle-details?id=3951314","Toyota","Corolla","2019","50105","KM","https://data.autoplay.co.nz/image.ashx?id=96920511&w=800&h=600&l=true","Automatic","HATCHBACK","","29800 NZD","White","Used","HYBRID","","available","car_truck","20 Arthur Porter Drive","Hamilton","Waikato","New Zealand","-37.753925","175.229511","4Guys Autobarn"
"33737","2011 Volkswagen Golf R (199Kw) Auto (DSG) 2.0L Turbo AWD (NZ New)","2011 Volkswagen Golf R (199Kw) Auto (DSG) 2.0L Turbo AWD (NZ New)","https://www.4guys.co.nz/vehicle-details?id=3951315","Volkswagen","Golf R","2011","87795","KM","https://data.autoplay.co.nz/image.ashx?id=96920823&w=800&h=600&l=true","Automatic","HATCHBACK","AWD","22800 NZD","Grey","Used","GASOLINE","","available","car_truck","20 Arthur Porter Drive","Hamilton","Waikato","New Zealand","-37.753925","175.229511","4Guys Autobarn"
"33738","2017 Holden Colorado Ltz D/Cab 4X2 (NZ New) Auto 2.8L Turbo Diesel 2WD","2017 Holden Colorado Ltz D/Cab 4X2 (NZ New) Auto 2.8L Turbo Diesel 2WD","https://www.4guys.co.nz/vehicle-details?id=3954107","Holden","Colorado","2017","154450","KM","https://data.autoplay.co.nz/image.ashx?id=97573244&w=800&h=600&l=true","Automatic","OTHER","","25800 NZD","Grey","Used","DIESEL","","available","car_truck","20 Arthur Porter Drive","Hamilton","Waikato","New Zealand","-37.753925","175.229511","4Guys Autobarn"
"33745","2016 Ford Ranger Xlt D/Cab 2WD (NZ New) 6Spd Manual 3.2L Turbo Diesel","2016 Ford Ranger Xlt D/Cab 2WD (NZ New) 6Spd Manual 3.2L Turbo Diesel","https://www.4guys.co.nz/vehicle-details?id=3956663","Ford","Ranger","2016","158314","KM","https://data.autoplay.co.nz/image.ashx?id=97113415&w=800&h=600&l=true","Manual","OTHER","","28950 NZD","White","Used","DIESEL","","available","car_truck","20 Arthur Porter Drive","Hamilton","Waikato","New Zealand","-37.753925","175.229511","4Guys Autobarn"
"33747","2018 Holden Captiva Ltz 2.2D AWD 7 Seater Auto 2.2L Turbo Diesel (NZ New)","2018 Holden Captiva Ltz 2.2D AWD 7 Seater Auto 2.2L Turbo Diesel (NZ New)","https://www.4guys.co.nz/vehicle-details?id=3957352","Holden","Captiva","2018","103220","KM","https://data.autoplay.co.nz/image.ashx?id=97113735&w=800&h=600&l=true","Automatic","SUV","AWD","15800 NZD","Blue","Used","DIESEL","","available","car_truck","20 Arthur Porter Drive","Hamilton","Waikato","New Zealand","-37.753925","175.229511","4Guys Autobarn"
"33742","2020 Great Wall Steed 2.4L D/Cab 2WD 5Spd Manual (NZ New)","2020 Great Wall Steed 2.4L D/Cab 2WD 5Spd Manual (NZ New)","https://www.4guys.co.nz/vehicle-details?id=3958439","Great Wall","Steed","2020","31165","KM","https://data.autoplay.co.nz/image.ashx?id=96922108&w=800&h=600&l=true","Manual","OTHER","","19800 NZD","Red","Used","GASOLINE","","available","car_truck","20 Arthur Porter Drive","Hamilton","Waikato","New Zealand","-37.753925","175.229511","4Guys Autobarn"
"33750","2018 Mini Countryman Jcw 4WD 2.0L Auto 2.0L Turbo 5 Door","2018 Mini Countryman Jcw 4WD 2.0L Auto 2.0L Turbo 5 Door","https://www.4guys.co.nz/vehicle-details?id=3958442","MINI","Countryman","2018","57780","KM","https://data.autoplay.co.nz/image.ashx?id=96922172&w=800&h=600&l=true","Automatic","HATCHBACK","4X4","32800 NZD","Black","Used","GASOLINE","","available","car_truck","20 Arthur Porter Drive","Hamilton","Waikato","New Zealand","-37.753925","175.229511","4Guys Autobarn"
"33754","2020 Nissan X-Trail ST-L 7 Seater 2.5L Auto 5 Door 2WD (NZ New)","2020 Nissan X-Trail ST-L 7 Seater 2.5L Auto 5 Door 2WD (NZ New)","https://www.4guys.co.nz/vehicle-details?id=3960538","Nissan","X-Trail","2020","59100","KM","https://data.autoplay.co.nz/image.ashx?id=97769346&w=800&h=600&l=true","Automatic","SUV","","26800 NZD","Grey","Used","GASOLINE","","available","car_truck","20 Arthur Porter Drive","Hamilton","Waikato","New Zealand","-37.753925","175.229511","4Guys Autobarn"
"33755","2007 Holden Commodore Vz Sv6 Utility Auto 3.6L S/Cab Canopy","2007 Holden Commodore Vz Sv6 Utility Auto 3.6L S/Cab Canopy","https://www.4guys.co.nz/vehicle-details?id=3961943","Holden","Commodore","2007","189000","KM","https://data.autoplay.co.nz/image.ashx?id=97572802&w=800&h=600&l=true","Automatic","OTHER","","15800 NZD","Orange","Used","GASOLINE","","available","car_truck","20 Arthur Porter Drive","Hamilton","Waikato","New Zealand","-37.753925","175.229511","4Guys Autobarn"
"33757","2016 Mazda Axela 1.6L Sedan (Facelift) 5Spd Manual","2016 Mazda Axela 1.6L Sedan (Facelift) 5Spd Manual","https://www.4guys.co.nz/vehicle-details?id=3962109","Mazda","Axela","2016","79480","KM","https://data.autoplay.co.nz/image.ashx?id=97112552&w=800&h=600&l=true","Manual","SEDAN","","15800 NZD","Silver","Used","GASOLINE","","available","car_truck","20 Arthur Porter Drive","Hamilton","Waikato","New Zealand","-37.753925","175.229511","4Guys Autobarn"
"33759","2022 Audi RS4 Avant 450Hp Auto 2.9L Twin Turbo (NZ New)","2022 Audi RS4 Avant 450Hp Auto 2.9L Twin Turbo (NZ New)","https://www.4guys.co.nz/vehicle-details?id=3964187","Audi","RS4","2022","45634","KM","https://data.autoplay.co.nz/image.ashx?id=97113875&w=800&h=600&l=true","Automatic","OTHER","","109800 NZD","Grey","Used","GASOLINE","","available","car_truck","20 Arthur Porter Drive","Hamilton","Waikato","New Zealand","-37.753925","175.229511","4Guys Autobarn"
"33756","2014 Ford Ranger Xl D/Cab 2WD (NZ New) Auto 3.2L Turbo Diesel","2014 Ford Ranger Xl D/Cab 2WD (NZ New) Auto 3.2L Turbo Diesel","https://www.4guys.co.nz/vehicle-details?id=3965528","Ford","Ranger","2014","245750","KM","https://data.autoplay.co.nz/image.ashx?id=97572937&w=800&h=600&l=true","Automatic","OTHER","","16800 NZD","White","Used","DIESEL","","available","car_truck","20 Arthur Porter Drive","Hamilton","Waikato","New Zealand","-37.753925","175.229511","4Guys Autobarn"
"33761","2017 Nissan X-Trail 20X 4WD Auto 2.0L 5 Door","2017 Nissan X-Trail 20X 4WD Auto 2.0L 5 Door","https://www.4guys.co.nz/vehicle-details?id=3965529","Nissan","X-Trail","2017","78756","KM","https://data.autoplay.co.nz/image.ashx?id=97983029&w=800&h=600&l=true","Automatic","SUV","4X4","18800 NZD","Black","Used","GASOLINE","","available","car_truck","20 Arthur Porter Drive","Hamilton","Waikato","New Zealand","-37.753925","175.229511","4Guys Autobarn"
"33762","2019 Ldv T60 Luxury 4WD D/Cab Auto 2.8L Turbo Diesel","2019 Ldv T60 Luxury 4WD D/Cab Auto 2.8L Turbo Diesel","https://www.4guys.co.nz/vehicle-details?id=3965530","LDV","T60","2019","84438","KM","https://data.autoplay.co.nz/image.ashx?id=97573396&w=800&h=600&l=true","Automatic","OTHER","4X4","26800 NZD","Grey","Used","DIESEL","","available","car_truck","20 Arthur Porter Drive","Hamilton","Waikato","New Zealand","-37.753925","175.229511","4Guys Autobarn"
"33767","2023 Toyota Rav4 2.5L Limited Hybrid (NZ New) Auto 5 Door 4WD","2023 Toyota Rav4 2.5L Limited Hybrid (NZ New) Auto 5 Door 4WD","https://www.4guys.co.nz/vehicle-details?id=3965532","Toyota","RAV4","2023","45264","KM","https://data.autoplay.co.nz/image.ashx?id=97308039&w=800&h=600&l=true","Automatic","SUV","4X4","54800 NZD","Silver","Used","HYBRID","","available","car_truck","20 Arthur Porter Drive","Hamilton","Waikato","New Zealand","-37.753925","175.229511","4Guys Autobarn"
"33772","2021 Ford Ranger Wildtrak 3.2L 4X4 Auto 3.2L Turbo Diesel (NZ New)","2021 Ford Ranger Wildtrak 3.2L 4X4 Auto 3.2L Turbo Diesel (NZ New)","https://www.4guys.co.nz/vehicle-details?id=3966793","Ford","Ranger","2021","127480","KM","https://data.autoplay.co.nz/image.ashx?id=97770655&w=800&h=600&l=true","Automatic","OTHER","4X4","39800 NZD","White","Used","DIESEL","","available","car_truck","20 Arthur Porter Drive","Hamilton","Waikato","New Zealand","-37.753925","175.229511","4Guys Autobarn"
"33773","2007 Holden Commodore SS-V 6.0L Auto V8 Sedan","2007 Holden Commodore SS-V 6.0L Auto V8 Sedan","https://www.4guys.co.nz/vehicle-details?id=3967772","Holden","Commodore","2007","226825","KM","https://data.autoplay.co.nz/image.ashx?id=97181836&w=800&h=600&l=true","Automatic","SEDAN","","25800 NZD","Black","Used","GASOLINE","","available","car_truck","20 Arthur Porter Drive","Hamilton","Waikato","New Zealand","-37.753925","175.229511","4Guys Autobarn"
"33769","2017 Volkswagen Tiguan Highline 4Motion Auto 2.0L Tsi Turbo 4WD 5 Door (NZ New)","2017 Volkswagen Tiguan Highline 4Motion Auto 2.0L Tsi Turbo 4WD 5 Door (NZ New)","https://www.4guys.co.nz/vehicle-details?id=3969155","Volkswagen","Tiguan","2017","128446","KM","https://data.autoplay.co.nz/image.ashx?id=97573825&w=800&h=600&l=true","Automatic","SUV","4X4","18950 NZD","White","Used","GASOLINE","","available","car_truck","20 Arthur Porter Drive","Hamilton","Waikato","New Zealand","-37.753925","175.229511","4Guys Autobarn"
"33779","2014 Mitsubishi Lancer Gsr 2.0L (NZ New) Auto Sedan","2014 Mitsubishi Lancer Gsr 2.0L (NZ New) Auto Sedan","https://www.4guys.co.nz/vehicle-details?id=3970047","Mitsubishi","Lancer","2014","100899","KM","https://data.autoplay.co.nz/image.ashx?id=97771443&w=800&h=600&l=true","Automatic","SEDAN","","15800 NZD","Grey","Used","GASOLINE","","available","car_truck","20 Arthur Porter Drive","Hamilton","Waikato","New Zealand","-37.753925","175.229511","4Guys Autobarn"
"33780","2020 Mazda 3 20S L Pkg Hatch Back Auto 2.0L 5 Door","2020 Mazda 3 20S L Pkg Hatch Back Auto 2.0L 5 Door","https://www.4guys.co.nz/vehicle-details?id=3970502","Mazda","3","2020","23520","KM","https://data.autoplay.co.nz/image.ashx?id=97319878&w=800&h=600&l=true","Automatic","HATCHBACK","","32950 NZD","Black","Used","GASOLINE","","available","car_truck","20 Arthur Porter Drive","Hamilton","Waikato","New Zealand","-37.753925","175.229511","4Guys Autobarn"
"33775","2011 Nissan Juke ST 1.5L Auto 1.5L 5 Door Hatchback","2011 Nissan Juke ST 1.5L Auto 1.5L 5 Door Hatchback","https://www.4guys.co.nz/vehicle-details?id=3971141","Nissan","Juke","2011","126226","KM","https://data.autoplay.co.nz/image.ashx?id=97769665&w=800&h=600&l=true","Automatic","HATCHBACK","","8900 NZD","Black","Used","GASOLINE","","available","car_truck","20 Arthur Porter Drive","Hamilton","Waikato","New Zealand","-37.753925","175.229511","4Guys Autobarn"
"33785","2018 Holden Captiva Ltz 7 3.0L 4WD 7 Seater Auto 5 Door Lwb","2018 Holden Captiva Ltz 7 3.0L 4WD 7 Seater Auto 5 Door Lwb","https://www.4guys.co.nz/vehicle-details?id=3971142","Holden","Captiva","2018","95267","KM","https://data.autoplay.co.nz/image.ashx?id=97770216&w=800&h=600&l=true","Automatic","SUV","4X4","19800 NZD","Grey","Used","GASOLINE","","available","car_truck","20 Arthur Porter Drive","Hamilton","Waikato","New Zealand","-37.753925","175.229511","4Guys Autobarn"
"33786","2021 Ford Ranger Xlt D/Cab 2WD (NZ New) Auto 3.2L Turbo Diesel","2021 Ford Ranger Xlt D/Cab 2WD (NZ New) Auto 3.2L Turbo Diesel","https://www.4guys.co.nz/vehicle-details?id=3971143","Ford","Ranger","2021","132012","KM","https://data.autoplay.co.nz/image.ashx?id=97573434&w=800&h=600&l=true","Automatic","OTHER","","29800 NZD","White","Used","DIESEL","","available","car_truck","20 Arthur Porter Drive","Hamilton","Waikato","New Zealand","-37.753925","175.229511","4Guys Autobarn"
"33788","2019 Mazda 6 Gsx 2.5L Auto Sedan (NZ New)","2019 Mazda 6 Gsx 2.5L Auto Sedan (NZ New)","https://www.4guys.co.nz/vehicle-details?id=3972746","Mazda","6","2019","127165","KM","https://data.autoplay.co.nz/image.ashx?id=97573049&w=800&h=600&l=true","Automatic","SEDAN","","19800 NZD","Red","Used","GASOLINE","","available","car_truck","20 Arthur Porter Drive","Hamilton","Waikato","New Zealand","-37.753925","175.229511","4Guys Autobarn"
"33789","2016 Holden Captiva Lt 3.0L 4WD 7 Seater Auto 5 Door (NZ New)","2016 Holden Captiva Lt 3.0L 4WD 7 Seater Auto 5 Door (NZ New)","https://www.4guys.co.nz/vehicle-details?id=3972747","Holden","Captiva","2016","110095","KM","https://data.autoplay.co.nz/image.ashx?id=97308735&w=800&h=600&l=true","Automatic","SUV","4X4","16800 NZD","Black","Used","GASOLINE","","available","car_truck","20 Arthur Porter Drive","Hamilton","Waikato","New Zealand","-37.753925","175.229511","4Guys Autobarn"
"33790","2019 Ford Ranger Xlt 4X4 D/Cab Auto 3.2L Turbo Diesel","2019 Ford Ranger Xlt 4X4 D/Cab Auto 3.2L Turbo Diesel","https://www.4guys.co.nz/vehicle-details?id=3973116","Ford","Ranger","2019","87785","KM","https://data.autoplay.co.nz/image.ashx?id=97769258&w=800&h=600&l=true","Automatic","OTHER","4X4","35800 NZD","Silver","Used","DIESEL","","available","car_truck","20 Arthur Porter Drive","Hamilton","Waikato","New Zealand","-37.753925","175.229511","4Guys Autobarn"
"33792","2014 Toyota Aqua S 1.5L Hybrid Auto 5 Door","2014 Toyota Aqua S 1.5L Hybrid Auto 5 Door","https://www.4guys.co.nz/vehicle-details?id=3973822","Toyota","Aqua","2014","88748","KM","https://data.autoplay.co.nz/image.ashx?id=97771564&w=800&h=600&l=true","Automatic","HATCHBACK","","12800 NZD","Purple","Used","HYBRID","","available","car_truck","20 Arthur Porter Drive","Hamilton","Waikato","New Zealand","-37.753925","175.229511","4Guys Autobarn"
"33795","2015 Mitsubishi Lancer Gsr 2.0L (NZ New) Auto Sedan","2015 Mitsubishi Lancer Gsr 2.0L (NZ New) Auto Sedan","https://www.4guys.co.nz/vehicle-details?id=3980582","Mitsubishi","Lancer","2015","41380","KM","https://data.autoplay.co.nz/image.ashx?id=97981624&w=800&h=600&l=true","Automatic","SEDAN","","19800 NZD","Silver","Used","GASOLINE","","available","car_truck","20 Arthur Porter Drive","Hamilton","Waikato","New Zealand","-37.753925","175.229511","4Guys Autobarn"
"33796","2022 Ford Ranger Xlt D/Cab 2WD (NZ New) Auto (10Spd) 2.0L Bi-Turbo Diesel","2022 Ford Ranger Xlt D/Cab 2WD (NZ New) Auto (10Spd) 2.0L Bi-Turbo Diesel","https://www.4guys.co.nz/vehicle-details?id=3980583","Ford","Ranger","2022","70642","KM","https://data.autoplay.co.nz/image.ashx?id=97981797&w=800&h=600&l=true","Automatic","OTHER","","32800 NZD","Silver","Used","DIESEL","","available","car_truck","20 Arthur Porter Drive","Hamilton","Waikato","New Zealand","-37.753925","175.229511","4Guys Autobarn"
"33797","2022 Ford Ranger Xlt D/Cab 2WD (NZ New) Auto (10Spd) 2.0L Bi-Turbo Diesel","2022 Ford Ranger Xlt D/Cab 2WD (NZ New) Auto (10Spd) 2.0L Bi-Turbo Diesel","https://www.4guys.co.nz/vehicle-details?id=3980584","Ford","Ranger","2022","60732","KM","https://data.autoplay.co.nz/image.ashx?id=98284310&w=800&h=600&l=true","Automatic","OTHER","","33800 NZD","Silver","Used","DIESEL","","available","car_truck","20 Arthur Porter Drive","Hamilton","Waikato","New Zealand","-37.753925","175.229511","4Guys Autobarn"
"33798","2022 Ford Ranger Xlt D/Cab 2WD (NZ New) Auto (10Spd) 2.0L Bi-Turbo Diesel","2022 Ford Ranger Xlt D/Cab 2WD (NZ New) Auto (10Spd) 2.0L Bi-Turbo Diesel","https://www.4guys.co.nz/vehicle-details?id=3980585","Ford","Ranger","2022","75090","KM","https://data.autoplay.co.nz/image.ashx?id=97769443&w=800&h=600&l=true","Automatic","OTHER","","32800 NZD","Silver","Used","DIESEL","","available","car_truck","20 Arthur Porter Drive","Hamilton","Waikato","New Zealand","-37.753925","175.229511","4Guys Autobarn"
"33799","2022 Hyundai Kona Elite 1.6T AWD Autoi 1.6L Turbo 5 Door (NZ New)","2022 Hyundai Kona Elite 1.6T AWD Autoi 1.6L Turbo 5 Door (NZ New)","https://www.4guys.co.nz/vehicle-details?id=3980586","Hyundai","Kona","2022","57262","KM","https://data.autoplay.co.nz/image.ashx?id=97771112&w=800&h=600&l=true","Automatic","HATCHBACK","AWD","27800 NZD","Red","Used","GASOLINE","","available","car_truck","20 Arthur Porter Drive","Hamilton","Waikato","New Zealand","-37.753925","175.229511","4Guys Autobarn"
"33800","2015 Mercedes-Benz A 45 Amg A-Class Auto 2.0L Turbo 5 Door 4WD","2015 Mercedes-Benz A 45 Amg A-Class Auto 2.0L Turbo 5 Door 4WD","https://www.4guys.co.nz/vehicle-details?id=3981147","Mercedes-Benz","A 45","2015","50215","KM","https://data.autoplay.co.nz/image.ashx?id=97442886&w=800&h=600&l=true","Automatic","HATCHBACK","4X4","29950 NZD","White","Used","GASOLINE","","available","car_truck","20 Arthur Porter Drive","Hamilton","Waikato","New Zealand","-37.753925","175.229511","4Guys Autobarn"
"33801","2017 Audi S3 2.0T Quattro Sedan Auto 4 Door","2017 Audi S3 2.0T Quattro Sedan Auto 4 Door","https://www.4guys.co.nz/vehicle-details?id=3981148","Audi","S3","2017","50300","KM","https://data.autoplay.co.nz/image.ashx?id=97442903&w=800&h=600&l=true","Automatic","SEDAN","4X4","34800 NZD","White","Used","GASOLINE","","available","car_truck","20 Arthur Porter Drive","Hamilton","Waikato","New Zealand","-37.753925","175.229511","4Guys Autobarn"
"33802","2016 Audi S3 2.0T Quattro Sportback Auto 2.0L Turbo 5 Door 4WD","2016 Audi S3 2.0T Quattro Sportback Auto 2.0L Turbo 5 Door 4WD","https://www.4guys.co.nz/vehicle-details?id=3981149","Audi","S3","2016","37420","KM","https://data.autoplay.co.nz/image.ashx?id=97442938&w=800&h=600&l=true","Automatic","HATCHBACK","4X4","34800 NZD","White","Used","GASOLINE","","available","car_truck","20 Arthur Porter Drive","Hamilton","Waikato","New Zealand","-37.753925","175.229511","4Guys Autobarn"
"33805","2014 Bmw 116i M Sport Hatch Back (Facelift) Auto 1.6L 5 Door","2014 Bmw 116i M Sport Hatch Back (Facelift) Auto 1.6L 5 Door","https://www.4guys.co.nz/vehicle-details?id=3982508","BMW","116i","2014","56935","KM","https://data.autoplay.co.nz/image.ashx?id=97770355&w=800&h=600&l=true","Automatic","HATCHBACK","","13800 NZD","White","Used","GASOLINE","","available","car_truck","20 Arthur Porter Drive","Hamilton","Waikato","New Zealand","-37.753925","175.229511","4Guys Autobarn"
"33809","2018 Mercedes-Benz A 45 Amg A-Class Auto 2.0L Turbo 5 Door","2018 Mercedes-Benz A 45 Amg A-Class Auto 2.0L Turbo 5 Door","https://www.4guys.co.nz/vehicle-details?id=3982509","Mercedes-Benz","A 45","2018","36862","KM","https://data.autoplay.co.nz/image.ashx?id=97494518&w=800&h=600&l=true","Automatic","HATCHBACK","","38600 NZD","Black","Used","GASOLINE","","available","car_truck","20 Arthur Porter Drive","Hamilton","Waikato","New Zealand","-37.753925","175.229511","4Guys Autobarn"
"33811","2019 Chevrolet Corvette C7 Z51 3Lt Grand Sport Auto 6.2L V8 (470hp) Coupe","2019 Chevrolet Corvette C7 Z51 3Lt Grand Sport Auto 6.2L V8 (470hp) Coupe","https://www.4guys.co.nz/vehicle-details?id=3983077","Chevrolet","Corvette","2019","29096","KM","https://data.autoplay.co.nz/image.ashx?id=97572723&w=800&h=600&l=true","Automatic","COUPE","","129800 NZD","White","Used","GASOLINE","","available","car_truck","20 Arthur Porter Drive","Hamilton","Waikato","New Zealand","-37.753925","175.229511","4Guys Autobarn"
"33791","2021 Hyundai Tucson Elite Mpi 2.0L (NZ New) Auto 5 Door","2021 Hyundai Tucson Elite Mpi 2.0L (NZ New) Auto 5 Door","https://www.4guys.co.nz/vehicle-details?id=3983083","Hyundai","Tucson","2021","36647","KM","https://data.autoplay.co.nz/image.ashx?id=97738333&w=800&h=600&l=true","Automatic","SUV","","32800 NZD","Grey","Used","GASOLINE","","available","car_truck","20 Arthur Porter Drive","Hamilton","Waikato","New Zealand","-37.753925","175.229511","4Guys Autobarn"
"33810","2017 Toyota C-Hr G 1.8L Hybrid Auto 5 Door 2WD","2017 Toyota C-Hr G 1.8L Hybrid Auto 5 Door 2WD","https://www.4guys.co.nz/vehicle-details?id=3983085","Toyota","C-HR","2017","72377","KM","https://data.autoplay.co.nz/image.ashx?id=97499268&w=800&h=600&l=true","Automatic","SUV","","24800 NZD","Silver","Used","HYBRID","","available","car_truck","20 Arthur Porter Drive","Hamilton","Waikato","New Zealand","-37.753925","175.229511","4Guys Autobarn"
"33758","2011 Kia Optima Ex 2.4L (Facelift) Auto Sedan","2011 Kia Optima Ex 2.4L (Facelift) Auto Sedan","https://www.4guys.co.nz/vehicle-details?id=3983217","Kia","Optima","2011","129000","KM","https://data.autoplay.co.nz/image.ashx?id=97771660&w=800&h=600&l=true","Automatic","SEDAN","","13800 NZD","Grey","Used","GASOLINE","","available","car_truck","20 Arthur Porter Drive","Hamilton","Waikato","New Zealand","-37.753925","175.229511","4Guys Autobarn"
"33807","2022 Mitsubishi Outlander Vrx 2.5L 7 Seater Auto 5 Door 4WD 9NZ New)","2022 Mitsubishi Outlander Vrx 2.5L 7 Seater Auto 5 Door 4WD 9NZ New)","https://www.4guys.co.nz/vehicle-details?id=3983219","Mitsubishi","Outlander","2022","62116","KM","https://data.autoplay.co.nz/image.ashx?id=97982219&w=800&h=600&l=true","Automatic","SUV","4X4","38950 NZD","Black","Used","GASOLINE","","available","car_truck","20 Arthur Porter Drive","Hamilton","Waikato","New Zealand","-37.753925","175.229511","4Guys Autobarn"
"33812","2021 Mitsubishi Outlander Ls 2.4L 7 Seater (NZ New) Auto 5 Door 2WD","2021 Mitsubishi Outlander Ls 2.4L 7 Seater (NZ New) Auto 5 Door 2WD","https://www.4guys.co.nz/vehicle-details?id=3983220","Mitsubishi","Outlander","2021","93050","KM","https://data.autoplay.co.nz/image.ashx?id=97499890&w=800&h=600&l=true","Automatic","SUV","","24800 NZD","Black","Used","GASOLINE","","available","car_truck","20 Arthur Porter Drive","Hamilton","Waikato","New Zealand","-37.753925","175.229511","4Guys Autobarn"
"33813","2016 Chevrolet Camaro 2SS Coupe (2016) Auto 6.2L V8 (455hp) Coupe","2016 Chevrolet Camaro 2SS Coupe (2016) Auto 6.2L V8 (455hp) Coupe","https://www.4guys.co.nz/vehicle-details?id=3985522","Chevrolet","Camaro","2016","31340","KM","https://data.autoplay.co.nz/image.ashx?id=97770797&w=800&h=600&l=true","Automatic","COUPE","","72800 NZD","White","Used","GASOLINE","","available","car_truck","20 Arthur Porter Drive","Hamilton","Waikato","New Zealand","-37.753925","175.229511","4Guys Autobarn"
"33563","2023 Hyundai Santa Fe Limited 7 Seater (NZ New) Auto 2.2L Turbo Diesel","2023 Hyundai Santa Fe Limited 7 Seater (NZ New) Auto 2.2L Turbo Diesel","https://www.4guys.co.nz/vehicle-details?id=3986180","Hyundai","Santa Fe","2023","26140","KM","https://data.autoplay.co.nz/image.ashx?id=97611518&w=800&h=600&l=true","Automatic","SUV","","59800 NZD","Blue","Used","DIESEL","","available","car_truck","20 Arthur Porter Drive","Hamilton","Waikato","New Zealand","-37.753925","175.229511","4Guys Autobarn"
"33815","2016 Mercedes-Benz Gla 45 Amg 4Matic Auto 2.0L Turbo 5 Door 4WD","2016 Mercedes-Benz Gla 45 Amg 4Matic Auto 2.0L Turbo 5 Door 4WD","https://www.4guys.co.nz/vehicle-details?id=3988462","Mercedes-Benz","GLA 45","2016","54693","KM","https://data.autoplay.co.nz/image.ashx?id=97710123&w=800&h=600&l=true","Automatic","SUV","4X4","32800 NZD","White","Used","GASOLINE","","available","car_truck","20 Arthur Porter Drive","Hamilton","Waikato","New Zealand","-37.753925","175.229511","4Guys Autobarn"
"33817","2014 Ford Ranger Xl C/Cab Flatdeck 4X4 6Spd Manual 3.2L Turbo Diesel (NZ New)","2014 Ford Ranger Xl C/Cab Flatdeck 4X4 6Spd Manual 3.2L Turbo Diesel (NZ New)","https://www.4guys.co.nz/vehicle-details?id=3990061","Ford","Ranger","2014","136158","KM","https://data.autoplay.co.nz/image.ashx?id=97982080&w=800&h=600&l=true","Manual","OTHER","4X4","24800 NZD","White","Used","DIESEL","","available","car_truck","20 Arthur Porter Drive","Hamilton","Waikato","New Zealand","-37.753925","175.229511","4Guys Autobarn"
"33819","2007 Holden Commodore Ve Sv6 Auto 3.6L Sedan (NZ New)","2007 Holden Commodore Ve Sv6 Auto 3.6L Sedan (NZ New)","https://www.4guys.co.nz/vehicle-details?id=3990062","Holden","Commodore","2007","168800","KM","https://data.autoplay.co.nz/image.ashx?id=97770417&w=800&h=600&l=true","Automatic","SEDAN","","15900 NZD","White","Used","GASOLINE","","available","car_truck","20 Arthur Porter Drive","Hamilton","Waikato","New Zealand","-37.753925","175.229511","4Guys Autobarn"
"33823","2020 Holden Acadia Lt 7 Seater (NZ New) Auto 3.6L 5 Door 4WD","2020 Holden Acadia Lt 7 Seater (NZ New) Auto 3.6L 5 Door 4WD","https://www.4guys.co.nz/vehicle-details?id=3990366","Holden","Acadia","2020","83258","KM","https://data.autoplay.co.nz/image.ashx?id=97983507&w=800&h=600&l=true","Automatic","SUV","4X4","28950 NZD","Black","Used","GASOLINE","","available","car_truck","20 Arthur Porter Drive","Hamilton","Waikato","New Zealand","-37.753925","175.229511","4Guys Autobarn"
"33825","2019 Holden Commodore Lt Wagon Auto 2.0L Turbo (NZ New)","2019 Holden Commodore Lt Wagon Auto 2.0L Turbo (NZ New)","https://www.4guys.co.nz/vehicle-details?id=3990368","Holden","Commodore","2019","95800","KM","https://data.autoplay.co.nz/image.ashx?id=98284655&w=800&h=600&l=true","Automatic","OTHER","","22800 NZD","Black","Used","GASOLINE","","available","car_truck","20 Arthur Porter Drive","Hamilton","Waikato","New Zealand","-37.753925","175.229511","4Guys Autobarn"
"33826","2020 Ford F150 Shelby Supersnake 4WD (770Hp) Auto 5.0L V8 S/C Regular Cab (Lh Steer)","2020 Ford F150 Shelby Supersnake 4WD (770Hp) Auto 5.0L V8 S/C Regular Cab (Lh Steer)","https://www.4guys.co.nz/vehicle-details?id=3993460","Ford","F150","2020","28894","KM","https://data.autoplay.co.nz/image.ashx?id=97983874&w=800&h=600&l=true","Automatic","OTHER","4X4","169800 NZD","Grey","Used","GASOLINE","","available","car_truck","20 Arthur Porter Drive","Hamilton","Waikato","New Zealand","-37.753925","175.229511","4Guys Autobarn"
"33832","2020 Dodge Challenger R/T Scatpack Widebody Auto 6.4L V8 (485hp) Coupe","2020 Dodge Challenger R/T Scatpack Widebody Auto 6.4L V8 (485hp) Coupe","https://www.4guys.co.nz/vehicle-details?id=3993461","Dodge","Challenger","2020","22182","KM","https://data.autoplay.co.nz/image.ashx?id=97981439&w=800&h=600&l=true","Automatic","COUPE","","109800 NZD","Indigo Blue","Used","GASOLINE","","available","car_truck","20 Arthur Porter Drive","Hamilton","Waikato","New Zealand","-37.753925","175.229511","4Guys Autobarn"
"33818","2009 Nissan X-Trail 20X 4WD Auto 2.0L 5 Door","2009 Nissan X-Trail 20X 4WD Auto 2.0L 5 Door","https://www.4guys.co.nz/vehicle-details?id=3993485","Nissan","X-Trail","2009","150134","KM","https://data.autoplay.co.nz/image.ashx?id=98284263&w=800&h=600&l=true","Automatic","SUV","4X4","11600 NZD","Silver","Used","GASOLINE","","available","car_truck","20 Arthur Porter Drive","Hamilton","Waikato","New Zealand","-37.753925","175.229511","4Guys Autobarn"
"33827","2022 Mitsubishi Triton Glxr D/Cab 2WD Auto 2.4L Turbo Diesel (NZ New)","2022 Mitsubishi Triton Glxr D/Cab 2WD Auto 2.4L Turbo Diesel (NZ New)","https://www.4guys.co.nz/vehicle-details?id=3993487","Mitsubishi","Triton","2022","97080","KM","https://data.autoplay.co.nz/image.ashx?id=97982123&w=800&h=600&l=true","Automatic","OTHER","","32800 NZD","White","Used","DIESEL","","available","car_truck","20 Arthur Porter Drive","Hamilton","Waikato","New Zealand","-37.753925","175.229511","4Guys Autobarn"
"33828","2018 Jeep Wrangler Sport Unlimted Auto 3.6L 5 Door 4WD (NZ New)","2018 Jeep Wrangler Sport Unlimted Auto 3.6L 5 Door 4WD (NZ New)","https://www.4guys.co.nz/vehicle-details?id=3993488","Jeep","Wrangler","2018","51920","KM","https://data.autoplay.co.nz/image.ashx?id=97982533&w=800&h=600&l=true","Automatic","SUV","4X4","44800 NZD","Black","Used","GASOLINE","","available","car_truck","20 Arthur Porter Drive","Hamilton","Waikato","New Zealand","-37.753925","175.229511","4Guys Autobarn"
"33829","2021 Renault Koleos Intens Sport 4WD Auto 2.5L 5 Door (NZ New)","2021 Renault Koleos Intens Sport 4WD Auto 2.5L 5 Door (NZ New)","https://www.4guys.co.nz/vehicle-details?id=3993489","Renault","Koleos","2021","55700","KM","https://data.autoplay.co.nz/image.ashx?id=97981718&w=800&h=600&l=true","Automatic","SUV","4X4","32800 NZD","Grey","Used","GASOLINE","","available","car_truck","20 Arthur Porter Drive","Hamilton","Waikato","New Zealand","-37.753925","175.229511","4Guys Autobarn"
"33833","2023 Nissan X-Trail ST-L 7 Seater 2.5L Auto 5 Door 4WD (Facelift - NZ New)","2023 Nissan X-Trail ST-L 7 Seater 2.5L Auto 5 Door 4WD (Facelift - NZ New)","https://www.4guys.co.nz/vehicle-details?id=3993493","Nissan","X-Trail","2023","103680","KM","https://data.autoplay.co.nz/image.ashx?id=97808235&w=800&h=600&l=true","Automatic","SUV","4X4","31800 NZD","Blue","Used","GASOLINE","","available","car_truck","20 Arthur Porter Drive","Hamilton","Waikato","New Zealand","-37.753925","175.229511","4Guys Autobarn"
"33834","2023 Hyundai Santa Fe Limited 7 Seater (NZ New) Auto 2.2L Turbo Diesel 4WD","2023 Hyundai Santa Fe Limited 7 Seater (NZ New) Auto 2.2L Turbo Diesel 4WD","https://www.4guys.co.nz/vehicle-details?id=3993494","Hyundai","Santa Fe","2023","47925","KM","https://data.autoplay.co.nz/image.ashx?id=97981914&w=800&h=600&l=true","Automatic","SUV","4X4","54800 NZD","Black","Used","DIESEL","","available","car_truck","20 Arthur Porter Drive","Hamilton","Waikato","New Zealand","-37.753925","175.229511","4Guys Autobarn"
"33836","2012 Mazda 2 Sports 1.5L (NZ New) Auto 5 Door Hatch Back","2012 Mazda 2 Sports 1.5L (NZ New) Auto 5 Door Hatch Back","https://www.4guys.co.nz/vehicle-details?id=3995587","Mazda","2","2012","42480","KM","https://data.autoplay.co.nz/image.ashx?id=98284563&w=800&h=600&l=true","Automatic","HATCHBACK","","12800 NZD","Blue","Used","GASOLINE","","available","car_truck","20 Arthur Porter Drive","Hamilton","Waikato","New Zealand","-37.753925","175.229511","4Guys Autobarn"
"33839","2022 Chevrolet Corvette C8 (Factory Rhd) 3Lt Z51 Auto 6.2L V8 (495Hp) Convertible","2022 Chevrolet Corvette C8 (Factory Rhd) 3Lt Z51 Auto 6.2L V8 (495Hp) Convertible","https://www.4guys.co.nz/vehicle-details?id=3996990","Chevrolet","Corvette","2022","6280","KM","https://data.autoplay.co.nz/image.ashx?id=97981173&w=800&h=600&l=true","Automatic","CONVERTIBLE","","184800 NZD","Red","Used","GASOLINE","","available","car_truck","20 Arthur Porter Drive","Hamilton","Waikato","New Zealand","-37.753925","175.229511","4Guys Autobarn"
"33842","2019 Toyota Corolla Gx 2.0L Hatch Back Auto 5 Door (NZ New)","2019 Toyota Corolla Gx 2.0L Hatch Back Auto 5 Door (NZ New)","https://www.4guys.co.nz/vehicle-details?id=3998616","Toyota","Corolla","2019","65178","KM","https://data.autoplay.co.nz/image.ashx?id=97984344&w=800&h=600&l=true","Automatic","HATCHBACK","","21800 NZD","White","Used","GASOLINE","","available","car_truck","20 Arthur Porter Drive","Hamilton","Waikato","New Zealand","-37.753925","175.229511","4Guys Autobarn"
"33846","2022 Great Wall Cannon Luxury 4X4 Auto 2.0L Turbo Diesel D/Cab (NZ New)","2022 Great Wall Cannon Luxury 4X4 Auto 2.0L Turbo Diesel D/Cab (NZ New)","https://www.4guys.co.nz/vehicle-details?id=3998618","Great Wall","Cannon","2022","73840","KM","https://data.autoplay.co.nz/image.ashx?id=97984334&w=800&h=600&l=true","Automatic","OTHER","4X4","28950 NZD","Blue","Used","DIESEL","","available","car_truck","20 Arthur Porter Drive","Hamilton","Waikato","New Zealand","-37.753925","175.229511","4Guys Autobarn"
"33806","2013 Ford Mondeo 2.3L Liftback Auto 5 Door (NZ New)","2013 Ford Mondeo 2.3L Liftback Auto 5 Door (NZ New)","https://www.4guys.co.nz/vehicle-details?id=4001143","Ford","Mondeo","2013","150710","KM","https://data.autoplay.co.nz/image.ashx?id=98250725&w=800&h=600&l=true","Automatic","HATCHBACK","","8950 NZD","Silver","Used","GASOLINE","","available","car_truck","20 Arthur Porter Drive","Hamilton","Waikato","New Zealand","-37.753925","175.229511","4Guys Autobarn"
"33840","2012 Toyota Vitz 1.3L 5 Door Hatchback Auto 5 Door","2012 Toyota Vitz 1.3L 5 Door Hatchback Auto 5 Door","https://www.4guys.co.nz/vehicle-details?id=4001145","Toyota","Vitz","2012","140325","KM","https://data.autoplay.co.nz/image.ashx?id=98250745&w=800&h=600&l=true","Automatic","HATCHBACK","","7800 NZD","Silver","Used","GASOLINE","","available","car_truck","20 Arthur Porter Drive","Hamilton","Waikato","New Zealand","-37.753925","175.229511","4Guys Autobarn"
"33841","2017 Toyota C-Hr G 1.8L Hybrid Auto 5 Door 2WD","2017 Toyota C-Hr G 1.8L Hybrid Auto 5 Door 2WD","https://www.4guys.co.nz/vehicle-details?id=4001146","Toyota","C-HR","2017","126450","KM","https://data.autoplay.co.nz/image.ashx?id=98250758&w=800&h=600&l=true","Automatic","HATCHBACK","","21800 NZD","White","Used","HYBRID","","available","car_truck","20 Arthur Porter Drive","Hamilton","Waikato","New Zealand","-37.753925","175.229511","4Guys Autobarn"
"33851","2019 Dodge Challenger Hellcat Redeye (797Hp) Auto 6 .2L V8 S/C Widebody Coupe","2019 Dodge Challenger Hellcat Redeye (797Hp) Auto 6 .2L V8 S/C Widebody Coupe","https://www.4guys.co.nz/vehicle-details?id=4003834","Dodge","Challenger","2019","5910","KM","https://data.autoplay.co.nz/image.ashx?id=98250765&w=800&h=600&l=true","Automatic","COUPE","","159800 NZD","F8 Green","Used","GASOLINE","","available","car_truck","20 Arthur Porter Drive","Hamilton","Waikato","New Zealand","-37.753925","175.229511","4Guys Autobarn"
"33844","2014 Nissan Pathfinder Ti 3.5L 7 Seater (NZ New) Auto 5 Door 4WD","2014 Nissan Pathfinder Ti 3.5L 7 Seater (NZ New) Auto 5 Door 4WD","https://www.4guys.co.nz/vehicle-details?id=4003837","Nissan","Pathfinder","2014","98040","KM","https://data.autoplay.co.nz/image.ashx?id=98250824&w=800&h=600&l=true","Automatic","SUV","4X4","21950 NZD","Black","Used","GASOLINE","","available","car_truck","20 Arthur Porter Drive","Hamilton","Waikato","New Zealand","-37.753925","175.229511","4Guys Autobarn"
"33853","2015 Mazda 2 Gsx 1.5L Hatch Back (NZ New) Auto 5 Door","2015 Mazda 2 Gsx 1.5L Hatch Back (NZ New) Auto 5 Door","https://www.4guys.co.nz/vehicle-details?id=4003840","Mazda","2","2015","31135","KM","https://data.autoplay.co.nz/image.ashx?id=98250835&w=800&h=600&l=true","Automatic","HATCHBACK","","14800 NZD","Silver","Used","GASOLINE","","available","car_truck","20 Arthur Porter Drive","Hamilton","Waikato","New Zealand","-37.753925","175.229511","4Guys Autobarn"
"33852","2015 Toyota Auris 1.8L H/Back Auto 5 Door Hatch Back","2015 Toyota Auris 1.8L H/Back Auto 5 Door Hatch Back","https://www.4guys.co.nz/vehicle-details?id=4005693","Toyota","Auris","2015","62235","KM","https://data.autoplay.co.nz/image.ashx?id=98310613&w=800&h=600&l=true","Automatic","HATCHBACK","","16800 NZD","Silver","Used","GASOLINE","","available","car_truck","20 Arthur Porter Drive","Hamilton","Waikato","New Zealand","-37.753925","175.229511","4Guys Autobarn"
"33855","2017 Mitsubishi Lancer GTi 2.4L (NZ New) Auto Sedan","2017 Mitsubishi Lancer GTi 2.4L (NZ New) Auto Sedan","https://www.4guys.co.nz/vehicle-details?id=4005694","Mitsubishi","Lancer","2017","21870","KM","https://data.autoplay.co.nz/image.ashx?id=98310723&w=800&h=600&l=true","Automatic","SEDAN","","21800 NZD","Blue","Used","GASOLINE","","available","car_truck","20 Arthur Porter Drive","Hamilton","Waikato","New Zealand","-37.753925","175.229511","4Guys Autobarn"
"33816","2014 Volkswagen Golf GTI 2.0L Turbo Auto 5 Door (162Kw) NZ New","2014 Volkswagen Golf GTI 2.0L Turbo Auto 5 Door (162Kw) NZ New","https://www.4guys.co.nz/vehicle-details?id=4006088","Volkswagen","Golf GTI","2014","106720","KM","https://data.autoplay.co.nz/image.ashx?id=98310812&w=800&h=600&l=true","Automatic","HATCHBACK","","21800 NZD","Grey","Used","GASOLINE","","available","car_truck","20 Arthur Porter Drive","Hamilton","Waikato","New Zealand","-37.753925","175.229511","4Guys Autobarn"
"33850","2011 Bmw 325i M Sport 3.0L Auto Sedan (Facelift)","2011 Bmw 325i M Sport 3.0L Auto Sedan (Facelift)","https://www.4guys.co.nz/vehicle-details?id=4006089","BMW","325i","2011","113000","KM","https://data.autoplay.co.nz/image.ashx?id=98310817&w=800&h=600&l=true","Automatic","SEDAN","","11950 NZD","White","Used","GASOLINE","","available","car_truck","20 Arthur Porter Drive","Hamilton","Waikato","New Zealand","-37.753925","175.229511","4Guys Autobarn"
